batch_size,step_num,step_type,search_latency_ms,worker_partition_size,worker_scan_time_ms,worker_scan_throughput,worker_result_time_ms,recall_mean,recall_std_dev,gt_scan_mean,gt_scan_dev,mainteance_ms,index_mem_gb,num_partitions,num_vectors
1,2,search,3785,37.3093,123.379,27.6391,113.241,0.8551,0.130106,-1.0,-1.0,14.867,0.0184881,1000,38806
1,3,insert,22.387,-1.0,-1.0,-1.0,-1.0,19.853,0.022655,996,49334
1,4,search,3325.33,66.3453,498.773,15.8079,134.22,0.86686,0.128427,-1.0,-1.0,14.166,0.0226469,994,49334
1,5,insert,17.132,-1.0,-1.0,-1.0,-1.0,178.984,0.0330329,986,73557
1,6,search,2890.47,195.078,506.466,36.266,69.9005,0.92469,0.104049,-1.0,-1.0,126.666,0.0331418,987,73557
1,7,insert,23.973,-1.0,-1.0,-1.0,-1.0,123.843,0.0425911,988,95766
1,8,search,3110.59,247.911,652.613,34.9803,85.6366,0.92524,0.103379,-1.0,-1.0,20.529,0.0431778,991,95766
1,9,insert,3.424,-1.0,-1.0,-1.0,-1.0,5.196,0.0448706,991,100025
1,10,search,2884.13,255.196,571.217,36.791,61.7057,0.92675,0.10077,-1.0,-1.0,15.297,0.0448853,993,100025
1,11,insert,9.188,-1.0,-1.0,-1.0,-1.0,8.919,0.049778,994,111417
1,12,search,2938.43,297.254,608.654,39.9052,56.7331,0.92675,0.101492,-1.0,-1.0,6.847,0.049778,994,111417
1,13,insert,18.772,-1.0,-1.0,-1.0,-1.0,8.226,0.0609625,995,137139
1,14,search,3020.59,341.923,685.157,40.5329,63.1383,0.92349,0.103267,-1.0,-1.0,6.957,0.0609625,995,137139
1,15,insert,14.916,-1.0,-1.0,-1.0,-1.0,6.711,0.0694257,995,156710
1,16,search,3104.07,382.93,752.239,41.562,59.1598,0.92282,0.103406,-1.0,-1.0,9.077,0.0694257,995,156710
1,17,insert,8.896,-1.0,-1.0,-1.0,-1.0,11.447,0.0717203,996,161773
1,18,search,3161.34,402.544,821.252,40.8878,60.7769,0.92393,0.102988,-1.0,-1.0,7.068,0.0717203,996,161773
1,19,insert,30.933,-1.0,-1.0,-1.0,-1.0,10.81,0.0786942,998,177161
1,20,search,3227.24,445.222,884.604,41.1437,65.1267,0.92707,0.100522,-1.0,-1.0,6.789,0.0786942,998,177161
1,21,insert,314.978,-1.0,-1.0,-1.0,-1.0,114.326,0.199732,1021,448898
1,22,search,4248.28,964.817,1849.48,43.8901,77.0617,0.91928,0.101702,-1.0,-1.0,23.899,0.199731,1025,448898
1,23,insert,366.365,-1.0,-1.0,-1.0,-1.0,242.808,0.328243,1061,733493
1,24,search,5223.19,1355.54,2695.07,44.089,87.3084,0.91399,0.104408,-1.0,-1.0,85.314,0.328353,1074,733493
1,25,insert,45.219,-1.0,-1.0,-1.0,-1.0,17.364,0.345328,1076,777443
1,26,search,5245.3,1342.13,2710.74,44.9455,86.0274,0.91329,0.104989,-1.0,-1.0,24.434,0.345389,1078,777443
1,27,insert,35.048,-1.0,-1.0,-1.0,-1.0,16.123,0.357044,1079,805394
1,28,search,5288.02,1364.22,2781.47,44.2439,75.1515,0.91349,0.104892,-1.0,-1.0,10.499,0.357044,1079,805394
1,29,insert,56.958,-1.0,-1.0,-1.0,-1.0,41.567,0.384589,1083,866391
1,30,search,5548.82,1446.01,2984.79,43.7879,82.3114,0.91582,0.104342,-1.0,-1.0,25.692,0.384588,1085,866391
1,31,insert,422.614,-1.0,-1.0,-1.0,-1.0,369.032,0.552831,1137,1239816
1,32,search,6484.85,1754.01,3793.11,44.7031,95.442,0.90782,0.11124,-1.0,-1.0,98.829,0.553106,1145,1239816
1,33,insert,48.956,-1.0,-1.0,-1.0,-1.0,26.499,0.572978,1147,1291211
1,34,search,6065.62,1766.98,3830.63,43.4618,133.003,0.90787,0.110891,-1.0,-1.0,30.445,0.573056,1151,1291211
1,35,insert,17.035,-1.0,-1.0,-1.0,-1.0,13.122,0.58561,1154,1324978
1,36,search,6158.2,1805.8,3984.08,42.4427,142.275,0.90906,0.109653,-1.0,-1.0,16.141,0.585611,1156,1324978
1,37,insert,22.374,-1.0,-1.0,-1.0,-1.0,15.824,0.606138,1159,1371885
1,38,search,6214.9,1832.85,4103.54,42.1518,121.88,0.90837,0.109156,-1.0,-1.0,9.333,0.606138,1160,1371885
1,39,insert,4.037,-1.0,-1.0,-1.0,-1.0,5.494,0.609136,1160,1379335
1,40,search,6230.58,1838.05,4078.69,42.4024,138.418,0.90914,0.109277,-1.0,-1.0,5.65,0.609136,1160,1379335
1,41,insert,18.99,-1.0,-1.0,-1.0,-1.0,24.053,0.624517,1167,1413312
1,42,search,6290.95,1843.49,4104.89,42.5103,144.977,0.9092,0.109146,-1.0,-1.0,6.847,0.624517,1167,1413312
1,43,insert,8.684,-1.0,-1.0,-1.0,-1.0,5.847,0.628827,1167,1423411
1,44,search,6309.64,1860.65,4146.07,42.6457,147.334,0.90928,0.10923,-1.0,-1.0,9.242,0.628926,1168,1423411
1,45,insert,122.838,-1.0,-1.0,-1.0,-1.0,23.429,0.644478,1174,1457559
1,46,search,6409.69,1864.54,4236.68,42.2779,131.543,0.90922,0.108792,-1.0,-1.0,6.054,0.644478,1174,1457559
1,47,insert,152.893,-1.0,-1.0,-1.0,-1.0,166.458,0.749589,1207,1688593
1,48,search,6849.46,1993.82,4611.11,43.1549,143.331,0.91021,0.11023,-1.0,-1.0,45.272,0.749588,1213,1688593
1,49,insert,23.842,-1.0,-1.0,-1.0,-1.0,19.125,0.76327,1217,1723505
1,50,search,7514.42,1998.37,4690.69,43.6195,126.381,0.91018,0.110305,-1.0,-1.0,48.201,0.76327,1222,1723505
1,51,insert,344.024,-1.0,-1.0,-1.0,-1.0,281.148,0.903601,1260,2035040
1,52,search,8223.79,2179.1,5222.98,44.0729,133.694,0.91288,0.108774,-1.0,-1.0,45.215,0.903645,1266,2035040
1,53,insert,47.757,-1.0,-1.0,-1.0,-1.0,43.854,0.919307,1271,2078341
1,54,search,8576.35,2186.31,5404.67,43.383,176.64,0.91218,0.10951,-1.0,-1.0,16.129,0.919307,1272,2078341
1,55,insert,341.624,-1.0,-1.0,-1.0,-1.0,460.007,1.06855,1324,2399905
1,56,search,8978.33,2346.21,5802.4,44.668,131.651,0.91284,0.110422,-1.0,-1.0,113.359,1.06854,1339,2399905
1,57,insert,21.295,-1.0,-1.0,-1.0,-1.0,29.739,1.07722,1342,2419836
1,58,search,9327.29,2301.44,5997,42.8207,203.886,0.91248,0.110721,-1.0,-1.0,57.387,1.07727,1349,2419836
1,59,insert,199.379,-1.0,-1.0,-1.0,-1.0,133.02,1.17411,1359,2643083
1,60,search,10012.5,2354.41,6530.65,41.4958,232.145,0.90538,0.118027,-1.0,-1.0,37.425,1.17435,1363,2643083
1,61,insert,9.867,-1.0,-1.0,-1.0,-1.0,19.637,1.17818,1365,2653064
1,62,search,9832.52,2352.24,6385.87,42.6507,219.92,0.90556,0.117893,-1.0,-1.0,12.892,1.17818,1365,2653064
1,63,insert,6.054,-1.0,-1.0,-1.0,-1.0,10.762,1.17953,1365,2656118
1,64,search,10192.3,2354.98,6697.38,41.5597,251.818,0.9056,0.117788,-1.0,-1.0,11.898,1.17953,1365,2656118
1,65,insert,98.426,-1.0,-1.0,-1.0,-1.0,94.471,1.20713,1379,2723424
1,66,search,10039.7,2388.06,6549.52,42.8488,228.75,0.90587,0.116739,-1.0,-1.0,10.542,1.20713,1379,2723424
1,67,insert,49.952,-1.0,-1.0,-1.0,-1.0,74.185,1.22813,1389,2769021
1,68,search,10173.6,2412.89,6650.6,42.7387,230.066,0.90719,0.115754,-1.0,-1.0,21.209,1.22813,1391,2769021
1,69,insert,58.218,-1.0,-1.0,-1.0,-1.0,94.162,1.253,1405,2821777
1,70,search,10516,2409.48,6925.21,42.0111,239.788,0.9089,0.114001,-1.0,-1.0,20.128,1.253,1406,2821777
1,71,insert,18.77,-1.0,-1.0,-1.0,-1.0,34.657,1.25883,1410,2834921
1,72,search,10271.6,2409.78,6702.08,42.9864,236.982,0.90928,0.113768,-1.0,-1.0,10.665,1.25883,1410,2834921
1,73,insert,8.635,-1.0,-1.0,-1.0,-1.0,16.66,1.26198,1411,2842044
1,74,search,9740.84,2412.95,6254.09,45.6657,159.176,0.90928,0.113847,-1.0,-1.0,10.689,1.26198,1411,2842044
1,75,insert,19.928,-1.0,-1.0,-1.0,-1.0,15.047,1.26802,1412,2858890
1,76,search,10518.9,2424.08,6924.59,41.9049,253.551,0.9093,0.113967,-1.0,-1.0,12.707,1.26802,1412,2858890
1,77,insert,54.962,-1.0,-1.0,-1.0,-1.0,10.745,1.27732,1412,2882818
1,78,search,9844.91,2438.56,6487.59,44.8724,157.39,0.90886,0.114312,-1.0,-1.0,11.612,1.27732,1412,2882818
1,79,insert,492.447,-1.0,-1.0,-1.0,-1.0,15.727,1.30319,1413,2947806
1,80,search,9812.94,2473.56,6475.73,45.6723,148.727,0.90878,0.11491,-1.0,-1.0,11.012,1.30319,1413,2947806
1,81,insert,38.534,-1.0,-1.0,-1.0,-1.0,34.242,1.31603,1417,2976895
1,82,search,10782.6,2481.72,7169.91,42.2771,250.094,0.91008,0.114578,-1.0,-1.0,10.872,1.31603,1417,2976895
1,83,insert,16.428,-1.0,-1.0,-1.0,-1.0,21.647,1.32033,1419,2990682
1,84,search,10481.1,2486.87,6933.22,42.8404,234.899,0.91031,0.114278,-1.0,-1.0,10.855,1.32033,1419,2990682
1,85,insert,36.714,-1.0,-1.0,-1.0,-1.0,66.408,1.33517,1428,3025613
1,86,search,10958.9,2487.36,7264.06,41.5189,256.016,0.91121,0.113506,-1.0,-1.0,12.382,1.33517,1428,3025613
1,87,insert,596.553,-1.0,-1.0,-1.0,-1.0,771.492,1.54412,1525,3468632
1,88,search,10710.7,2625.43,6950.78,49.4382,152.406,0.91465,0.110027,-1.0,-1.0,102.949,1.54412,1536,3468632
1,89,insert,388.993,-1.0,-1.0,-1.0,-1.0,546.679,1.70299,1621,3831692
1,90,search,11460.6,2676.72,7457.92,49.8344,167.728,0.91857,0.105217,-1.0,-1.0,83.643,1.70312,1631,3831692
1,91,insert,36.012,-1.0,-1.0,-1.0,-1.0,42.801,1.71484,1636,3864067
1,92,search,11502.3,2666.19,7461.36,49.929,168.55,0.91854,0.104939,-1.0,-1.0,18.883,1.71484,1637,3864067
1,93,insert,260.794,-1.0,-1.0,-1.0,-1.0,216.863,1.81984,1667,4103827
1,94,search,11974.2,2730.51,7854.67,49.5306,169.955,0.91917,0.104363,-1.0,-1.0,43.275,1.82031,1671,4103827
1,95,insert,15.929,-1.0,-1.0,-1.0,-1.0,25.121,1.82549,1673,4119898
1,96,search,11664.1,2731.89,7601.26,51.2247,157.338,0.91886,0.104689,-1.0,-1.0,13.494,1.82549,1673,4119898
1,97,insert,10.72,-1.0,-1.0,-1.0,-1.0,11.919,1.82885,1673,4129367
1,98,search,11634.6,2738.02,7562.77,51.4114,157.134,0.91903,0.104409,-1.0,-1.0,22.273,1.82904,1674,4129367
1,99,insert,7.491,-1.0,-1.0,-1.0,-1.0,35.034,1.83165,1677,4134502
1,100,search,11260.7,2731.02,7110.69,53.8225,184.328,0.91916,0.104433,-1.0,-1.0,15.279,1.83165,1677,4134502
1,101,insert,43.514,-1.0,-1.0,-1.0,-1.0,46.428,1.84224,1681,4164482
1,102,search,11354.1,2738.92,7203.75,53.8262,182.13,0.9194,0.104258,-1.0,-1.0,36.416,1.84262,1683,4164482
1,103,insert,23.342,-1.0,-1.0,-1.0,-1.0,28.387,1.84878,1685,4178601
1,104,search,11405,2738.08,7285.04,53.7341,188.22,0.91927,0.104453,-1.0,-1.0,14.105,1.84878,1685,4178601
1,105,insert,12.676,-1.0,-1.0,-1.0,-1.0,13.952,1.8525,1685,4187774
1,106,search,11425.8,2742.9,7310.29,53.4763,186.545,0.9192,0.104682,-1.0,-1.0,14.422,1.8525,1685,4187774
1,107,insert,23.042,-1.0,-1.0,-1.0,-1.0,14.452,1.85734,1685,4200109
1,108,search,11383,2747.93,7264.48,53.8799,191.977,0.91913,0.104803,-1.0,-1.0,14.726,1.85734,1685,4200109
1,109,insert,503.849,-1.0,-1.0,-1.0,-1.0,545.69,2.01627,1754,4557867
1,110,search,12218.1,2831.26,7884.1,53.4149,196.997,0.92093,0.103273,-1.0,-1.0,59.129,2.01635,1759,4557867
1,111,insert,31.183,-1.0,-1.0,-1.0,-1.0,57.71,2.02804,1766,4587252
1,112,search,12158.6,2827.1,7805.16,54.0157,203.579,0.92092,0.10365,-1.0,-1.0,26.72,2.02804,1767,4587252
1,113,insert,15.282,-1.0,-1.0,-1.0,-1.0,30.25,2.03355,1769,4600056
1,114,search,12152.9,2828.49,7777.04,53.9462,201.596,0.92123,0.103552,-1.0,-1.0,17.603,2.03355,1769,4600056
1,115,insert,34.56,-1.0,-1.0,-1.0,-1.0,81.217,2.04379,1777,4627422
1,116,search,11978.3,2830.5,7549.56,55.465,205.494,0.9215,0.103574,-1.0,-1.0,20.763,2.04379,1777,4627422
1,117,insert,15.109,-1.0,-1.0,-1.0,-1.0,36.899,2.04898,1779,4639292
1,118,search,12016.9,2830.85,7655.57,55.2289,197.973,0.92157,0.103415,-1.0,-1.0,20.554,2.04898,1779,4639292
1,119,insert,7.973,-1.0,-1.0,-1.0,-1.0,18.857,2.05149,1779,4643423
1,120,search,12069.6,2833.13,7713.78,55.1761,205.377,0.92159,0.103442,-1.0,-1.0,19.858,2.05149,1779,4643423
1,121,insert,19.077,-1.0,-1.0,-1.0,-1.0,43.392,2.05663,1781,4657252
1,122,search,12116.2,2839.72,7708.93,55.6766,213.701,0.92204,0.103013,-1.0,-1.0,32.465,2.05676,1782,4657252
1,123,insert,419.067,-1.0,-1.0,-1.0,-1.0,480.673,2.18611,1833,4938477
1,124,search,12465.8,2889.27,8168.1,54.9565,208.725,0.92286,0.10317,-1.0,-1.0,96.912,2.1872,1846,4938477
1,125,insert,30.611,-1.0,-1.0,-1.0,-1.0,28.761,2.20207,1850,4980492
1,126,search,12378.7,2880.28,8152.51,54.9982,217.429,0.92341,0.102812,-1.0,-1.0,79.455,2.2024,1856,4980492
1,127,insert,65.364,-1.0,-1.0,-1.0,-1.0,121.569,2.22632,1870,5030515
1,128,search,12348.5,2875.3,7859.23,56.4721,240.335,0.92417,0.102472,-1.0,-1.0,24.283,2.22632,1870,5030515
1,129,delete,36.478,-1.0,-1.0,-1.0,-1.0,86.525,2.22469,1841,5009391
1,130,search,12111.7,2862.32,7771.58,56.4938,240.538,0.92291,0.103255,-1.0,-1.0,23.811,2.22469,1841,5009391
1,131,delete,11.548,-1.0,-1.0,-1.0,-1.0,23.061,2.22469,1841,5004093
1,132,search,12099.6,2859.86,7734.39,56.7888,247.63,0.92283,0.103196,-1.0,-1.0,23.387,2.22469,1841,5004093
1,133,delete,21.076,-1.0,-1.0,-1.0,-1.0,21.575,2.22466,1841,4991787
1,134,search,12120.1,2846.14,7765.53,56.7113,242.325,0.92254,0.103569,-1.0,-1.0,22.749,2.22466,1841,4991787
1,135,delete,26.94,-1.0,-1.0,-1.0,-1.0,58.538,2.22255,1838,4974857
1,136,search,12020.7,2838.41,7668.07,56.8352,244.183,0.92233,0.103418,-1.0,-1.0,22.886,2.22255,1838,4974857
1,137,delete,5.193,-1.0,-1.0,-1.0,-1.0,22.099,2.22255,1838,4971386
1,138,search,12031.9,2835.79,7699.79,56.6013,228.429,0.92228,0.103551,-1.0,-1.0,22.53,2.22255,1838,4971386
1,139,delete,9.713,-1.0,-1.0,-1.0,-1.0,21.825,2.22255,1838,4963487
1,140,search,11927,2829.35,7574.33,56.8145,240.635,0.92224,0.103487,-1.0,-1.0,22.12,2.22255,1838,4963487
1,141,delete,27.769,-1.0,-1.0,-1.0,-1.0,66.696,2.21859,1832,4941830
1,142,search,11882,2821.04,7554.4,56.6701,222.259,0.92197,0.103563,-1.0,-1.0,25.841,2.21859,1832,4941830
1,143,delete,39.792,-1.0,-1.0,-1.0,-1.0,65.033,2.2149,1829,4925657
1,144,search,11910.3,2815.94,7570.8,56.86,241.551,0.92213,0.103521,-1.0,-1.0,23.662,2.2149,1829,4925657
1,145,delete,5.403,-1.0,-1.0,-1.0,-1.0,22.059,2.2149,1829,4922686
1,146,search,11918.2,2812.87,7581.51,56.8352,236.277,0.92198,0.103692,-1.0,-1.0,23.144,2.2149,1829,4922686
1,147,delete,16.425,-1.0,-1.0,-1.0,-1.0,22.267,2.2149,1829,4913636
1,148,search,11927.4,2805.55,7634.91,56.5437,221.554,0.92185,0.103767,-1.0,-1.0,22.954,2.2149,1829,4913636
1,149,delete,240.376,-1.0,-1.0,-1.0,-1.0,737.648,2.13462,1751,4717250
1,150,search,11279.2,2806.58,7273.29,56.3604,226.08,0.92119,0.103966,-1.0,-1.0,73.98,2.13549,1758,4717250
1,151,delete,150.739,-1.0,-1.0,-1.0,-1.0,976.145,2.06652,1683,4560269
2,2,search,2693.59,37.3093,118.243,33.621,56.2831,0.8551,0.130106,-1.0,-1.0,10.738,0.0184881,1000,38806
2,3,insert,12.852,-1.0,-1.0,-1.0,-1.0,14.997,0.0226681,998,49334
2,4,search,2740.54,66.7645,216.519,29.109,71.1175,0.86613,0.128797,-1.0,-1.0,12.267,0.0226611,997,49334
2,5,insert,24.602,-1.0,-1.0,-1.0,-1.0,172.348,0.0329766,993,73557
2,6,search,2920.69,193.743,485.51,37.5235,73.9561,0.92433,0.104255,-1.0,-1.0,111.999,0.0330819,995,73557
2,7,insert,31.824,-1.0,-1.0,-1.0,-1.0,102.906,0.0426107,995,95766
2,8,search,3067.69,246.253,604.228,38.0433,82.8645,0.92582,0.103612,-1.0,-1.0,90.335,0.0428012,997,95766
2,9,insert,3.562,-1.0,-1.0,-1.0,-1.0,77.996,0.0445267,997,100025
2,10,search,3181.5,255.431,703.457,33.8131,86.5186,0.92703,0.100737,-1.0,-1.0,80.067,0.0445267,997,100025
2,11,insert,12.959,-1.0,-1.0,-1.0,-1.0,83.044,0.0498592,998,111417
2,12,search,3131.1,301.481,711.53,39.0233,76.1398,0.92731,0.100772,-1.0,-1.0,81.149,0.0498592,998,111417
2,13,insert,24.282,-1.0,-1.0,-1.0,-1.0,80.176,0.061027,998,137139
2,14,search,3224.77,347.374,813.671,38.7823,77.9262,0.92407,0.103186,-1.0,-1.0,19.31,0.0610735,999,137139
2,15,insert,24.03,-1.0,-1.0,-1.0,-1.0,10.527,0.0698186,1000,156710
2,16,search,3407.07,382.315,879.493,36.8138,96.1963,0.92236,0.104082,-1.0,-1.0,19.38,0.0698219,1002,156710
2,17,insert,5.414,-1.0,-1.0,-1.0,-1.0,10.8,0.0717574,1003,161773
2,18,search,3372.1,397.142,852.074,38.5,93.8068,0.9226,0.103835,-1.0,-1.0,20.724,0.0720553,1007,161773
2,19,insert,32.923,-1.0,-1.0,-1.0,-1.0,9.911,0.0786767,1008,177161
2,20,search,3486.93,432.221,934.291,38.3532,99.7491,0.92598,0.100475,-1.0,-1.0,13.964,0.0786865,1010,177161
2,21,insert,325.44,-1.0,-1.0,-1.0,-1.0,147.799,0.201104,1044,448898
2,22,search,4517.68,896.136,1881.14,41.1039,117.432,0.91446,0.104467,-1.0,-1.0,41.228,0.201332,1054,448898
2,23,insert,374.091,-1.0,-1.0,-1.0,-1.0,262.331,0.328658,1110,733493
2,24,search,5501.58,1184.26,2695.2,41.127,134.214,0.90701,0.108066,-1.0,-1.0,77.494,0.328925,1123,733493
2,25,insert,35.336,-1.0,-1.0,-1.0,-1.0,31.249,0.345993,1127,777443
2,26,search,5669.21,1177.24,2650.57,41.734,141.019,0.90771,0.107577,-1.0,-1.0,24.881,0.346027,1129,777443
2,27,insert,47.015,-1.0,-1.0,-1.0,-1.0,25.65,0.357907,1132,805394
2,28,search,5672.26,1192.73,2814.07,41.4023,133.542,0.90763,0.108027,-1.0,-1.0,12.975,0.357914,1133,805394
2,29,insert,68.267,-1.0,-1.0,-1.0,-1.0,57.946,0.385733,1144,866391
2,30,search,5785.96,1241.86,2897.96,41.5407,134.085,0.9087,0.109043,-1.0,-1.0,27.03,0.385754,1147,866391
2,31,insert,449.087,-1.0,-1.0,-1.0,-1.0,343.852,0.553944,1209,1239816
2,32,search,6837.46,1513.27,3767.59,42.0494,165.172,0.90265,0.113124,-1.0,-1.0,88.955,0.553953,1217,1239816
2,33,insert,50.549,-1.0,-1.0,-1.0,-1.0,26.338,0.573596,1221,1291211
2,34,search,6806.24,1526.36,3746.12,42.5053,151.136,0.90287,0.112714,-1.0,-1.0,49.885,0.573606,1224,1291211
2,35,insert,33.195,-1.0,-1.0,-1.0,-1.0,31.44,0.585225,1230,1324978
2,36,search,6945.65,1551.71,3834.48,42.6607,148.921,0.90399,0.112372,-1.0,-1.0,53.639,0.585234,1234,1324978
2,37,insert,67.41,-1.0,-1.0,-1.0,-1.0,44.878,0.605375,1241,1371885
2,38,search,7062.01,1564.86,3962.01,42.5376,150.66,0.90363,0.112762,-1.0,-1.0,15.782,0.605375,1242,1371885
2,39,insert,9.348,-1.0,-1.0,-1.0,-1.0,15.499,0.608745,1244,1379335
2,40,search,6849.8,1562.69,3783.64,43.1409,153.353,0.9032,0.113324,-1.0,-1.0,9.812,0.608745,1244,1379335
2,41,insert,49.812,-1.0,-1.0,-1.0,-1.0,24.519,0.624458,1247,1413312
2,42,search,6965.62,1588.12,3854.94,43.4796,153.557,0.90416,0.113393,-1.0,-1.0,9.98,0.624458,1247,1413312
2,43,insert,9.939,-1.0,-1.0,-1.0,-1.0,12.987,0.627111,1248,1423411
2,44,search,7206.64,1599.71,4017.09,41.7536,174.271,0.90417,0.113371,-1.0,-1.0,9.694,0.627111,1248,1423411
2,45,insert,217.246,-1.0,-1.0,-1.0,-1.0,32.8,0.644387,1254,1457559
2,46,search,6983.44,1617.25,3865.84,43.9745,138.715,0.90527,0.112404,-1.0,-1.0,11.962,0.644387,1254,1457559
2,47,insert,321.031,-1.0,-1.0,-1.0,-1.0,251.386,0.748311,1288,1688593
2,48,search,8182.65,1755.36,4854.24,41.8663,193.871,0.90615,0.113797,-1.0,-1.0,103.553,0.748398,1297,1688593
2,49,insert,49.265,-1.0,-1.0,-1.0,-1.0,26.261,0.762867,1300,1723505
2,50,search,8180.66,1763.99,4833.36,41.6412,198.474,0.90775,0.112454,-1.0,-1.0,41.852,0.762867,1303,1723505
2,51,insert,366.805,-1.0,-1.0,-1.0,-1.0,234.55,0.901317,1341,2035040
2,52,search,8731.97,1950.21,5323.24,41.9332,203.019,0.91007,0.111707,-1.0,-1.0,43.734,0.901342,1346,2035040
2,53,insert,44.175,-1.0,-1.0,-1.0,-1.0,27.763,0.919668,1349,2078341
2,54,search,8775.63,1967.64,5295.41,41.81,216.702,0.91003,0.111613,-1.0,-1.0,12.773,0.919668,1349,2078341
2,55,insert,406.671,-1.0,-1.0,-1.0,-1.0,433.95,1.06736,1405,2399905
2,56,search,9541.8,2123.65,6015.5,42.1028,237.576,0.91051,0.112346,-1.0,-1.0,146.722,1.06781,1425,2399905
2,57,insert,26.869,-1.0,-1.0,-1.0,-1.0,24.34,1.07534,1428,2419836
2,58,search,9463.73,2068.54,5875.04,43.4426,216.588,0.91039,0.112441,-1.0,-1.0,35.542,1.07534,1430,2419836
2,59,insert,244.893,-1.0,-1.0,-1.0,-1.0,183.822,1.17537,1447,2643083
2,60,search,9837.96,2126,6181.49,42.6422,222.013,0.90453,0.118971,-1.0,-1.0,47.297,1.17539,1452,2643083
2,61,insert,13.908,-1.0,-1.0,-1.0,-1.0,11.008,1.18001,1452,2653064
2,62,search,9524.35,2122.91,5961.1,43.4819,214.458,0.90357,0.119918,-1.0,-1.0,17.606,1.18001,1452,2653064
2,63,insert,4.286,-1.0,-1.0,-1.0,-1.0,12.346,1.18096,1452,2656118
2,64,search,10208.1,2125.25,6436.3,41.3493,263.158,0.90378,0.119743,-1.0,-1.0,12.749,1.18096,1452,2656118
2,65,insert,96.667,-1.0,-1.0,-1.0,-1.0,95.514,1.20953,1469,2723424
2,66,search,10418.5,2151.43,6605.56,42.0996,268.614,0.90515,0.118597,-1.0,-1.0,11.854,1.20953,1469,2723424
2,67,insert,58.71,-1.0,-1.0,-1.0,-1.0,105.438,1.23187,1486,2769021
2,68,search,10125.7,2157.26,6416.3,43.2596,229.024,0.90598,0.11749,-1.0,-1.0,19.032,1.23186,1487,2769021
2,69,insert,59.606,-1.0,-1.0,-1.0,-1.0,71.285,1.25385,1496,2821777
2,70,search,10278.2,2173.76,6495.31,42.672,245.153,0.90789,0.115809,-1.0,-1.0,20.076,1.25385,1497,2821777
2,71,insert,19.627,-1.0,-1.0,-1.0,-1.0,31.304,1.25943,1500,2834921
2,72,search,10706.9,2182.26,6821.04,41.4029,269.086,0.9087,0.115093,-1.0,-1.0,16.304,1.25943,1501,2834921
2,73,insert,9.077,-1.0,-1.0,-1.0,-1.0,11.118,1.26323,1501,2842044
2,74,search,10638.5,2183.98,6752.34,41.6559,255.768,0.90865,0.11511,-1.0,-1.0,12.954,1.26323,1501,2842044
2,75,insert,27.074,-1.0,-1.0,-1.0,-1.0,27.216,1.26918,1503,2858890
2,76,search,10464.8,2192.33,6700.52,42.6117,232.054,0.90865,0.114788,-1.0,-1.0,22.55,1.26939,1504,2858890
2,77,insert,43.909,-1.0,-1.0,-1.0,-1.0,24.497,1.27774,1506,2882818
2,78,search,10563,2198.01,6786.69,42.3209,237.463,0.90813,0.115319,-1.0,-1.0,12.627,1.27774,1506,2882818
2,79,insert,447.347,-1.0,-1.0,-1.0,-1.0,18.206,1.30506,1508,2947806
2,80,search,10217.1,2227.32,6492.74,43.6831,228.57,0.90813,0.115769,-1.0,-1.0,12.153,1.30506,1508,2947806
2,81,insert,42.973,-1.0,-1.0,-1.0,-1.0,27.051,1.31812,1510,2976895
2,82,search,10192.8,2239.14,6520.05,43.7236,218.772,0.90903,0.115044,-1.0,-1.0,12.405,1.31812,1510,2976895
2,83,insert,17.137,-1.0,-1.0,-1.0,-1.0,11.534,1.32351,1510,2990682
2,84,search,10318.4,2250.37,6637.17,42.7786,213.924,0.90956,0.114619,-1.0,-1.0,11.789,1.32351,1510,2990682
2,85,insert,37.426,-1.0,-1.0,-1.0,-1.0,11.642,1.33752,1510,3025613
2,86,search,10074.1,2274.35,6411.84,44.3303,226.063,0.91042,0.114187,-1.0,-1.0,13.788,1.33752,1510,3025613
2,87,insert,572.751,-1.0,-1.0,-1.0,-1.0,667.37,1.54243,1602,3468632
2,88,search,11787.3,2421.35,7776.13,43.274,256.83,0.91413,0.110686,-1.0,-1.0,74.753,1.54243,1611,3468632
2,89,insert,407.292,-1.0,-1.0,-1.0,-1.0,429.672,1.69953,1676,3831692
2,90,search,10634.8,2542.81,6687.01,54.0863,176.149,0.91866,0.10478,-1.0,-1.0,78.924,1.70011,1684,3831692
2,91,insert,36.935,-1.0,-1.0,-1.0,-1.0,44.861,1.71202,1689,3864067
2,92,search,10929.5,2543.26,6772.59,53.6595,174.411,0.91899,0.104408,-1.0,-1.0,13.942,1.71202,1689,3864067
2,93,insert,276.752,-1.0,-1.0,-1.0,-1.0,281.679,1.81766,1724,4103827
2,94,search,11260.1,2606.64,7037.48,54.0505,181.927,0.91969,0.103577,-1.0,-1.0,64.073,1.81829,1730,4103827
2,95,insert,19.084,-1.0,-1.0,-1.0,-1.0,35.414,1.82569,1734,4119898
2,96,search,11424.2,2597.52,7139.05,53.3747,168.802,0.91974,0.10332,-1.0,-1.0,16.072,1.82569,1734,4119898
2,97,insert,11.412,-1.0,-1.0,-1.0,-1.0,34.564,1.82998,1737,4129367
2,98,search,11266.8,2598.66,7014.69,53.7849,178.826,0.91966,0.103387,-1.0,-1.0,17.537,1.82998,1737,4129367
2,99,insert,10.316,-1.0,-1.0,-1.0,-1.0,23.819,1.83231,1738,4134502
2,100,search,11401.8,2599.34,7177.21,53.2721,172.405,0.9197,0.103309,-1.0,-1.0,18.116,1.83231,1738,4134502
2,101,insert,49.351,-1.0,-1.0,-1.0,-1.0,70.102,1.8437,1745,4164482
2,102,search,11436.7,2601.34,7137.01,54.0505,183.575,0.9198,0.10352,-1.0,-1.0,17.679,1.8437,1745,4164482
2,103,insert,23.575,-1.0,-1.0,-1.0,-1.0,31.346,1.84911,1747,4178601
2,104,search,11463.2,2606.7,7144.46,54.2878,186.698,0.9202,0.103087,-1.0,-1.0,26.683,1.84931,1748,4178601
2,105,insert,12.216,-1.0,-1.0,-1.0,-1.0,32.195,1.85251,1750,4187774
2,106,search,11372.8,2603.94,7113.22,54.1556,185.488,0.92008,0.103526,-1.0,-1.0,17.916,1.85251,1750,4187774
2,107,insert,23.481,-1.0,-1.0,-1.0,-1.0,16.803,1.85739,1750,4200109
2,108,search,11431.4,2608.5,7153.59,53.952,182.358,0.92005,0.103416,-1.0,-1.0,17.439,1.85739,1750,4200109
2,109,insert,481.08,-1.0,-1.0,-1.0,-1.0,547.819,2.01829,1823,4557867
2,110,search,12200.5,2688.19,7644.45,53.7306,191.237,0.92215,0.102318,-1.0,-1.0,88.391,2.01923,1829,4557867
2,111,insert,30.535,-1.0,-1.0,-1.0,-1.0,42.292,2.03045,1832,4587252
2,112,search,12178.3,2692.28,7671.85,54.0805,193.848,0.92241,0.102185,-1.0,-1.0,29.44,2.03045,1833,4587252
2,113,insert,14.32,-1.0,-1.0,-1.0,-1.0,51.794,2.03508,1837,4600056
2,114,search,12406.5,2688.98,7851.06,53.5583,200.165,0.92256,0.102187,-1.0,-1.0,22.852,2.03508,1837,4600056
2,115,insert,50.323,-1.0,-1.0,-1.0,-1.0,65.709,2.04552,1843,4627422
2,116,search,12383.6,2693.51,7823.61,53.8058,206.31,0.92329,0.101976,-1.0,-1.0,22.305,2.04552,1843,4627422
2,117,insert,12.132,-1.0,-1.0,-1.0,-1.0,21.024,2.0479,1843,4639292
2,118,search,11826.3,2699.04,7294.55,56.9307,221.395,0.92321,0.101882,-1.0,-1.0,21.964,2.0479,1843,4639292
2,119,insert,4.109,-1.0,-1.0,-1.0,-1.0,20.943,2.04896,1843,4643423
2,120,search,11797.5,2701.16,7271.53,57.0946,225.91,0.92325,0.101889,-1.0,-1.0,22.022,2.04896,1843,4643423
2,121,insert,26.669,-1.0,-1.0,-1.0,-1.0,55.5,2.05586,1847,4657252
2,122,search,11847.6,2703.08,7273.14,57.1211,223.5,0.92376,0.101188,-1.0,-1.0,23.131,2.05586,1847,4657252
2,123,insert,403.119,-1.0,-1.0,-1.0,-1.0,476.935,2.18421,1895,4938477
2,124,search,12439.8,2750.45,7773.38,56.3693,214.242,0.9238,0.101873,-1.0,-1.0,145.141,2.18469,1905,4938477
2,125,insert,67.431,-1.0,-1.0,-1.0,-1.0,59.486,2.20267,1911,4980492
2,126,search,12460,2738.61,7752.11,56.6027,228.182,0.92372,0.102101,-1.0,-1.0,80.723,2.20268,1916,4980492
2,127,insert,64.02,-1.0,-1.0,-1.0,-1.0,71.923,2.22396,1924,5030515
2,128,search,12574.4,2755.95,7823.46,56.7546,232.915,0.92492,0.101283,-1.0,-1.0,31.854,2.22396,1925,5030515
2,129,delete,23.453,-1.0,-1.0,-1.0,-1.0,95.556,2.22208,1893,5009391
2,130,search,12276.7,2740.92,7605.33,57.0149,231.267,0.92364,0.102078,-1.0,-1.0,25.223,2.22208,1893,5009391
2,131,delete,7.058,-1.0,-1.0,-1.0,-1.0,24.654,2.22208,1893,5004093
2,132,search,12313.6,2738.6,7676.58,56.8081,221.224,0.92357,0.102063,-1.0,-1.0,25.022,2.22208,1893,5004093
2,133,delete,13.181,-1.0,-1.0,-1.0,-1.0,23.35,2.22208,1893,4991787
2,134,search,12219.3,2725.52,7563.12,56.82,224.397,0.92347,0.102221,-1.0,-1.0,24.682,2.22208,1893,4991787
2,135,delete,18.699,-1.0,-1.0,-1.0,-1.0,62.36,2.21919,1890,4974857
2,136,search,12165.2,2718.43,7498.65,56.8339,217.357,0.9236,0.102087,-1.0,-1.0,27.633,2.21919,1890,4974857
2,137,delete,8.16,-1.0,-1.0,-1.0,-1.0,25.259,2.21919,1890,4971386
2,138,search,12211.2,2715.9,7537.85,57.0112,226.076,0.92344,0.102222,-1.0,-1.0,26.394,2.21919,1890,4971386
2,139,delete,17.729,-1.0,-1.0,-1.0,-1.0,24.645,2.21919,1890,4963487
2,140,search,12199.9,2709.86,7548.66,56.9793,224.968,0.92328,0.102168,-1.0,-1.0,25.179,2.21919,1890,4963487
2,141,delete,37.799,-1.0,-1.0,-1.0,-1.0,105.777,2.21347,1883,4941830
2,142,search,12218.2,2702.88,7570.19,56.7141,231.637,0.92312,0.102346,-1.0,-1.0,24.942,2.21347,1883,4941830
2,143,delete,25.64,-1.0,-1.0,-1.0,-1.0,84.257,2.21031,1880,4925657
2,144,search,12168.4,2698.33,7520.38,56.6389,228.274,0.92321,0.102264,-1.0,-1.0,25.932,2.21031,1880,4925657
2,145,delete,4.028,-1.0,-1.0,-1.0,-1.0,35.832,2.2095,1878,4922686
2,146,search,12100.9,2698.19,7463.31,56.7152,230.021,0.92293,0.102602,-1.0,-1.0,24.909,2.2095,1878,4922686
2,147,delete,11.364,-1.0,-1.0,-1.0,-1.0,24.055,2.2095,1878,4913636
2,148,search,12065,2691.18,7358.57,56.7867,227.498,0.92289,0.102605,-1.0,-1.0,26.303,2.2095,1878,4913636
2,149,delete,239.812,-1.0,-1.0,-1.0,-1.0,1080.75,2.13338,1799,4717250
2,150,search,11539.2,2687.18,7106.93,56.6346,216.873,0.92205,0.103563,-1.0,-1.0,60.656,2.13392,1803,4717250
2,151,delete,180.977,-1.0,-1.0,-1.0,-1.0,1079.82,2.06492,1724,4560269
4,2,search,2566.29,37.3142,238.232,4.5843,70.2033,0.8551,0.130106,-1.0,-1.0,7.675,0.0184881,1000,38806
4,3,insert,10.248,-1.0,-1.0,-1.0,-1.0,6.376,0.0226644,1000,49334
4,4,search,2802.96,65.7492,310.22,4.85697,71.6462,0.86604,0.12886,-1.0,-1.0,7.211,0.0226644,1000,49334
4,5,insert,27.002,-1.0,-1.0,-1.0,-1.0,169.617,0.0330953,997,73557
4,6,search,2891.25,191.294,470.737,7.59158,65.4699,0.92386,0.105036,-1.0,-1.0,124.65,0.0330953,997,73557
4,7,insert,28.335,-1.0,-1.0,-1.0,-1.0,102.482,0.0427388,997,95766
4,8,search,2884.2,246.513,521.621,9.25031,58.3556,0.92559,0.103709,-1.0,-1.0,83.136,0.0429143,998,95766
4,9,insert,4.117,-1.0,-1.0,-1.0,-1.0,74.836,0.0447637,998,100025
4,10,search,2960.38,257.725,558.203,8.99203,65.3267,0.92806,0.0998639,-1.0,-1.0,76.171,0.0447637,998,100025
4,11,insert,10.895,-1.0,-1.0,-1.0,-1.0,82.004,0.0496597,999,111417
4,12,search,3008.08,302.85,616.17,9.51679,65.6407,0.92812,0.10013,-1.0,-1.0,19.381,0.0500379,1000,111417
4,13,insert,24.477,-1.0,-1.0,-1.0,-1.0,6.841,0.0611825,1000,137139
4,14,search,3007.5,345.115,605.527,10.4247,65.2688,0.92499,0.10227,-1.0,-1.0,18.886,0.0611939,1002,137139
4,15,insert,22.595,-1.0,-1.0,-1.0,-1.0,6.822,0.0699043,1002,156710
4,16,search,3129.95,380.852,705.22,10.0784,67.8908,0.92274,0.103392,-1.0,-1.0,7.096,0.0699043,1002,156710
4,17,insert,5.045,-1.0,-1.0,-1.0,-1.0,6.559,0.0715465,1002,161773
4,18,search,3133.31,400.814,709.681,10.4246,68.172,0.9242,0.102652,-1.0,-1.0,7.241,0.0715465,1002,161773
4,19,insert,36.729,-1.0,-1.0,-1.0,-1.0,6.764,0.0781136,1002,177161
4,20,search,3066.15,446.577,730.09,11.5957,59.8781,0.92842,0.0993882,-1.0,-1.0,7.178,0.0781136,1002,177161
4,21,insert,335.286,-1.0,-1.0,-1.0,-1.0,95.322,0.199618,1017,448898
4,22,search,3925.14,992.028,1502.96,13.0063,85.0196,0.92146,0.100464,-1.0,-1.0,14.521,0.199617,1018,448898
4,23,insert,388.222,-1.0,-1.0,-1.0,-1.0,238.123,0.327875,1050,733493
4,24,search,4549.79,1419.79,2042.95,14.4904,101.434,0.91739,0.102601,-1.0,-1.0,72.345,0.327872,1061,733493
4,25,insert,39.18,-1.0,-1.0,-1.0,-1.0,24.355,0.3443,1064,777443
4,26,search,4580.95,1421.97,2011.93,15.2209,100.163,0.91738,0.102935,-1.0,-1.0,9.154,0.3443,1064,777443
4,27,insert,40.667,-1.0,-1.0,-1.0,-1.0,16.257,0.356074,1065,805394
4,28,search,4979.88,1450.09,2379.78,13.2298,105.818,0.91789,0.102706,-1.0,-1.0,9.619,0.356074,1065,805394
4,29,insert,96.239,-1.0,-1.0,-1.0,-1.0,42.047,0.383832,1069,866391
4,30,search,4914.06,1527.32,2301.64,14.4741,103.109,0.91956,0.10247,-1.0,-1.0,22.783,0.383831,1071,866391
4,31,insert,487.495,-1.0,-1.0,-1.0,-1.0,369.243,0.55599,1120,1239816
4,32,search,5891.7,1853.05,3135.35,13.634,130.313,0.91241,0.108427,-1.0,-1.0,89.197,0.556021,1126,1239816
4,33,insert,56.137,-1.0,-1.0,-1.0,-1.0,13.991,0.576749,1127,1291211
4,34,search,5924.86,1869.03,3018.52,14.605,130.563,0.91202,0.108497,-1.0,-1.0,62.804,0.576765,1131,1291211
4,35,insert,29.13,-1.0,-1.0,-1.0,-1.0,24.562,0.58573,1134,1324978
4,36,search,5783.45,1910.03,3001.87,14.6358,128.274,0.91335,0.107448,-1.0,-1.0,33.429,0.58573,1137,1324978
4,37,insert,50.629,-1.0,-1.0,-1.0,-1.0,41.728,0.605563,1142,1371885
4,38,search,5820.57,1923.15,3000.79,15.1064,128.272,0.9123,0.108101,-1.0,-1.0,21.971,0.605563,1143,1371885
4,39,insert,12.346,-1.0,-1.0,-1.0,-1.0,8.701,0.608722,1143,1379335
4,40,search,5850.56,1929.73,3014.37,14.8093,123.809,0.91247,0.108415,-1.0,-1.0,9.303,0.608722,1143,1379335
4,41,insert,45.651,-1.0,-1.0,-1.0,-1.0,30.85,0.625451,1147,1413312
4,42,search,6016.92,1949.46,3183.06,15.0029,133.109,0.91313,0.108296,-1.0,-1.0,10.389,0.625451,1147,1413312
4,43,insert,16.623,-1.0,-1.0,-1.0,-1.0,33.743,0.630251,1151,1423411
4,44,search,6106.34,1945.45,3272.22,14.3544,131.016,0.91279,0.107714,-1.0,-1.0,9.866,0.630251,1151,1423411
4,45,insert,230.086,-1.0,-1.0,-1.0,-1.0,57.726,0.646294,1159,1457559
4,46,search,6210.26,1946.6,3345.54,14.0433,135.26,0.91244,0.107128,-1.0,-1.0,9.225,0.646294,1159,1457559
4,47,insert,288.891,-1.0,-1.0,-1.0,-1.0,261.122,0.750285,1184,1688593
4,48,search,6648.85,2095.94,3694.28,14.1521,157.026,0.9128,0.108191,-1.0,-1.0,75.253,0.750284,1190,1688593
4,49,insert,37.925,-1.0,-1.0,-1.0,-1.0,29.338,0.7648,1193,1723505
4,50,search,6709.54,2104.28,3744.55,14.011,157.827,0.91347,0.108022,-1.0,-1.0,33.684,0.7648,1196,1723505
4,51,insert,326.457,-1.0,-1.0,-1.0,-1.0,240.729,0.902044,1229,2035040
4,52,search,7060.44,2310.82,4014.15,14.7269,162.456,0.91649,0.106604,-1.0,-1.0,34.789,0.902043,1233,2035040
4,53,insert,41.155,-1.0,-1.0,-1.0,-1.0,60.449,0.919696,1241,2078341
4,54,search,7130.09,2318.11,4021.39,14.7339,166.892,0.91654,0.106798,-1.0,-1.0,10.362,0.919696,1241,2078341
4,55,insert,346.436,-1.0,-1.0,-1.0,-1.0,535.517,1.06898,1301,2399905
4,56,search,8106.35,2442.15,4532.92,14.8157,195.781,0.91505,0.109318,-1.0,-1.0,101.978,1.06898,1313,2399905
4,57,insert,27.644,-1.0,-1.0,-1.0,-1.0,32.115,1.07747,1317,2419836
4,58,search,8093.38,2399.77,4716.97,14.6695,200.695,0.914,0.110185,-1.0,-1.0,35.86,1.07748,1319,2419836
4,59,insert,273.915,-1.0,-1.0,-1.0,-1.0,201.44,1.17784,1333,2643083
4,60,search,8324.58,2466.32,4909.67,14.3752,198.045,0.908,0.116845,-1.0,-1.0,72.026,1.17812,1337,2643083
4,61,insert,11.371,-1.0,-1.0,-1.0,-1.0,9.375,1.18161,1337,2653064
4,62,search,8169.68,2468.87,4798.47,14.4991,195.809,0.90816,0.11719,-1.0,-1.0,18.106,1.18161,1338,2653064
4,63,insert,4.351,-1.0,-1.0,-1.0,-1.0,8.93,1.18318,1338,2656118
4,64,search,8019.86,2468.07,4642.3,14.8322,196.218,0.90806,0.117376,-1.0,-1.0,11.146,1.18318,1338,2656118
4,65,insert,94.745,-1.0,-1.0,-1.0,-1.0,142.695,1.21176,1356,2723424
4,66,search,8139.33,2483.74,4717.94,14.9903,201.225,0.90904,0.115995,-1.0,-1.0,11.513,1.21176,1356,2723424
4,67,insert,60.847,-1.0,-1.0,-1.0,-1.0,107.753,1.23233,1370,2769021
4,68,search,8367.51,2481.38,4908.01,14.9139,209.155,0.90964,0.115255,-1.0,-1.0,23.19,1.23233,1372,2769021
4,69,insert,59.313,-1.0,-1.0,-1.0,-1.0,92.026,1.25357,1384,2821777
4,70,search,8458.36,2489.87,4961.7,14.8529,210.198,0.9107,0.114342,-1.0,-1.0,10.64,1.25357,1384,2821777
4,71,insert,17.965,-1.0,-1.0,-1.0,-1.0,29.962,1.25907,1387,2834921
4,72,search,8663.89,2495.5,5160.22,14.3619,207.755,0.91115,0.113886,-1.0,-1.0,16.292,1.25907,1388,2834921
4,73,insert,6.608,-1.0,-1.0,-1.0,-1.0,16.627,1.26136,1389,2842044
4,74,search,8342.94,2495.79,4835.3,14.9625,202.948,0.91106,0.114024,-1.0,-1.0,10.41,1.26136,1389,2842044
4,75,insert,20.488,-1.0,-1.0,-1.0,-1.0,26.793,1.26775,1392,2858890
4,76,search,8235.45,2500.82,4402.1,16.0388,189.168,0.91078,0.114212,-1.0,-1.0,10.949,1.26775,1392,2858890
4,77,insert,35.709,-1.0,-1.0,-1.0,-1.0,16.585,1.2782,1393,2882818
4,78,search,8336.71,2511.85,4563.78,15.2496,206.434,0.91042,0.114581,-1.0,-1.0,11.17,1.2782,1393,2882818
4,79,insert,498.6,-1.0,-1.0,-1.0,-1.0,22.095,1.30497,1395,2947806
4,80,search,8699.87,2547.39,4868.51,15.3436,207.687,0.91073,0.114524,-1.0,-1.0,10.329,1.30497,1395,2947806
4,81,insert,37.258,-1.0,-1.0,-1.0,-1.0,37.49,1.31772,1398,2976895
4,82,search,9031.45,2560.11,5346.9,14.5212,211.305,0.91186,0.113613,-1.0,-1.0,10.785,1.31772,1398,2976895
4,83,insert,17.215,-1.0,-1.0,-1.0,-1.0,29.255,1.32397,1401,2990682
4,84,search,8698.64,2564.17,5160.24,14.926,217.952,0.91213,0.113052,-1.0,-1.0,27.503,1.3241,1403,2990682
4,85,insert,40.366,-1.0,-1.0,-1.0,-1.0,43.901,1.3388,1408,3025613
4,86,search,7992.03,2561.48,4531.81,16.48,165.321,0.91251,0.113056,-1.0,-1.0,10.888,1.3388,1408,3025613
4,87,insert,518.285,-1.0,-1.0,-1.0,-1.0,620.42,1.54234,1484,3468632
4,88,search,8905.44,2747.53,5102.53,16.419,187.805,0.91575,0.109845,-1.0,-1.0,104.286,1.54234,1494,3468632
4,89,insert,386.155,-1.0,-1.0,-1.0,-1.0,571.522,1.70706,1572,3831692
4,90,search,9294.62,2803.08,5407.93,16.4803,214.279,0.91957,0.105115,-1.0,-1.0,78.412,1.70718,1582,3831692
4,91,insert,29.712,-1.0,-1.0,-1.0,-1.0,37.975,1.71776,1586,3864067
4,92,search,9646,2794.12,5471.13,16.4653,211.152,0.91985,0.104892,-1.0,-1.0,13.075,1.71776,1586,3864067
4,93,insert,291.266,-1.0,-1.0,-1.0,-1.0,298.629,1.82319,1626,4103827
4,94,search,9950.11,2834.38,5768.71,16.5091,216.605,0.91994,0.103918,-1.0,-1.0,37.678,1.82319,1629,4103827
4,95,insert,19.15,-1.0,-1.0,-1.0,-1.0,38.03,1.82947,1633,4119898
4,96,search,10089.6,2833.05,5878.14,16.3276,215.884,0.92017,0.104034,-1.0,-1.0,22.873,1.82979,1634,4119898
4,97,insert,10.365,-1.0,-1.0,-1.0,-1.0,24.355,1.83317,1636,4129367
4,98,search,9871.05,2833.05,5837.05,16.4445,216.945,0.92051,0.103658,-1.0,-1.0,13.189,1.83317,1636,4129367
4,99,insert,7.157,-1.0,-1.0,-1.0,-1.0,11.326,1.83523,1636,4134502
4,100,search,9523.71,2837.2,5517.75,17.5498,199.69,0.9205,0.10376,-1.0,-1.0,12.735,1.83523,1636,4134502
4,101,insert,43.891,-1.0,-1.0,-1.0,-1.0,51.902,1.84728,1641,4164482
4,102,search,9989.25,2847.51,5920.1,16.2491,218.19,0.92097,0.103232,-1.0,-1.0,12.341,1.84728,1641,4164482
4,103,insert,20.393,-1.0,-1.0,-1.0,-1.0,26.827,1.85411,1643,4178601
4,104,search,9923.56,2852.69,5834.73,16.3525,217.987,0.92096,0.103366,-1.0,-1.0,13.223,1.85411,1643,4178601
4,105,insert,11.448,-1.0,-1.0,-1.0,-1.0,38.715,1.85785,1646,4187774
4,106,search,10015.8,2849.58,5909.68,16.3511,222.718,0.92068,0.103931,-1.0,-1.0,13.065,1.85785,1646,4187774
4,107,insert,26.991,-1.0,-1.0,-1.0,-1.0,32.367,1.86437,1648,4200109
4,108,search,10140.6,2853.16,6040.07,16.1953,221.267,0.92098,0.103761,-1.0,-1.0,23.594,1.8645,1649,4200109
4,109,insert,500.383,-1.0,-1.0,-1.0,-1.0,553.049,2.01995,1719,4557867
4,110,search,11118.5,2937.63,6488.63,16.2248,227.182,0.92273,0.102313,-1.0,-1.0,80.634,2.02024,1726,4557867
4,111,insert,37.255,-1.0,-1.0,-1.0,-1.0,64.063,2.03314,1733,4587252
4,112,search,10789.6,2928.15,6518.6,16.1689,227.581,0.92292,0.102371,-1.0,-1.0,15.758,2.03314,1733,4587252
4,113,insert,14.985,-1.0,-1.0,-1.0,-1.0,30.651,2.03841,1735,4600056
4,114,search,10672.8,2932.74,6345.94,16.6535,234.389,0.92329,0.10226,-1.0,-1.0,15.781,2.03841,1735,4600056
4,115,insert,34.543,-1.0,-1.0,-1.0,-1.0,48.59,2.04878,1740,4627422
4,116,search,10667.8,2941.48,6337.99,16.5898,228.903,0.92406,0.101699,-1.0,-1.0,15.529,2.04878,1740,4627422
4,117,insert,14.421,-1.0,-1.0,-1.0,-1.0,27.056,2.05381,1742,4639292
4,118,search,10633.7,2943.1,6290.66,16.7204,232.647,0.9239,0.10191,-1.0,-1.0,16.512,2.05381,1742,4639292
4,119,insert,5.823,-1.0,-1.0,-1.0,-1.0,14.184,2.05555,1742,4643423
4,120,search,10984.2,2945.4,6413.99,16.5301,241.605,0.92396,0.101984,-1.0,-1.0,15.87,2.05555,1742,4643423
4,121,insert,19.58,-1.0,-1.0,-1.0,-1.0,47.02,2.0614,1746,4657252
4,122,search,10428.3,2942.02,6141.82,17.4511,227.605,0.92389,0.102066,-1.0,-1.0,16.422,2.0614,1746,4657252
4,123,insert,378.145,-1.0,-1.0,-1.0,-1.0,471.747,2.18998,1792,4938477
4,124,search,11252.7,2991.21,6737.42,16.4344,245.472,0.92413,0.102572,-1.0,-1.0,152.307,2.19049,1801,4938477
4,125,insert,64.19,-1.0,-1.0,-1.0,-1.0,65.3,2.20863,1808,4980492
4,126,search,11263,2981.27,6767.18,16.5973,249.533,0.92484,0.10241,-1.0,-1.0,86.617,2.20882,1812,4980492
4,127,insert,66.2,-1.0,-1.0,-1.0,-1.0,102.143,2.23154,1825,5030515
4,128,search,11329,2978.53,6797.47,16.584,248.705,0.92532,0.102263,-1.0,-1.0,64.464,2.23154,1828,5030515
4,129,delete,17.666,-1.0,-1.0,-1.0,-1.0,85.275,2.22982,1798,5009391
4,130,search,11546.2,2962.66,6576.32,16.6187,241.732,0.92432,0.10286,-1.0,-1.0,38.741,2.22982,1799,5009391
4,131,delete,9.418,-1.0,-1.0,-1.0,-1.0,20.439,2.22982,1799,5004093
4,132,search,11620.6,2959.46,6651.79,16.4689,243.702,0.92428,0.102898,-1.0,-1.0,21.087,2.22982,1799,5004093
4,133,delete,20.651,-1.0,-1.0,-1.0,-1.0,33.743,2.22833,1798,4991787
4,134,search,11621.5,2947.87,6666.93,16.5131,240.319,0.92416,0.102938,-1.0,-1.0,21.043,2.22833,1798,4991787
4,135,delete,25.116,-1.0,-1.0,-1.0,-1.0,41.128,2.22658,1796,4974857
4,136,search,11656.5,2938.13,6702.51,16.4483,240.048,0.92428,0.102694,-1.0,-1.0,20.828,2.22658,1796,4974857
4,137,delete,6.089,-1.0,-1.0,-1.0,-1.0,19.502,2.22658,1796,4971386
4,138,search,11673.9,2935.15,6731.16,16.3914,242.778,0.92422,0.10267,-1.0,-1.0,20.179,2.22658,1796,4971386
4,139,delete,11.98,-1.0,-1.0,-1.0,-1.0,21.772,2.22658,1796,4963487
4,140,search,11871.4,2928.25,6648.24,16.4898,235.353,0.92419,0.102669,-1.0,-1.0,20.558,2.22658,1796,4963487
4,141,delete,25.619,-1.0,-1.0,-1.0,-1.0,58.409,2.22301,1791,4941830
4,142,search,11435.2,2917.42,6490.98,16.7802,224.737,0.92395,0.103092,-1.0,-1.0,19.761,2.22301,1791,4941830
4,143,delete,17.216,-1.0,-1.0,-1.0,-1.0,60.039,2.21927,1788,4925657
4,144,search,11686.7,2911.04,6482.81,16.4551,233.184,0.92397,0.103139,-1.0,-1.0,21.355,2.21927,1788,4925657
4,145,delete,6.865,-1.0,-1.0,-1.0,-1.0,26.229,2.21881,1787,4922686
4,146,search,11688.2,2910.09,6453.07,16.9285,217.503,0.92379,0.103392,-1.0,-1.0,20.576,2.21881,1787,4922686
4,147,delete,13.426,-1.0,-1.0,-1.0,-1.0,19.767,2.21881,1787,4913636
4,148,search,11472.7,2902.45,6543.42,16.8217,214.832,0.92375,0.103449,-1.0,-1.0,21.242,2.21881,1787,4913636
4,149,delete,243.73,-1.0,-1.0,-1.0,-1.0,1072.59,2.1391,1707,4717250
4,150,search,10855.4,2904.5,6167.59,16.9427,212.359,0.92255,0.104352,-1.0,-1.0,52.93,2.14012,1711,4717250
4,151,delete,162.667,-1.0,-1.0,-1.0,-1.0,938.761,2.07097,1640,4560269
8,2,search,2872.91,37.32,332.077,2.04143,129.967,0.8551,0.130106,-1.0,-1.0,7.463,0.0184881,1000,38806
8,3,insert,11.925,-1.0,-1.0,-1.0,-1.0,14.718,0.0226681,998,49334
8,4,search,2731.74,66.6883,222.064,3.8079,93.4078,0.86613,0.128797,-1.0,-1.0,13.162,0.0226611,997,49334
8,5,insert,25.182,-1.0,-1.0,-1.0,-1.0,174.253,0.0329766,993,73557
8,6,search,2646.1,193.295,325.122,6.06004,56.0027,0.92433,0.104255,-1.0,-1.0,111.805,0.0330819,995,73557
8,7,insert,31.91,-1.0,-1.0,-1.0,-1.0,104.099,0.0426107,995,95766
8,8,search,2745.52,245.53,386.325,6.35336,69.1233,0.92582,0.103612,-1.0,-1.0,90.744,0.0428012,997,95766
8,9,insert,4.544,-1.0,-1.0,-1.0,-1.0,78.425,0.0445267,997,100025
8,10,search,2754.37,254.798,390.632,6.54646,69.2487,0.92703,0.100737,-1.0,-1.0,79.781,0.0445267,997,100025
8,11,insert,13.651,-1.0,-1.0,-1.0,-1.0,80.228,0.0497772,997,111417
8,12,search,2791.65,301.907,431.768,6.96195,65.594,0.92784,0.100473,-1.0,-1.0,18.801,0.049818,998,111417
8,13,insert,27.375,-1.0,-1.0,-1.0,-1.0,7.23,0.0610837,998,137139
8,14,search,2805.39,343.746,454.958,7.05071,73.8489,0.92376,0.103456,-1.0,-1.0,18.362,0.0610898,1000,137139
8,15,insert,23.186,-1.0,-1.0,-1.0,-1.0,7.083,0.0698161,1000,156710
8,16,search,2852.72,379.776,499.958,7.28536,73.1593,0.92221,0.104397,-1.0,-1.0,7.549,0.0698161,1000,156710
8,17,insert,6.055,-1.0,-1.0,-1.0,-1.0,14.957,0.07189,1002,161773
8,18,search,2917.57,396.368,526.687,7.39429,72.1474,0.92306,0.103575,-1.0,-1.0,8.022,0.07189,1002,161773
8,19,insert,42.115,-1.0,-1.0,-1.0,-1.0,7.379,0.0785567,1002,177161
8,20,search,2906.16,442.002,550.537,7.67054,72.8881,0.9275,0.0997837,-1.0,-1.0,7.628,0.0785567,1002,177161
8,21,insert,386.86,-1.0,-1.0,-1.0,-1.0,122.182,0.199676,1026,448898
8,22,search,3342.61,946.371,1024.64,9.31362,72.7231,0.91757,0.102984,-1.0,-1.0,15.438,0.199676,1027,448898
8,23,insert,404.437,-1.0,-1.0,-1.0,-1.0,268.248,0.328139,1072,733493
8,24,search,3934.89,1317.55,1476.01,9.73431,94.8916,0.9124,0.10614,-1.0,-1.0,66.474,0.328138,1081,733493
8,25,insert,46.237,-1.0,-1.0,-1.0,-1.0,26.342,0.345341,1084,777443
8,26,search,3929,1327.77,1441.51,10.1069,88.0319,0.91363,0.105454,-1.0,-1.0,24.088,0.345427,1086,777443
8,27,insert,39.192,-1.0,-1.0,-1.0,-1.0,19.588,0.35769,1087,805394
8,28,search,4020.02,1348.37,1519.02,9.86643,88.7745,0.91437,0.105238,-1.0,-1.0,17.875,0.357691,1088,805394
8,29,insert,83.741,-1.0,-1.0,-1.0,-1.0,52.794,0.384731,1093,866391
8,30,search,4074.75,1422.53,1559.58,10.0372,88.9072,0.91596,0.104891,-1.0,-1.0,28.852,0.384731,1095,866391
8,31,insert,492.946,-1.0,-1.0,-1.0,-1.0,359.53,0.55411,1150,1239816
8,32,search,4691.21,1731.94,2029.16,10.0925,110.475,0.90942,0.109454,-1.0,-1.0,91.991,0.554467,1156,1239816
8,33,insert,55.474,-1.0,-1.0,-1.0,-1.0,31.17,0.574903,1161,1291211
8,34,search,4529.2,1734.06,1857.56,10.9023,99.4259,0.90938,0.108679,-1.0,-1.0,60.736,0.574919,1165,1291211
8,35,insert,36.462,-1.0,-1.0,-1.0,-1.0,33.936,0.587117,1170,1324978
8,36,search,4537.59,1764.32,1856.06,11.1478,93.7796,0.90946,0.108328,-1.0,-1.0,27.319,0.587121,1172,1324978
8,37,insert,53.207,-1.0,-1.0,-1.0,-1.0,33.071,0.607443,1176,1371885
8,38,search,4696.47,1786.54,1980.43,10.676,100.323,0.90903,0.108624,-1.0,-1.0,9.177,0.607443,1176,1371885
8,39,insert,10.236,-1.0,-1.0,-1.0,-1.0,8.713,0.611104,1176,1379335
8,40,search,4882.73,1795.24,2139.18,10.1108,114.046,0.90955,0.108391,-1.0,-1.0,11.57,0.611104,1176,1379335
8,41,insert,62.94,-1.0,-1.0,-1.0,-1.0,43.096,0.625089,1181,1413312
8,42,search,4985.02,1816.16,2248.28,10.1237,119.784,0.91024,0.108455,-1.0,-1.0,9.786,0.625089,1181,1413312
8,43,insert,12.549,-1.0,-1.0,-1.0,-1.0,14.971,0.628586,1182,1423411
8,44,search,4885.57,1828.88,2135.91,10.5541,110.344,0.91039,0.108723,-1.0,-1.0,9.625,0.628586,1182,1423411
8,45,insert,236.554,-1.0,-1.0,-1.0,-1.0,19.238,0.643369,1184,1457559
8,46,search,4820.59,1857.91,2108.99,10.9321,104.578,0.91083,0.107889,-1.0,-1.0,10.151,0.643369,1184,1457559
8,47,insert,315.558,-1.0,-1.0,-1.0,-1.0,266.957,0.748453,1214,1688593
8,48,search,5276.87,2008.65,2425.74,10.5893,125.096,0.91184,0.109063,-1.0,-1.0,112.529,0.749047,1224,1688593
8,49,insert,46.191,-1.0,-1.0,-1.0,-1.0,44.844,0.764861,1229,1723505
8,50,search,5362.73,1997.34,2493.34,10.2681,125.844,0.91226,0.108495,-1.0,-1.0,42.11,0.764861,1232,1723505
8,51,insert,360.349,-1.0,-1.0,-1.0,-1.0,264.065,0.90579,1270,2035040
8,52,search,5582.88,2179.53,2624.75,10.859,136.152,0.91427,0.10776,-1.0,-1.0,66.725,0.905862,1278,2035040
8,53,insert,42.018,-1.0,-1.0,-1.0,-1.0,34.363,0.922294,1281,2078341
8,54,search,5731.04,2189.53,2747.2,10.6508,137.392,0.91436,0.10751,-1.0,-1.0,17.354,0.922312,1282,2078341
8,55,insert,361.98,-1.0,-1.0,-1.0,-1.0,441.474,1.07139,1331,2399905
8,56,search,6414.05,2369.55,3285.77,10.242,165.657,0.91483,0.108346,-1.0,-1.0,115.847,1.07154,1345,2399905
8,57,insert,22.422,-1.0,-1.0,-1.0,-1.0,15.79,1.07951,1346,2419836
8,58,search,6094.31,2332.43,2963.42,11.0179,146.059,0.91338,0.109028,-1.0,-1.0,46.279,1.07952,1350,2419836
8,59,insert,229.794,-1.0,-1.0,-1.0,-1.0,219.048,1.17622,1370,2643083
8,60,search,6307.53,2368.4,3103.57,10.8425,154.444,0.90767,0.11597,-1.0,-1.0,51.574,1.17659,1376,2643083
8,61,insert,11.848,-1.0,-1.0,-1.0,-1.0,15.858,1.18143,1377,2653064
8,62,search,6480.86,2362.07,3221.66,10.6086,160.225,0.90785,0.115693,-1.0,-1.0,12.238,1.18143,1377,2653064
8,63,insert,4.678,-1.0,-1.0,-1.0,-1.0,19.182,1.18228,1378,2656118
8,64,search,6476.85,2360.66,3234.55,11.0404,161.23,0.90783,0.11549,-1.0,-1.0,12.836,1.18228,1378,2656118
8,65,insert,101.278,-1.0,-1.0,-1.0,-1.0,101.775,1.20876,1393,2723424
8,66,search,6533.26,2391.13,3255.78,10.9442,167.971,0.90889,0.114082,-1.0,-1.0,11.982,1.20876,1393,2723424
8,67,insert,52.79,-1.0,-1.0,-1.0,-1.0,88.826,1.22792,1405,2769021
8,68,search,6718.23,2401.6,3401.14,10.7149,172.558,0.90971,0.113439,-1.0,-1.0,16.682,1.22797,1406,2769021
8,69,insert,55.935,-1.0,-1.0,-1.0,-1.0,61.883,1.24984,1414,2821777
8,70,search,6883.22,2423.2,3523.6,10.4966,178.704,0.91105,0.112088,-1.0,-1.0,22.917,1.24986,1416,2821777
8,71,insert,16.738,-1.0,-1.0,-1.0,-1.0,43.313,1.25527,1421,2834921
8,72,search,6587.63,2418.81,3275.29,11.311,158.933,0.91137,0.112008,-1.0,-1.0,17.293,1.25527,1422,2834921
8,73,insert,9.732,-1.0,-1.0,-1.0,-1.0,23.061,1.25869,1424,2842044
8,74,search,6227.22,2415.78,2960.2,12.0174,134.286,0.91118,0.112292,-1.0,-1.0,11.398,1.25869,1424,2842044
8,75,insert,23.81,-1.0,-1.0,-1.0,-1.0,10.98,1.26632,1424,2858890
8,76,search,6909.47,2430.04,3528.52,10.3209,177.169,0.91155,0.112034,-1.0,-1.0,13.498,1.26632,1424,2858890
8,77,insert,49.301,-1.0,-1.0,-1.0,-1.0,11.989,1.27694,1424,2882818
8,78,search,6747.93,2443.85,3395.28,10.7852,170.274,0.9113,0.112371,-1.0,-1.0,12.123,1.27694,1424,2882818
8,79,insert,523.23,-1.0,-1.0,-1.0,-1.0,30.404,1.30532,1427,2947806
8,80,search,6991.46,2472.74,3609.79,10.757,184.848,0.9113,0.11246,-1.0,-1.0,11.632,1.30532,1427,2947806
8,81,insert,45.808,-1.0,-1.0,-1.0,-1.0,67.811,1.32034,1434,2976895
8,82,search,6948.85,2478,3549.45,10.7966,183.056,0.9124,0.112079,-1.0,-1.0,11.261,1.32034,1434,2976895
8,83,insert,17.817,-1.0,-1.0,-1.0,-1.0,31.097,1.32678,1437,2990682
8,84,search,6903.81,2483.79,3513.76,10.7774,176.925,0.91258,0.111729,-1.0,-1.0,12.077,1.32678,1437,2990682
8,85,insert,43.356,-1.0,-1.0,-1.0,-1.0,48.937,1.34097,1442,3025613
8,86,search,7030.35,2493.69,3623.56,10.6591,181.194,0.91311,0.111704,-1.0,-1.0,20.859,1.34123,1443,3025613
8,87,insert,535.974,-1.0,-1.0,-1.0,-1.0,714.305,1.54435,1535,3468632
8,88,search,7540.62,2630.86,3941.45,10.8957,191.175,0.91552,0.10882,-1.0,-1.0,122.17,1.54434,1550,3468632
8,89,insert,401.243,-1.0,-1.0,-1.0,-1.0,480.238,1.70513,1619,3831692
8,90,search,7955.03,2715.68,4171.86,11.0058,200.987,0.91908,0.104677,-1.0,-1.0,58.245,1.70543,1626,3831692
8,91,insert,30.704,-1.0,-1.0,-1.0,-1.0,58.261,1.71718,1634,3864067
8,92,search,8155.65,2699.91,4315.3,10.681,213.36,0.91899,0.104523,-1.0,-1.0,24.951,1.7172,1635,3864067
8,93,insert,304.334,-1.0,-1.0,-1.0,-1.0,245.158,1.82158,1668,4103827
8,94,search,8455.4,2760.05,4530.72,10.9233,225.026,0.91909,0.104192,-1.0,-1.0,39.228,1.82164,1671,4103827
8,95,insert,22.159,-1.0,-1.0,-1.0,-1.0,19.841,1.82847,1672,4119898
8,96,search,8801.65,2767.62,4845.67,10.5941,246.17,0.91931,0.103976,-1.0,-1.0,14.792,1.82847,1672,4119898
8,97,insert,12.148,-1.0,-1.0,-1.0,-1.0,25.468,1.831,1673,4129367
8,98,search,8526.33,2772.02,4582.32,10.8524,227.82,0.91939,0.103944,-1.0,-1.0,13.439,1.831,1673,4129367
8,99,insert,9.745,-1.0,-1.0,-1.0,-1.0,13.543,1.83288,1673,4134502
8,100,search,8265.51,2775.87,4365.23,11.2359,208.956,0.91947,0.103948,-1.0,-1.0,13.865,1.83288,1673,4134502
8,101,insert,37.562,-1.0,-1.0,-1.0,-1.0,61.231,1.84276,1679,4164482
8,102,search,7970.57,2784.43,4088.17,11.9717,188.969,0.92012,0.103314,-1.0,-1.0,13.379,1.84276,1679,4164482
8,103,insert,19.63,-1.0,-1.0,-1.0,-1.0,26.336,1.84934,1681,4178601
8,104,search,8303.45,2790.37,4361.96,11.1525,213.626,0.92046,0.103276,-1.0,-1.0,15.231,1.84934,1681,4178601
8,105,insert,11.453,-1.0,-1.0,-1.0,-1.0,31.951,1.85321,1683,4187774
8,106,search,8860.65,2790.32,4854.79,10.3265,240.829,0.92027,0.103706,-1.0,-1.0,28.25,1.85323,1684,4187774
8,107,insert,30.005,-1.0,-1.0,-1.0,-1.0,34.364,1.85858,1686,4200109
8,108,search,8871.14,2791.85,4878.83,10.5445,247.916,0.92014,0.103767,-1.0,-1.0,16.125,1.85858,1686,4200109
8,109,insert,522.963,-1.0,-1.0,-1.0,-1.0,590.254,2.02021,1758,4557867
8,110,search,9007.13,2868.13,4865.86,11.0401,242.864,0.92195,0.101653,-1.0,-1.0,68.616,2.02073,1764,4557867
8,111,insert,31.507,-1.0,-1.0,-1.0,-1.0,58.338,2.032,1770,4587252
8,112,search,9426.71,2861.64,5227.94,10.5488,259.084,0.92236,0.101484,-1.0,-1.0,18.571,2.032,1770,4587252
8,113,insert,14.962,-1.0,-1.0,-1.0,-1.0,25.213,2.0368,1771,4600056
8,114,search,9163.83,2866.13,4983.75,10.8102,248.202,0.92245,0.101389,-1.0,-1.0,19.323,2.0368,1771,4600056
8,115,insert,42.225,-1.0,-1.0,-1.0,-1.0,60.48,2.04926,1777,4627422
8,116,search,8629.68,2868.08,4502.16,11.7284,209.727,0.92297,0.101065,-1.0,-1.0,18.215,2.04926,1777,4627422
8,117,insert,14.434,-1.0,-1.0,-1.0,-1.0,25.775,2.05439,1778,4639292
8,118,search,9097.09,2872.99,4900.82,10.8086,237.234,0.92307,0.101124,-1.0,-1.0,19.829,2.05439,1778,4639292
8,119,insert,4.601,-1.0,-1.0,-1.0,-1.0,18.505,2.05563,1778,4643423
8,120,search,9435.74,2875.63,5198.17,10.557,257.417,0.92309,0.101098,-1.0,-1.0,19.975,2.05563,1778,4643423
8,121,insert,20.465,-1.0,-1.0,-1.0,-1.0,46.315,2.06152,1781,4657252
8,122,search,9340.35,2879,5130.83,10.7615,254.158,0.92329,0.100783,-1.0,-1.0,19.815,2.06152,1781,4657252
8,123,insert,408.429,-1.0,-1.0,-1.0,-1.0,474.403,2.19199,1828,4938477
8,124,search,9732.51,2923.75,5402.53,10.755,270.272,0.92334,0.101597,-1.0,-1.0,156.069,2.19279,1839,4938477
8,125,insert,58.031,-1.0,-1.0,-1.0,-1.0,102.392,2.20915,1851,4980492
8,126,search,9597.11,2901.53,5235.79,11.0823,251.41,0.92378,0.101354,-1.0,-1.0,95.473,2.20918,1856,4980492
8,127,insert,61.052,-1.0,-1.0,-1.0,-1.0,65.737,2.22746,1863,5030515
8,128,search,9013.01,2914.98,4680.55,12.201,209.48,0.92462,0.100902,-1.0,-1.0,31.754,2.22749,1864,5030515
8,129,delete,19.129,-1.0,-1.0,-1.0,-1.0,91.186,2.22572,1833,5009391
8,130,search,9411.28,2901.08,5100.96,10.9075,253.918,0.92306,0.102244,-1.0,-1.0,22.486,2.22572,1833,5009391
8,131,delete,4.717,-1.0,-1.0,-1.0,-1.0,22.105,2.22572,1833,5004093
8,132,search,9460.87,2898.4,5141.78,10.8288,246.934,0.92304,0.102236,-1.0,-1.0,23.319,2.22572,1833,5004093
8,133,delete,18.499,-1.0,-1.0,-1.0,-1.0,21.806,2.22572,1833,4991787
8,134,search,9115.2,2884.04,4819.04,11.6074,228.4,0.92293,0.102309,-1.0,-1.0,23.492,2.22572,1833,4991787
8,135,delete,25.503,-1.0,-1.0,-1.0,-1.0,57.127,2.223,1830,4974857
8,136,search,9560.7,2876.42,5207.54,10.8087,261.639,0.92309,0.102112,-1.0,-1.0,23.492,2.223,1830,4974857
8,137,delete,5.02,-1.0,-1.0,-1.0,-1.0,21.987,2.223,1830,4971386
8,138,search,9673.84,2873.55,5328,10.7434,267.252,0.92295,0.102268,-1.0,-1.0,22.99,2.223,1830,4971386
8,139,delete,12.338,-1.0,-1.0,-1.0,-1.0,21.926,2.223,1830,4963487
8,140,search,9625.76,2866.25,5271.62,10.7711,257.944,0.92282,0.102317,-1.0,-1.0,23.174,2.223,1830,4963487
8,141,delete,28.28,-1.0,-1.0,-1.0,-1.0,71.714,2.21967,1825,4941830
8,142,search,9537.66,2856.02,5209.27,10.8065,256.165,0.92252,0.102558,-1.0,-1.0,23.622,2.21967,1825,4941830
8,143,delete,21.684,-1.0,-1.0,-1.0,-1.0,78.954,2.21512,1822,4925657
8,144,search,8835.97,2851.92,4568.97,11.9084,212.227,0.92274,0.102235,-1.0,-1.0,22.745,2.21512,1822,4925657
8,145,delete,2.918,-1.0,-1.0,-1.0,-1.0,26.68,2.21484,1821,4922686
8,146,search,9604.57,2849.67,5051.16,10.8808,244.744,0.92265,0.102138,-1.0,-1.0,22.571,2.21484,1821,4922686
8,147,delete,10.186,-1.0,-1.0,-1.0,-1.0,21.782,2.2146,1821,4913636
8,148,search,9378.56,2842.06,4839.28,11.208,231.987,0.92261,0.102209,-1.0,-1.0,23.933,2.2146,1821,4913636
8,149,delete,234.634,-1.0,-1.0,-1.0,-1.0,1074.1,2.13663,1741,4717250
8,150,search,9321.51,2847.49,4938.46,10.8649,247.768,0.9219,0.103039,-1.0,-1.0,68.771,2.13715,1746,4717250
8,151,delete,188.33,-1.0,-1.0,-1.0,-1.0,925.633,2.06948,1672,4560269
16,2,search,2646.28,37.3196,160.794,2.32472,102.764,0.8551,0.130106,-1.0,-1.0,7.887,0.0184881,1000,38806
16,3,insert,14.569,-1.0,-1.0,-1.0,-1.0,15.578,0.0226681,998,49334
16,4,search,2613.88,66.6444,159.881,2.94427,102.904,0.86613,0.128797,-1.0,-1.0,13.98,0.0226611,997,49334
16,5,insert,34.125,-1.0,-1.0,-1.0,-1.0,174.437,0.0329766,993,73557
16,6,search,2604.61,193.073,266.948,4.15128,68.3108,0.92433,0.104255,-1.0,-1.0,112.606,0.0330819,995,73557
16,7,insert,36.112,-1.0,-1.0,-1.0,-1.0,106.48,0.0426107,995,95766
16,8,search,2655.74,245.079,293.537,4.64327,71.1985,0.92582,0.103612,-1.0,-1.0,95.831,0.0428012,997,95766
16,9,insert,5.755,-1.0,-1.0,-1.0,-1.0,78.984,0.0445267,997,100025
16,10,search,2637.37,254.375,295.299,4.72495,72.7382,0.92703,0.100737,-1.0,-1.0,80.289,0.0445267,997,100025
16,11,insert,15.686,-1.0,-1.0,-1.0,-1.0,80.728,0.0497772,997,111417
16,12,search,2673,301.372,328.841,4.96063,70.2381,0.92784,0.100473,-1.0,-1.0,82.329,0.0497772,997,111417
16,13,insert,31.956,-1.0,-1.0,-1.0,-1.0,81.183,0.0610515,997,137139
16,14,search,2676.21,347.51,358.514,5.19002,71.1586,0.92449,0.102927,-1.0,-1.0,20.848,0.061098,998,137139
16,15,insert,30.374,-1.0,-1.0,-1.0,-1.0,7.818,0.0698157,998,156710
16,16,search,2671.51,383.909,365.2,5.34038,71.938,0.92241,0.104278,-1.0,-1.0,19.734,0.0698182,1000,156710
16,17,insert,7.069,-1.0,-1.0,-1.0,-1.0,7.121,0.0717762,1000,161773
16,18,search,2779.65,400.184,386.568,5.1967,78.8566,0.92371,0.103298,-1.0,-1.0,16.876,0.0719569,1002,161773
16,19,insert,40.709,-1.0,-1.0,-1.0,-1.0,7.721,0.0785469,1002,177161
16,20,search,2769.4,441.39,416.522,5.38885,74.3241,0.92719,0.0999856,-1.0,-1.0,7.667,0.0785469,1002,177161
16,21,insert,393.069,-1.0,-1.0,-1.0,-1.0,161.109,0.201067,1037,448898
16,22,search,3082.7,906.422,742.932,6.49531,66.4159,0.91597,0.103468,-1.0,-1.0,31.805,0.201067,1042,448898
16,23,insert,427.335,-1.0,-1.0,-1.0,-1.0,244.652,0.32776,1084,733493
16,24,search,3493.95,1278.47,1063.25,6.78262,76.0798,0.91152,0.106469,-1.0,-1.0,74.589,0.327759,1094,733493
16,25,insert,47.007,-1.0,-1.0,-1.0,-1.0,36.015,0.345775,1099,777443
16,26,search,3568.53,1272.02,1075.36,6.81113,82.0328,0.91116,0.106938,-1.0,-1.0,25.994,0.345815,1101,777443
16,27,insert,49.724,-1.0,-1.0,-1.0,-1.0,20.003,0.358047,1102,805394
16,28,search,3586.43,1290.23,1111.03,6.8628,74.0825,0.91158,0.106722,-1.0,-1.0,21.402,0.358055,1103,805394
16,29,insert,95.383,-1.0,-1.0,-1.0,-1.0,62.011,0.385238,1111,866391
16,30,search,3647.15,1349.79,1150.14,6.88785,81.5473,0.91278,0.107318,-1.0,-1.0,28.286,0.385238,1113,866391
16,31,insert,512.212,-1.0,-1.0,-1.0,-1.0,347.804,0.551645,1165,1239816
16,32,search,3919.85,1663.86,1322.31,7.62769,82.9215,0.90573,0.111989,-1.0,-1.0,106.617,0.551893,1173,1239816
16,33,insert,58.332,-1.0,-1.0,-1.0,-1.0,18.943,0.571773,1175,1291211
16,34,search,4111.29,1675.38,1470.04,7.08703,96.4712,0.90682,0.110791,-1.0,-1.0,63.436,0.57179,1179,1291211
16,35,insert,42.158,-1.0,-1.0,-1.0,-1.0,41.985,0.584151,1185,1324978
16,36,search,4151.12,1705.25,1457.76,7.20558,97.0179,0.90805,0.110128,-1.0,-1.0,19.078,0.584151,1186,1324978
16,37,insert,63.154,-1.0,-1.0,-1.0,-1.0,30.805,0.604236,1189,1371885
16,38,search,4149.11,1733.6,1465.17,7.29541,95.6378,0.90811,0.110169,-1.0,-1.0,17.891,0.604236,1190,1371885
16,39,insert,11.253,-1.0,-1.0,-1.0,-1.0,9.024,0.607442,1190,1379335
16,40,search,4200.04,1741.72,1529.06,7.09852,94.994,0.90842,0.110616,-1.0,-1.0,10.557,0.607442,1190,1379335
16,41,insert,50.753,-1.0,-1.0,-1.0,-1.0,48.677,0.623707,1196,1413312
16,42,search,4270.26,1756.94,1561.38,7.08434,95.8333,0.90912,0.11016,-1.0,-1.0,9.76,0.623707,1196,1413312
16,43,insert,13.355,-1.0,-1.0,-1.0,-1.0,25.353,0.627725,1199,1423411
16,44,search,4273.46,1759.71,1563.04,7.09458,94.9439,0.90864,0.110747,-1.0,-1.0,9.978,0.627725,1199,1423411
16,45,insert,227.337,-1.0,-1.0,-1.0,-1.0,33.31,0.643337,1204,1457559
16,46,search,4268.12,1777.23,1544.13,7.26637,98.5551,0.90879,0.1103,-1.0,-1.0,9.463,0.643337,1204,1457559
16,47,insert,319.649,-1.0,-1.0,-1.0,-1.0,260.7,0.749984,1234,1688593
16,48,search,4571,1920.94,1763.5,7.14922,108.388,0.91037,0.110203,-1.0,-1.0,91.242,0.749984,1241,1688593
16,49,insert,38.203,-1.0,-1.0,-1.0,-1.0,30.119,0.763725,1244,1723505
16,50,search,4465.04,1926.95,1657.16,7.52931,98.5739,0.9102,0.110561,-1.0,-1.0,33.777,0.763724,1246,1723505
16,51,insert,350.366,-1.0,-1.0,-1.0,-1.0,244.552,0.902309,1283,2035040
16,52,search,4779.79,2128.2,1878.13,7.6784,114.429,0.91354,0.107937,-1.0,-1.0,49.461,0.902328,1289,2035040
16,53,insert,47.122,-1.0,-1.0,-1.0,-1.0,31.219,0.920683,1292,2078341
16,54,search,4921.21,2136.35,1985.69,7.45249,119.14,0.91301,0.108384,-1.0,-1.0,11.971,0.920683,1292,2078341
16,55,insert,387.549,-1.0,-1.0,-1.0,-1.0,425.797,1.06954,1341,2399905
16,56,search,5294.88,2310.69,2232.41,7.60286,135.579,0.91379,0.108663,-1.0,-1.0,151.621,1.07019,1357,2399905
16,57,insert,33.408,-1.0,-1.0,-1.0,-1.0,27.544,1.08007,1360,2419836
16,58,search,5492.34,2256.73,2366.24,7.13082,149.928,0.91285,0.10969,-1.0,-1.0,60.067,1.08009,1365,2419836
16,59,insert,260.516,-1.0,-1.0,-1.0,-1.0,168.153,1.17785,1380,2643083
16,60,search,5603.92,2307.7,2451.14,7.18871,147.154,0.90692,0.116472,-1.0,-1.0,96.817,1.17831,1390,2643083
16,61,insert,12.024,-1.0,-1.0,-1.0,-1.0,16.797,1.18227,1391,2653064
16,62,search,5559.57,2283.73,2388.41,7.24766,145.581,0.90629,0.1167,-1.0,-1.0,23.719,1.18227,1392,2653064
16,63,insert,4.876,-1.0,-1.0,-1.0,-1.0,10.451,1.18381,1392,2656118
16,64,search,5348.94,2285.01,2205.93,7.65576,132.067,0.90622,0.116862,-1.0,-1.0,12.408,1.18381,1392,2656118
16,65,insert,83.013,-1.0,-1.0,-1.0,-1.0,109.389,1.2119,1410,2723424
16,66,search,5651.54,2306.06,2424.19,7.22369,142.89,0.90657,0.116307,-1.0,-1.0,16.938,1.21217,1411,2723424
16,67,insert,46.477,-1.0,-1.0,-1.0,-1.0,67.923,1.23089,1420,2769021
16,68,search,5520.9,2333.74,2283.19,7.65861,136.652,0.90814,0.115123,-1.0,-1.0,10.79,1.23089,1420,2769021
16,69,insert,56.324,-1.0,-1.0,-1.0,-1.0,86.646,1.25379,1431,2821777
16,70,search,5489.19,2350.69,2255.87,7.76707,132.902,0.90999,0.113131,-1.0,-1.0,11.091,1.25379,1431,2821777
16,71,insert,14.748,-1.0,-1.0,-1.0,-1.0,44.564,1.25882,1436,2834921
16,72,search,5560.97,2353.17,2302.87,7.71845,140.115,0.91037,0.112893,-1.0,-1.0,11.229,1.25882,1436,2834921
16,73,insert,8.431,-1.0,-1.0,-1.0,-1.0,16.937,1.26192,1437,2842044
16,74,search,5740.54,2356.28,2465.98,7.28877,148.998,0.91026,0.11299,-1.0,-1.0,12.455,1.26192,1437,2842044
16,75,insert,25.02,-1.0,-1.0,-1.0,-1.0,27.411,1.26779,1439,2858890
16,76,search,5623.68,2366.31,2365.43,7.77662,142.205,0.91064,0.112609,-1.0,-1.0,13.65,1.26779,1439,2858890
16,77,insert,53.44,-1.0,-1.0,-1.0,-1.0,25.988,1.27756,1441,2882818
16,78,search,5710.34,2374.06,2425.39,7.73178,150.658,0.91066,0.1127,-1.0,-1.0,18.267,1.27772,1442,2882818
16,79,insert,529.433,-1.0,-1.0,-1.0,-1.0,18.395,1.3048,1443,2947806
16,80,search,5698.14,2405.07,2420.98,7.69986,145.609,0.91032,0.11305,-1.0,-1.0,12.254,1.3048,1443,2947806
16,81,insert,44.341,-1.0,-1.0,-1.0,-1.0,33.765,1.31831,1446,2976895
16,82,search,5544.93,2415.92,2287.66,8.0336,135.661,0.91137,0.112543,-1.0,-1.0,18.622,1.31837,1447,2976895
16,83,insert,16.742,-1.0,-1.0,-1.0,-1.0,18.286,1.32442,1448,2990682
16,84,search,5771.32,2421.78,2470.09,7.6312,148.867,0.91197,0.111953,-1.0,-1.0,11.875,1.32442,1448,2990682
16,85,insert,41.815,-1.0,-1.0,-1.0,-1.0,37.321,1.33817,1451,3025613
16,86,search,6022.72,2439.18,2685.98,7.18223,165.698,0.91231,0.111853,-1.0,-1.0,11.734,1.33817,1451,3025613
16,87,insert,558.638,-1.0,-1.0,-1.0,-1.0,738.592,1.5446,1551,3468632
16,88,search,6339.56,2557.79,2836.07,7.66008,169.24,0.9151,0.109525,-1.0,-1.0,97.25,1.5446,1563,3468632
16,89,insert,383.234,-1.0,-1.0,-1.0,-1.0,421.384,1.70273,1628,3831692
16,90,search,6775.95,2671.81,3045.3,7.4872,183.257,0.91973,0.104333,-1.0,-1.0,42.972,1.70273,1632,3831692
16,91,insert,31.369,-1.0,-1.0,-1.0,-1.0,35.238,1.71361,1636,3864067
16,92,search,6821.96,2679.08,3093.25,7.50437,185.615,0.91978,0.104169,-1.0,-1.0,12.808,1.71361,1636,3864067
16,93,insert,248.71,-1.0,-1.0,-1.0,-1.0,269.95,1.81862,1677,4103827
16,94,search,6786.36,2724.41,3003.62,7.97399,170.156,0.92005,0.103618,-1.0,-1.0,42.81,1.81911,1681,4103827
16,95,insert,15.571,-1.0,-1.0,-1.0,-1.0,18.186,1.82435,1682,4119898
16,96,search,6747.11,2723.21,2948.48,8.12453,170.109,0.92034,0.103466,-1.0,-1.0,14.831,1.82435,1682,4119898
16,97,insert,14.049,-1.0,-1.0,-1.0,-1.0,19.081,1.82818,1683,4129367
16,98,search,7359.44,2726.66,3506.3,7.1764,207.235,0.92044,0.103295,-1.0,-1.0,15.468,1.82818,1683,4129367
16,99,insert,9.266,-1.0,-1.0,-1.0,-1.0,14.64,1.83003,1683,4134502
16,100,search,7018.25,2730.79,3178.1,7.72565,192.969,0.92058,0.103141,-1.0,-1.0,14.987,1.83003,1683,4134502
16,101,insert,43.84,-1.0,-1.0,-1.0,-1.0,35.794,1.84016,1686,4164482
16,102,search,6917.33,2742.51,3101.26,7.9446,183.184,0.92068,0.103217,-1.0,-1.0,14.853,1.84016,1686,4164482
16,103,insert,20.451,-1.0,-1.0,-1.0,-1.0,40.056,1.84645,1689,4178601
16,104,search,7228.34,2744.11,3354.13,7.56212,202.496,0.92104,0.102877,-1.0,-1.0,14.595,1.84645,1689,4178601
16,105,insert,9.026,-1.0,-1.0,-1.0,-1.0,22.506,1.84903,1690,4187774
16,106,search,7158.12,2748.22,3296.35,7.68553,194.795,0.92111,0.103017,-1.0,-1.0,14.906,1.84903,1690,4187774
16,107,insert,21.069,-1.0,-1.0,-1.0,-1.0,36.82,1.85373,1692,4200109
16,108,search,7287.82,2751.47,3409.43,7.37056,208.106,0.92099,0.10299,-1.0,-1.0,22.6,1.85398,1693,4200109
16,109,insert,475.73,-1.0,-1.0,-1.0,-1.0,594.121,2.01915,1763,4557867
16,110,search,7505.8,2827.61,3459.93,7.61127,199.752,0.92274,0.101843,-1.0,-1.0,91.793,2.02012,1770,4557867
16,111,insert,29.019,-1.0,-1.0,-1.0,-1.0,70.915,2.0313,1779,4587252
16,112,search,7581.39,2818.44,3504.89,7.65254,208.001,0.92282,0.101759,-1.0,-1.0,19.607,2.0313,1779,4587252
16,113,insert,14.538,-1.0,-1.0,-1.0,-1.0,34.388,2.03604,1781,4600056
16,114,search,7790.34,2820.49,3667.44,7.50148,219.793,0.92325,0.101476,-1.0,-1.0,28.613,2.03607,1782,4600056
16,115,insert,46.69,-1.0,-1.0,-1.0,-1.0,50.454,2.04695,1786,4627422
16,116,search,7742.46,2830.42,3638.92,7.58418,216.157,0.92344,0.101387,-1.0,-1.0,19.879,2.04695,1786,4627422
16,117,insert,20.029,-1.0,-1.0,-1.0,-1.0,31.508,2.05196,1787,4639292
16,118,search,7760.73,2835.66,3643.32,7.65253,217.354,0.92393,0.10079,-1.0,-1.0,29.884,2.05216,1788,4639292
16,119,insert,6.867,-1.0,-1.0,-1.0,-1.0,18.565,2.05405,1788,4643423
16,120,search,7797.08,2834.06,3699.21,7.52746,222.098,0.92386,0.101026,-1.0,-1.0,20.271,2.05405,1788,4643423
16,121,insert,20.558,-1.0,-1.0,-1.0,-1.0,19.201,2.05966,1788,4657252
16,122,search,7804.72,2843.32,3711.29,7.47564,218.253,0.92413,0.100752,-1.0,-1.0,20.311,2.05966,1788,4657252
16,123,insert,390.164,-1.0,-1.0,-1.0,-1.0,541.223,2.18968,1842,4938477
16,124,search,7729.9,2877.61,3542.77,8.01018,196.048,0.924,0.101579,-1.0,-1.0,138.927,2.18981,1850,4938477
16,125,insert,53.705,-1.0,-1.0,-1.0,-1.0,80.121,2.20515,1858,4980492
16,126,search,8208.6,2876.69,3919.44,7.25018,230.075,0.92462,0.101259,-1.0,-1.0,128.233,2.20555,1866,4980492
16,127,insert,59.555,-1.0,-1.0,-1.0,-1.0,124.617,2.22656,1883,5030515
16,128,search,8215.08,2852.82,3876.54,7.53119,226.983,0.92484,0.101517,-1.0,-1.0,42.871,2.22656,1884,5030515
16,129,delete,26.562,-1.0,-1.0,-1.0,-1.0,95.357,2.22477,1852,5009391
16,130,search,7947.48,2839.95,3697.05,7.75345,220.525,0.92369,0.102122,-1.0,-1.0,25.624,2.22477,1852,5009391
16,131,delete,8.556,-1.0,-1.0,-1.0,-1.0,23.916,2.22477,1852,5004093
16,132,search,7722.7,2836.65,3480.34,8.01132,203.071,0.92368,0.102026,-1.0,-1.0,24.748,2.22477,1852,5004093
16,133,delete,14.776,-1.0,-1.0,-1.0,-1.0,23.155,2.22477,1852,4991787
16,134,search,8088.4,2823.33,3815.97,7.54235,226.125,0.92348,0.102249,-1.0,-1.0,24.671,2.22477,1852,4991787
16,135,delete,25.035,-1.0,-1.0,-1.0,-1.0,62.744,2.22148,1849,4974857
16,136,search,7820.34,2816.34,3593.25,7.86617,206.763,0.92383,0.101948,-1.0,-1.0,24.99,2.22148,1849,4974857
16,137,delete,5.122,-1.0,-1.0,-1.0,-1.0,23.347,2.22148,1849,4971386
16,138,search,7701.16,2813.54,3448.92,8.05285,200.577,0.92377,0.102075,-1.0,-1.0,24.384,2.22148,1849,4971386
16,139,delete,8.836,-1.0,-1.0,-1.0,-1.0,24.34,2.22148,1849,4963487
16,140,search,7680.33,2807.31,3464.36,8.03639,199.023,0.92371,0.102061,-1.0,-1.0,24.46,2.22148,1849,4963487
16,141,delete,24.208,-1.0,-1.0,-1.0,-1.0,91.028,2.21645,1843,4941830
16,142,search,7948.07,2798.62,3715.41,7.4674,222.97,0.92346,0.102376,-1.0,-1.0,24.356,2.21645,1843,4941830
16,143,delete,18.547,-1.0,-1.0,-1.0,-1.0,70.514,2.21272,1840,4925657
16,144,search,7936.96,2793.74,3672.62,7.49025,215.329,0.92347,0.102358,-1.0,-1.0,24.3,2.21272,1840,4925657
16,145,delete,3.144,-1.0,-1.0,-1.0,-1.0,28.91,2.2126,1839,4922686
16,146,search,7879.54,2792.17,3643.22,7.48754,215.255,0.92316,0.102619,-1.0,-1.0,24.781,2.2126,1839,4922686
16,147,delete,8.787,-1.0,-1.0,-1.0,-1.0,23.404,2.2126,1839,4913636
16,148,search,7708.04,2784.58,3501.45,7.71997,201.013,0.92307,0.102636,-1.0,-1.0,24.06,2.2126,1839,4913636
16,149,delete,245.551,-1.0,-1.0,-1.0,-1.0,1159.16,2.12996,1755,4717250
16,150,search,7509.31,2794.1,3442.17,7.58149,205.721,0.92247,0.104006,-1.0,-1.0,48.272,2.13058,1758,4717250
16,151,delete,169.885,-1.0,-1.0,-1.0,-1.0,907.976,2.06241,1687,4560269
32,2,search,2599.15,37.3245,137.518,2.05555,145.33,0.8551,0.130106,-1.0,-1.0,7.807,0.0184881,1000,38806
32,3,insert,16.466,-1.0,-1.0,-1.0,-1.0,15.625,0.0226681,998,49334
32,4,search,2627.96,66.5585,137.808,2.35615,142.371,0.86613,0.128797,-1.0,-1.0,14.461,0.0226611,997,49334
32,5,insert,34.935,-1.0,-1.0,-1.0,-1.0,176.276,0.0329766,993,73557
32,6,search,2613.1,192.225,215.273,3.29354,92.8759,0.92433,0.104255,-1.0,-1.0,106.377,0.0329766,993,73557
32,7,insert,41.685,-1.0,-1.0,-1.0,-1.0,103.164,0.0425054,993,95766
32,8,search,2582.74,247.251,240.507,3.42631,96.8515,0.9262,0.103389,-1.0,-1.0,87.324,0.042614,994,95766
32,9,insert,6.115,-1.0,-1.0,-1.0,-1.0,77.886,0.0443284,994,100025
32,10,search,2607.19,258.65,241.855,3.43259,101.206,0.92954,0.0985602,-1.0,-1.0,80.099,0.0443284,994,100025
32,11,insert,18.587,-1.0,-1.0,-1.0,-1.0,80.554,0.0497523,994,111417
32,12,search,2611.92,306.036,271.119,3.52729,96.3119,0.93027,0.0988801,-1.0,-1.0,20.622,0.0498144,995,111417
32,13,insert,37.787,-1.0,-1.0,-1.0,-1.0,7.277,0.0611217,995,137139
32,14,search,2674.45,349.111,291.975,3.41849,109.403,0.92593,0.101996,-1.0,-1.0,20.475,0.061131,997,137139
32,15,insert,34.652,-1.0,-1.0,-1.0,-1.0,7.392,0.0697407,997,156710
32,16,search,2663.42,384.787,307.9,3.58703,96.6557,0.92334,0.103711,-1.0,-1.0,7.765,0.0697407,997,156710
32,17,insert,7.943,-1.0,-1.0,-1.0,-1.0,7.144,0.071544,997,161773
32,18,search,2682.51,406.081,323.102,3.58594,101.801,0.92497,0.102835,-1.0,-1.0,7.918,0.071544,997,161773
32,19,insert,45.301,-1.0,-1.0,-1.0,-1.0,7.092,0.0782662,997,177161
32,20,search,2695.09,451.935,343.362,3.67672,100.064,0.92892,0.0991464,-1.0,-1.0,7.753,0.0782662,997,177161
32,21,insert,429.99,-1.0,-1.0,-1.0,-1.0,111.451,0.199605,1012,448898
32,22,search,2889.6,997.456,648.193,4.21537,73.1439,0.92131,0.100373,-1.0,-1.0,17.648,0.199605,1013,448898
32,23,insert,456.168,-1.0,-1.0,-1.0,-1.0,235.996,0.32773,1041,733493
32,24,search,3249.32,1455.35,947.741,4.34214,91.1731,0.91819,0.101904,-1.0,-1.0,73.474,0.327728,1049,733493
32,25,insert,50.041,-1.0,-1.0,-1.0,-1.0,29.043,0.34431,1052,777443
32,26,search,3235.59,1451.63,929.517,4.37148,81.3696,0.91778,0.102617,-1.0,-1.0,27.541,0.344429,1055,777443
32,27,insert,39.999,-1.0,-1.0,-1.0,-1.0,16.611,0.356493,1056,805394
32,28,search,3234.01,1464.13,905.766,4.59362,75.0954,0.91795,0.102405,-1.0,-1.0,9.018,0.356493,1056,805394
32,29,insert,79.636,-1.0,-1.0,-1.0,-1.0,43.493,0.383726,1059,866391
32,30,search,3314.41,1549.54,994.87,4.45809,86.9381,0.91927,0.102159,-1.0,-1.0,21.959,0.383726,1060,866391
32,31,insert,490.527,-1.0,-1.0,-1.0,-1.0,367.233,0.555082,1108,1239816
32,32,search,3781.33,1874.89,1301.34,4.36104,111.53,0.91233,0.107674,-1.0,-1.0,104.767,0.555111,1115,1239816
32,33,insert,65.577,-1.0,-1.0,-1.0,-1.0,25.298,0.57604,1117,1291211
32,34,search,3806.39,1890.49,1329.63,4.40896,106.441,0.91192,0.108396,-1.0,-1.0,69.747,0.576056,1121,1291211
32,35,insert,49.753,-1.0,-1.0,-1.0,-1.0,51.405,0.588046,1127,1324978
32,36,search,3772.49,1912.47,1276.76,4.63068,99.7529,0.91222,0.10816,-1.0,-1.0,43.054,0.588048,1131,1324978
32,37,insert,61.654,-1.0,-1.0,-1.0,-1.0,26.828,0.607285,1133,1371885
32,38,search,3887.15,1937.76,1378.16,4.40796,103.556,0.91058,0.108864,-1.0,-1.0,16.963,0.607285,1134,1371885
32,39,insert,13.177,-1.0,-1.0,-1.0,-1.0,9.908,0.610575,1134,1379335
32,40,search,3910.05,1943.48,1373.71,4.42952,106.59,0.91147,0.108628,-1.0,-1.0,10.652,0.610575,1134,1379335
32,41,insert,62.288,-1.0,-1.0,-1.0,-1.0,54.384,0.62614,1140,1413312
32,42,search,3948.78,1954.1,1401.81,4.40728,115.702,0.91178,0.109014,-1.0,-1.0,10.022,0.62614,1140,1413312
32,43,insert,15.009,-1.0,-1.0,-1.0,-1.0,9.423,0.629338,1140,1423411
32,44,search,3930.67,1971.13,1398.35,4.432,109.846,0.91217,0.108523,-1.0,-1.0,10.636,0.629338,1140,1423411
32,45,insert,227.738,-1.0,-1.0,-1.0,-1.0,23.157,0.643618,1142,1457559
32,46,search,3953.28,1997.5,1420.62,4.41212,107.515,0.91266,0.107608,-1.0,-1.0,10.738,0.643618,1142,1457559
32,47,insert,344.305,-1.0,-1.0,-1.0,-1.0,312.76,0.748328,1173,1688593
32,48,search,4074.37,2125.22,1468.13,4.63507,108.418,0.91136,0.109784,-1.0,-1.0,102.804,0.748326,1180,1688593
32,49,insert,49.722,-1.0,-1.0,-1.0,-1.0,45.492,0.764662,1185,1723505
32,50,search,4057.12,2117.38,1423.6,4.70802,108.185,0.91181,0.109462,-1.0,-1.0,60.981,0.764661,1190,1723505
32,51,insert,374.875,-1.0,-1.0,-1.0,-1.0,247.489,0.904898,1223,2035040
32,52,search,4480.15,2324.51,1746.15,4.45385,135.223,0.91498,0.107963,-1.0,-1.0,57.57,0.905006,1230,2035040
32,53,insert,48.043,-1.0,-1.0,-1.0,-1.0,36.1,0.923389,1234,2078341
32,54,search,4522.34,2333.15,1759.77,4.46151,134.963,0.91534,0.107645,-1.0,-1.0,9.94,0.923389,1234,2078341
32,55,insert,352.015,-1.0,-1.0,-1.0,-1.0,482.272,1.07305,1289,2399905
32,56,search,4802.63,2465.38,1961,4.47486,140.932,0.91451,0.110065,-1.0,-1.0,103.744,1.07305,1300,2399905
32,57,insert,23.257,-1.0,-1.0,-1.0,-1.0,27.416,1.08127,1303,2419836
32,58,search,4926.35,2434.18,1998.79,4.41544,147.17,0.91435,0.110377,-1.0,-1.0,55.742,1.08128,1307,2419836
32,59,insert,261.739,-1.0,-1.0,-1.0,-1.0,244.663,1.17969,1330,2643083
32,60,search,4784.73,2462.14,1821.67,4.96349,136.243,0.90825,0.117149,-1.0,-1.0,41.768,1.17977,1334,2643083
32,61,insert,11.967,-1.0,-1.0,-1.0,-1.0,10.147,1.18231,1334,2653064
32,62,search,5097.52,2458.95,2082.44,4.47541,167.177,0.90855,0.117077,-1.0,-1.0,10.959,1.18231,1334,2653064
32,63,insert,4.76,-1.0,-1.0,-1.0,-1.0,10.171,1.18346,1334,2656118
32,64,search,4712.86,2461.46,1762.22,5.12754,130.132,0.90863,0.116945,-1.0,-1.0,11.951,1.18346,1334,2656118
32,65,insert,102.236,-1.0,-1.0,-1.0,-1.0,129.854,1.21094,1351,2723424
32,66,search,4741.11,2477.93,1751.55,5.19898,124.814,0.90897,0.116223,-1.0,-1.0,10.363,1.21094,1351,2723424
32,67,insert,52.443,-1.0,-1.0,-1.0,-1.0,89.019,1.23151,1363,2769021
32,68,search,5146.23,2493.73,2091.46,4.4726,155.839,0.91038,0.114854,-1.0,-1.0,22.04,1.23151,1365,2769021
32,69,insert,62.473,-1.0,-1.0,-1.0,-1.0,72.087,1.25454,1373,2821777
32,70,search,5177.23,2510.27,2114.24,4.4628,155.792,0.91147,0.11357,-1.0,-1.0,21.263,1.25454,1374,2821777
32,71,insert,15.938,-1.0,-1.0,-1.0,-1.0,49.644,1.2603,1380,2834921
32,72,search,5023.58,2503.71,1940.5,4.78457,135.07,0.91209,0.112961,-1.0,-1.0,12.723,1.2603,1380,2834921
32,73,insert,9.246,-1.0,-1.0,-1.0,-1.0,28.346,1.263,1382,2842044
32,74,search,5018.61,2502.89,1964.83,4.74747,135.676,0.91189,0.113165,-1.0,-1.0,11.916,1.263,1382,2842044
32,75,insert,27.767,-1.0,-1.0,-1.0,-1.0,46.402,1.27109,1386,2858890
32,76,search,4919.72,2504.64,1870.6,5.03758,132.23,0.91186,0.113287,-1.0,-1.0,21.896,1.27134,1387,2858890
32,77,insert,36.036,-1.0,-1.0,-1.0,-1.0,30.118,1.28071,1390,2882818
32,78,search,5111.01,2507.56,2007.43,4.79805,145.181,0.91169,0.113496,-1.0,-1.0,20.472,1.28085,1391,2882818
32,79,insert,509.921,-1.0,-1.0,-1.0,-1.0,20.958,1.3085,1393,2947806
32,80,search,5168.3,2541.17,2068.25,4.78536,150.361,0.91148,0.113434,-1.0,-1.0,12.239,1.3085,1393,2947806
32,81,insert,41.732,-1.0,-1.0,-1.0,-1.0,37.488,1.31964,1396,2976895
32,82,search,5352.36,2555.09,2218.22,4.53075,161.852,0.91284,0.112522,-1.0,-1.0,11.751,1.31964,1396,2976895
32,83,insert,22.037,-1.0,-1.0,-1.0,-1.0,28.293,1.32663,1398,2990682
32,84,search,5067.64,2563.24,1968.97,4.94971,138.722,0.91301,0.112255,-1.0,-1.0,11.819,1.32663,1398,2990682
32,85,insert,43.023,-1.0,-1.0,-1.0,-1.0,28.975,1.34015,1400,3025613
32,86,search,5308.33,2583.96,2176.26,4.59166,153.811,0.91432,0.111409,-1.0,-1.0,10.987,1.34015,1400,3025613
32,87,insert,551.364,-1.0,-1.0,-1.0,-1.0,690.61,1.5435,1489,3468632
32,88,search,5857.78,2731.79,2517.74,4.49193,177.659,0.91693,0.108862,-1.0,-1.0,121.07,1.5435,1503,3468632
32,89,insert,389.907,-1.0,-1.0,-1.0,-1.0,522.361,1.70464,1583,3831692
32,90,search,5891.97,2777.19,2379.63,4.90476,179.767,0.91993,0.105206,-1.0,-1.0,88.843,1.70484,1593,3831692
32,91,insert,33.171,-1.0,-1.0,-1.0,-1.0,58.143,1.71752,1601,3864067
32,92,search,5979.17,2755.37,2419.44,4.91327,167.911,0.92008,0.105241,-1.0,-1.0,22.957,1.71763,1602,3864067
32,93,insert,285.987,-1.0,-1.0,-1.0,-1.0,256.082,1.81873,1634,4103827
32,94,search,6112.24,2821.78,2494.99,4.96229,182.23,0.92056,0.104707,-1.0,-1.0,34.848,1.81898,1637,4103827
32,95,insert,15.503,-1.0,-1.0,-1.0,-1.0,25.035,1.82434,1639,4119898
32,96,search,6168.4,2821.39,2534.73,4.92604,184.211,0.92053,0.104817,-1.0,-1.0,12.872,1.82434,1639,4119898
32,97,insert,12.55,-1.0,-1.0,-1.0,-1.0,25.892,1.82883,1641,4129367
32,98,search,6388.64,2823.2,2729.2,4.69383,195.325,0.92089,0.10462,-1.0,-1.0,13.437,1.82883,1641,4129367
32,99,insert,7.63,-1.0,-1.0,-1.0,-1.0,19.612,1.83068,1642,4134502
32,100,search,6236.83,2825.09,2598.25,4.90864,186.198,0.92088,0.104631,-1.0,-1.0,13.641,1.83068,1642,4134502
32,101,insert,41.908,-1.0,-1.0,-1.0,-1.0,54.443,1.84314,1648,4164482
32,102,search,6210.66,2830.83,2536.26,5.05231,184.124,0.92089,0.104696,-1.0,-1.0,13.12,1.84314,1648,4164482
32,103,insert,22.164,-1.0,-1.0,-1.0,-1.0,30.863,1.84967,1650,4178601
32,104,search,6100.57,2836,2453.1,5.06245,186.126,0.92073,0.104873,-1.0,-1.0,13.47,1.84967,1650,4178601
32,105,insert,10.33,-1.0,-1.0,-1.0,-1.0,12.323,1.85245,1650,4187774
32,106,search,6577.07,2841.1,2881.92,4.57833,211.112,0.921,0.104902,-1.0,-1.0,13.26,1.85245,1650,4187774
32,107,insert,24.569,-1.0,-1.0,-1.0,-1.0,12.732,1.85802,1650,4200109
32,108,search,6334.66,2846.34,2674.33,4.7373,200.32,0.92096,0.104836,-1.0,-1.0,12.995,1.85802,1650,4200109
32,109,insert,480.493,-1.0,-1.0,-1.0,-1.0,614.198,2.02461,1731,4557867
32,110,search,6705.44,2894.55,2856.14,4.73759,198.711,0.92221,0.103473,-1.0,-1.0,53.152,2.02464,1736,4557867
32,111,insert,29.129,-1.0,-1.0,-1.0,-1.0,47.835,2.03593,1741,4587252
32,112,search,6903.01,2894.66,2972.94,4.63044,209.828,0.92282,0.103067,-1.0,-1.0,25.818,2.03597,1742,4587252
32,113,insert,13.009,-1.0,-1.0,-1.0,-1.0,23.823,2.04103,1743,4600056
32,114,search,6760.53,2897.42,2881.8,4.76055,200.467,0.92279,0.103218,-1.0,-1.0,17.831,2.04103,1743,4600056
32,115,insert,37.651,-1.0,-1.0,-1.0,-1.0,39.307,2.05134,1746,4627422
32,116,search,6791.85,2912.05,2905.79,4.78149,207.477,0.92302,0.103146,-1.0,-1.0,18.304,2.05134,1746,4627422
32,117,insert,12.864,-1.0,-1.0,-1.0,-1.0,26.414,2.05516,1747,4639292
32,118,search,6980.54,2916.11,3048.33,4.66403,217.828,0.92337,0.102706,-1.0,-1.0,18.245,2.05516,1747,4639292
32,119,insert,6.365,-1.0,-1.0,-1.0,-1.0,17.292,2.05687,1747,4643423
32,120,search,7165.76,2917.98,3240.57,4.43832,228.887,0.92345,0.102684,-1.0,-1.0,18.826,2.05687,1747,4643423
32,121,insert,18.022,-1.0,-1.0,-1.0,-1.0,26.976,2.06238,1748,4657252
32,122,search,6781.9,2925.18,2883.43,4.86447,197.726,0.92367,0.102644,-1.0,-1.0,19.051,2.06238,1748,4657252
32,123,insert,373.755,-1.0,-1.0,-1.0,-1.0,461.743,2.1879,1791,4938477
32,124,search,7385.03,2986.53,3350,4.49559,238.204,0.92435,0.102825,-1.0,-1.0,151.971,2.18851,1802,4938477
32,125,insert,62.108,-1.0,-1.0,-1.0,-1.0,94.538,2.20647,1813,4980492
32,126,search,7436.53,2967.16,3354.13,4.49473,232.51,0.92439,0.10301,-1.0,-1.0,50.007,2.20681,1816,4980492
32,127,insert,58.812,-1.0,-1.0,-1.0,-1.0,105.269,2.22753,1828,5030515
32,128,search,7412.12,2962.95,3292.38,4.469,224.935,0.92505,0.102382,-1.0,-1.0,43.026,2.2277,1830,5030515
32,129,delete,29.283,-1.0,-1.0,-1.0,-1.0,87.677,2.22608,1801,5009391
32,130,search,7320.74,2947.77,3261.66,4.43298,227.742,0.92378,0.103338,-1.0,-1.0,23.209,2.22608,1801,5009391
32,131,delete,8.148,-1.0,-1.0,-1.0,-1.0,21.495,2.22608,1801,5004093
32,132,search,7065.68,2944.8,3026.37,4.8042,214.271,0.92374,0.103506,-1.0,-1.0,23.316,2.22608,1801,5004093
32,133,delete,18.49,-1.0,-1.0,-1.0,-1.0,38.119,2.22465,1800,4991787
32,134,search,7094.82,2932.84,3055.44,4.75779,221.056,0.92371,0.103607,-1.0,-1.0,22.414,2.22465,1800,4991787
32,135,delete,23.12,-1.0,-1.0,-1.0,-1.0,49.523,2.22234,1798,4974857
32,136,search,7156.63,2924.28,3117.37,4.66818,220.155,0.92347,0.103572,-1.0,-1.0,22.464,2.22234,1798,4974857
32,137,delete,6.595,-1.0,-1.0,-1.0,-1.0,20.962,2.22234,1798,4971386
32,138,search,7225.06,2920.85,3184.26,4.57692,224.688,0.92341,0.103626,-1.0,-1.0,21.86,2.22234,1798,4971386
32,139,delete,10.847,-1.0,-1.0,-1.0,-1.0,21.69,2.22234,1798,4963487
32,140,search,7130,2913.46,3077.49,4.69119,225.883,0.92334,0.10374,-1.0,-1.0,22.114,2.22234,1798,4963487
32,141,delete,27.41,-1.0,-1.0,-1.0,-1.0,66.745,2.21837,1793,4941830
32,142,search,7181.4,2903.59,3142.74,4.56458,220.061,0.92315,0.103854,-1.0,-1.0,22.876,2.21837,1793,4941830
32,143,delete,21.419,-1.0,-1.0,-1.0,-1.0,72.829,2.21437,1790,4925657
32,144,search,6903.93,2898.02,2893.78,4.87989,201.182,0.92324,0.103736,-1.0,-1.0,21.938,2.21437,1790,4925657
32,145,delete,3.191,-1.0,-1.0,-1.0,-1.0,28.894,2.21377,1789,4922686
32,146,search,6930.06,2897.27,2920.77,4.80801,200.654,0.92309,0.103918,-1.0,-1.0,21.58,2.21377,1789,4922686
32,147,delete,9.314,-1.0,-1.0,-1.0,-1.0,20.911,2.21377,1789,4913636
32,148,search,6966.02,2889.44,2949.78,4.79149,201.401,0.92311,0.103935,-1.0,-1.0,22.793,2.21377,1789,4913636
32,149,delete,236.835,-1.0,-1.0,-1.0,-1.0,1090.42,2.13176,1704,4717250
32,150,search,6763.5,2910.02,2920.83,4.69217,204.291,0.92204,0.104698,-1.0,-1.0,101.482,2.1335,1714,4717250
32,151,delete,166.618,-1.0,-1.0,-1.0,-1.0,965.723,2.06444,1639,4560269
64,2,search,2626.54,37.3338,157.931,1.81926,145.912,0.8551,0.130106,-1.0,-1.0,8.01,0.0184881,1000,38806
64,3,insert,18.741,-1.0,-1.0,-1.0,-1.0,15.725,0.0226681,998,49334
64,4,search,2594.21,66.3942,122.972,1.86496,137.089,0.86613,0.128797,-1.0,-1.0,14.256,0.0226611,997,49334
64,5,insert,39.042,-1.0,-1.0,-1.0,-1.0,172.777,0.032979,994,73557
64,6,search,2566.55,190.088,193.23,2.40647,101.882,0.92449,0.104144,-1.0,-1.0,105.28,0.032979,994,73557
64,7,insert,44.54,-1.0,-1.0,-1.0,-1.0,103.249,0.0425732,994,95766
64,8,search,2562.18,244.304,215.647,2.42346,101.197,0.92654,0.103026,-1.0,-1.0,96.08,0.0427523,996,95766
64,9,insert,7.37,-1.0,-1.0,-1.0,-1.0,78.037,0.044525,996,100025
64,10,search,2575.18,253.874,221.306,2.35147,102.972,0.92803,0.0997921,-1.0,-1.0,79.695,0.044525,996,100025
64,11,insert,19.118,-1.0,-1.0,-1.0,-1.0,80.238,0.049798,996,111417
64,12,search,2604.66,300.709,244.029,2.38548,100.375,0.92891,0.0999099,-1.0,-1.0,21.586,0.0498425,997,111417
64,13,insert,38.835,-1.0,-1.0,-1.0,-1.0,7.38,0.0608291,997,137139
64,14,search,2631.97,342.548,262.26,2.28254,102.83,0.92411,0.103417,-1.0,-1.0,21.674,0.0608373,999,137139
64,15,insert,35.691,-1.0,-1.0,-1.0,-1.0,7.332,0.0696721,999,156710
64,16,search,2721.14,379.057,279.223,2.33664,103.049,0.92194,0.104881,-1.0,-1.0,8.071,0.0696721,999,156710
64,17,insert,8.804,-1.0,-1.0,-1.0,-1.0,7.098,0.0715856,999,161773
64,18,search,2639.29,400.355,288.807,2.34008,98.4303,0.92332,0.103959,-1.0,-1.0,8.064,0.0715856,999,161773
64,19,insert,45.099,-1.0,-1.0,-1.0,-1.0,7.12,0.0782744,999,177161
64,20,search,2655.04,446.26,307.722,2.35572,95.6592,0.92759,0.100352,-1.0,-1.0,7.872,0.0782744,999,177161
64,21,insert,443.576,-1.0,-1.0,-1.0,-1.0,124.861,0.199902,1018,448898
64,22,search,2852.39,961.397,566.215,2.59674,79.3837,0.91872,0.101788,-1.0,-1.0,35.13,0.199993,1022,448898
64,23,insert,460.691,-1.0,-1.0,-1.0,-1.0,259.602,0.328074,1053,733493
64,24,search,3066.49,1390.87,782.442,2.68344,77.5245,0.91622,0.103371,-1.0,-1.0,78.15,0.328117,1062,733493
64,25,insert,50.668,-1.0,-1.0,-1.0,-1.0,23.164,0.344285,1064,777443
64,26,search,3148.99,1400.32,819.546,2.6369,84.5871,0.91637,0.103615,-1.0,-1.0,9.676,0.344285,1064,777443
64,27,insert,41.782,-1.0,-1.0,-1.0,-1.0,17.789,0.356204,1065,805394
64,28,search,3157.17,1428.33,849.198,2.63435,77.996,0.91692,0.103149,-1.0,-1.0,10.106,0.356204,1065,805394
64,29,insert,82.701,-1.0,-1.0,-1.0,-1.0,48.727,0.383698,1069,866391
64,30,search,3243.73,1506.54,900.829,2.61476,84.946,0.91896,0.102205,-1.0,-1.0,29.156,0.383698,1071,866391
64,31,insert,513.96,-1.0,-1.0,-1.0,-1.0,335.386,0.552921,1115,1239816
64,32,search,3598.75,1843.84,1135.49,2.61469,99.6489,0.91092,0.107936,-1.0,-1.0,96.476,0.553407,1122,1239816
64,33,insert,61.787,-1.0,-1.0,-1.0,-1.0,33.413,0.573868,1126,1291211
64,34,search,3585.62,1849.01,1134.71,2.65708,88.5778,0.91006,0.108664,-1.0,-1.0,62.882,0.573882,1130,1291211
64,35,insert,40.761,-1.0,-1.0,-1.0,-1.0,34.036,0.586277,1134,1324978
64,36,search,3712.72,1884.07,1200.13,2.59181,95.4756,0.91107,0.108028,-1.0,-1.0,42.471,0.586279,1137,1324978
64,37,insert,67.803,-1.0,-1.0,-1.0,-1.0,26.197,0.604752,1139,1371885
64,38,search,3730.95,1912.15,1239.69,2.60032,95.8629,0.91006,0.108267,-1.0,-1.0,10.964,0.604752,1139,1371885
64,39,insert,15.303,-1.0,-1.0,-1.0,-1.0,10.194,0.609275,1139,1379335
64,40,search,3729.19,1919.78,1238.29,2.59377,97.6537,0.9105,0.107984,-1.0,-1.0,10.983,0.609275,1139,1379335
64,41,insert,57.236,-1.0,-1.0,-1.0,-1.0,48.924,0.624207,1145,1413312
64,42,search,3930.17,1932.81,1249.87,2.60046,99.6635,0.91102,0.107985,-1.0,-1.0,10.681,0.624207,1145,1413312
64,43,insert,22.665,-1.0,-1.0,-1.0,-1.0,15.673,0.628627,1146,1423411
64,44,search,3885.09,1947.56,1254.09,2.61554,99.1629,0.91106,0.107969,-1.0,-1.0,10.256,0.628627,1146,1423411
64,45,insert,226.847,-1.0,-1.0,-1.0,-1.0,34.818,0.644894,1150,1457559
64,46,search,3760.51,1964.56,1239.46,2.686,99.1448,0.91177,0.107316,-1.0,-1.0,10.315,0.644894,1150,1457559
64,47,insert,317.506,-1.0,-1.0,-1.0,-1.0,264.848,0.748132,1178,1688593
64,48,search,3980.84,2108.44,1380.86,2.63049,107.889,0.91133,0.109385,-1.0,-1.0,110.34,0.74835,1187,1688593
64,49,insert,48.873,-1.0,-1.0,-1.0,-1.0,66.261,0.76353,1195,1723505
64,50,search,4015.77,2082.94,1386.14,2.62056,112.372,0.91207,0.108626,-1.0,-1.0,46.321,0.76353,1198,1723505
64,51,insert,410.519,-1.0,-1.0,-1.0,-1.0,289.158,0.904273,1238,2035040
64,52,search,4270.79,2266.8,1545.67,2.63651,119.882,0.9137,0.108734,-1.0,-1.0,65.429,0.904361,1246,2035040
64,53,insert,49.301,-1.0,-1.0,-1.0,-1.0,16.945,0.920874,1247,2078341
64,54,search,4220.9,2280.27,1464.39,2.8638,109.179,0.91404,0.108533,-1.0,-1.0,9.934,0.920874,1247,2078341
64,55,insert,375.888,-1.0,-1.0,-1.0,-1.0,456.454,1.06931,1297,2399905
64,56,search,4613.54,2439.32,1732.05,2.59923,132.804,0.91369,0.110102,-1.0,-1.0,105.217,1.06931,1307,2399905
64,57,insert,23.96,-1.0,-1.0,-1.0,-1.0,25.279,1.0777,1310,2419836
64,58,search,4586.64,2407.26,1689.46,2.70535,129.619,0.91319,0.110856,-1.0,-1.0,48.253,1.07771,1314,2419836
64,59,insert,237.718,-1.0,-1.0,-1.0,-1.0,199.74,1.17583,1333,2643083
64,60,search,4713.57,2457.41,1763.97,2.63271,138.297,0.90689,0.117823,-1.0,-1.0,48.552,1.1759,1335,2643083
64,61,insert,10.891,-1.0,-1.0,-1.0,-1.0,10.366,1.17948,1335,2653064
64,62,search,4784.12,2464.92,1811.23,2.58567,153.289,0.90746,0.117809,-1.0,-1.0,18.506,1.17949,1336,2653064
64,63,insert,4.756,-1.0,-1.0,-1.0,-1.0,10.292,1.18057,1336,2656118
64,64,search,4840.05,2464.19,1864.4,2.56628,164.521,0.90761,0.117555,-1.0,-1.0,11.879,1.18057,1336,2656118
64,65,insert,121.704,-1.0,-1.0,-1.0,-1.0,148.988,1.21204,1357,2723424
64,66,search,4663.62,2468.13,1671.83,2.92842,139.751,0.90775,0.116817,-1.0,-1.0,11.031,1.21204,1357,2723424
64,67,insert,59.91,-1.0,-1.0,-1.0,-1.0,78.777,1.234,1367,2769021
64,68,search,4917.55,2493.27,1888.63,2.61351,145.428,0.90907,0.11564,-1.0,-1.0,21.68,1.234,1369,2769021
64,69,insert,57.066,-1.0,-1.0,-1.0,-1.0,82.344,1.25611,1379,2821777
64,70,search,4964.19,2495.61,1904.1,2.64779,155.12,0.91,0.114672,-1.0,-1.0,20.658,1.25611,1380,2821777
64,71,insert,17.729,-1.0,-1.0,-1.0,-1.0,36.07,1.26203,1384,2834921
64,72,search,4873.27,2499.39,1818.64,2.80486,143.96,0.91027,0.114485,-1.0,-1.0,11.103,1.26203,1384,2834921
64,73,insert,8.046,-1.0,-1.0,-1.0,-1.0,10.355,1.26404,1384,2842044
64,74,search,4662.47,2505.65,1638.91,3.06525,120.376,0.91029,0.11452,-1.0,-1.0,11.078,1.26404,1384,2842044
64,75,insert,28.554,-1.0,-1.0,-1.0,-1.0,25.112,1.27211,1386,2858890
64,76,search,4980.15,2512.95,1917.29,2.6076,156.148,0.91015,0.11481,-1.0,-1.0,11.072,1.27211,1386,2858890
64,77,insert,35.684,-1.0,-1.0,-1.0,-1.0,10.399,1.28091,1386,2882818
64,78,search,4976.02,2527.06,1917.67,2.6283,156.33,0.90983,0.115032,-1.0,-1.0,10.928,1.28091,1386,2882818
64,79,insert,460.971,-1.0,-1.0,-1.0,-1.0,32.498,1.30751,1390,2947806
64,80,search,4750.48,2548.78,1697.25,3.02889,129.785,0.90985,0.114626,-1.0,-1.0,11.002,1.30751,1390,2947806
64,81,insert,37.064,-1.0,-1.0,-1.0,-1.0,52.572,1.31993,1396,2976895
64,82,search,5027.33,2554.56,1934.29,2.64605,154.159,0.91102,0.114083,-1.0,-1.0,11.436,1.31993,1396,2976895
64,83,insert,17.578,-1.0,-1.0,-1.0,-1.0,37.354,1.32588,1400,2990682
64,84,search,5064.99,2558.65,1951.53,2.62494,145.832,0.91144,0.113844,-1.0,-1.0,13.093,1.32588,1400,2990682
64,85,insert,44.917,-1.0,-1.0,-1.0,-1.0,61.536,1.34102,1405,3025613
64,86,search,4990.9,2576.22,1875.01,2.76205,140.681,0.91205,0.112905,-1.0,-1.0,14.145,1.34102,1405,3025613
64,87,insert,574.055,-1.0,-1.0,-1.0,-1.0,691.309,1.5448,1494,3468632
64,88,search,5387.75,2720.13,2091.58,2.78009,159.432,0.91491,0.109854,-1.0,-1.0,124.351,1.54479,1509,3468632
64,89,insert,404.361,-1.0,-1.0,-1.0,-1.0,508.891,1.70607,1581,3831692
64,90,search,5702.04,2779.78,2214.29,2.88679,168.557,0.91865,0.105792,-1.0,-1.0,50.516,1.7064,1586,3831692
64,91,insert,32.196,-1.0,-1.0,-1.0,-1.0,40.277,1.71659,1590,3864067
64,92,search,5957.23,2787.03,2437.6,2.58567,189.506,0.91865,0.10565,-1.0,-1.0,12.305,1.71659,1590,3864067
64,93,insert,275.036,-1.0,-1.0,-1.0,-1.0,294.332,1.8221,1629,4103827
64,94,search,5888.04,2840.72,2306.88,2.86596,172.855,0.91955,0.10462,-1.0,-1.0,37.238,1.82234,1632,4103827
64,95,insert,16.997,-1.0,-1.0,-1.0,-1.0,25.793,1.82804,1634,4119898
64,96,search,5916.66,2842.41,2324.77,2.88803,171.48,0.91973,0.104353,-1.0,-1.0,15.759,1.82804,1634,4119898
64,97,insert,10.766,-1.0,-1.0,-1.0,-1.0,25.968,1.83127,1636,4129367
64,98,search,6117.93,2842.66,2512.49,2.63016,190.134,0.91951,0.104303,-1.0,-1.0,12.607,1.83127,1636,4129367
64,99,insert,6.656,-1.0,-1.0,-1.0,-1.0,31.873,1.8335,1639,4134502
64,100,search,5923.55,2837.85,2354.92,2.83582,181.23,0.91934,0.104498,-1.0,-1.0,13.298,1.8335,1639,4134502
64,101,insert,37.469,-1.0,-1.0,-1.0,-1.0,93.62,1.84511,1649,4164482
64,102,search,6199.86,2832.1,2549.99,2.60515,193.826,0.91973,0.104439,-1.0,-1.0,13.19,1.84511,1649,4164482
64,103,insert,15.824,-1.0,-1.0,-1.0,-1.0,55.454,1.85108,1655,4178601
64,104,search,5889.07,2825.08,2251.31,2.90414,171.495,0.91975,0.104487,-1.0,-1.0,26.986,1.85145,1657,4178601
64,105,insert,9.428,-1.0,-1.0,-1.0,-1.0,19.004,1.85467,1658,4187774
64,106,search,6067.49,2825.07,2425.57,2.72635,181.892,0.91962,0.104749,-1.0,-1.0,14.758,1.85467,1658,4187774
64,107,insert,24.768,-1.0,-1.0,-1.0,-1.0,34.64,1.8593,1660,4200109
64,108,search,5942.58,2827.34,2284.97,2.9041,175.873,0.91962,0.104921,-1.0,-1.0,24.053,1.85956,1661,4200109
64,109,insert,485.176,-1.0,-1.0,-1.0,-1.0,558.126,2.02228,1730,4557867
64,110,search,6637.35,2909.7,2782.8,2.57447,225.816,0.92101,0.103273,-1.0,-1.0,33.788,2.02255,1732,4557867
64,111,insert,29.064,-1.0,-1.0,-1.0,-1.0,55.614,2.03407,1738,4587252
64,112,search,6260.58,2919.14,2424.25,2.95996,181.822,0.92132,0.103141,-1.0,-1.0,16.518,2.03407,1738,4587252
64,113,insert,12.372,-1.0,-1.0,-1.0,-1.0,30.665,2.03837,1740,4600056
64,114,search,6602.94,2924.35,2718.56,2.68409,211.139,0.92172,0.102893,-1.0,-1.0,24.827,2.0386,1741,4600056
64,115,insert,31.006,-1.0,-1.0,-1.0,-1.0,44.215,2.04678,1745,4627422
64,116,search,6646.24,2932.06,2798.54,2.56826,219.97,0.92204,0.102585,-1.0,-1.0,17.215,2.04678,1745,4627422
64,117,insert,16.372,-1.0,-1.0,-1.0,-1.0,22.83,2.0526,1746,4639292
64,118,search,6355.5,2936.91,2512.25,2.87826,189.021,0.92214,0.102435,-1.0,-1.0,17.556,2.0526,1746,4639292
64,119,insert,6.316,-1.0,-1.0,-1.0,-1.0,24.198,2.05443,1747,4643423
64,120,search,6707.79,2938.27,2795.43,2.64371,221.212,0.92254,0.10212,-1.0,-1.0,25.173,2.05469,1748,4643423
64,121,insert,17.557,-1.0,-1.0,-1.0,-1.0,57.198,2.05992,1753,4657252
64,122,search,6716.27,2934.77,2835.79,2.54687,222.412,0.9223,0.102201,-1.0,-1.0,18.247,2.05992,1753,4657252
64,123,insert,380.504,-1.0,-1.0,-1.0,-1.0,463.51,2.18724,1797,4938477
64,124,search,6815.01,2987.69,2828.75,2.69943,224.598,0.92269,0.10321,-1.0,-1.0,134.393,2.18771,1805,4938477
64,125,insert,57.278,-1.0,-1.0,-1.0,-1.0,92.241,2.20649,1815,4980492
64,126,search,6944.53,2977.75,2900.57,2.58266,220.596,0.92346,0.102659,-1.0,-1.0,109.982,2.20652,1820,4980492
64,127,insert,65.698,-1.0,-1.0,-1.0,-1.0,116.296,2.23159,1834,5030515
64,128,search,7028.62,2967.04,2931,2.59624,225.599,0.92426,0.102161,-1.0,-1.0,64.747,2.23163,1837,5030515
64,129,delete,26.443,-1.0,-1.0,-1.0,-1.0,91.197,2.22978,1806,5009391
64,130,search,6861.19,2952.42,2852.46,2.63984,228.079,0.92288,0.102948,-1.0,-1.0,21.99,2.22978,1806,5009391
64,131,delete,6.792,-1.0,-1.0,-1.0,-1.0,20.697,2.22978,1806,5004093
64,132,search,6628.08,2949.46,2640.26,2.87616,210.861,0.9229,0.10289,-1.0,-1.0,22.589,2.22978,1806,5004093
64,133,delete,15.767,-1.0,-1.0,-1.0,-1.0,20.134,2.22978,1806,4991787
64,134,search,6865.4,2933.85,2877.2,2.62521,226.831,0.92276,0.103186,-1.0,-1.0,21.775,2.22978,1806,4991787
64,135,delete,22.055,-1.0,-1.0,-1.0,-1.0,47.219,2.22742,1804,4974857
64,136,search,6982.47,2925.65,2956.19,2.55784,234.508,0.92274,0.102976,-1.0,-1.0,22.335,2.22742,1804,4974857
64,137,delete,6.377,-1.0,-1.0,-1.0,-1.0,20.403,2.22742,1804,4971386
64,138,search,6647.41,2922.99,2650.07,2.83395,203.169,0.9227,0.102915,-1.0,-1.0,21.666,2.22742,1804,4971386
64,139,delete,10.796,-1.0,-1.0,-1.0,-1.0,21.549,2.22742,1804,4963487
64,140,search,6676.66,2916.5,2690.98,2.81427,206.833,0.92261,0.103047,-1.0,-1.0,21.254,2.22742,1804,4963487
64,141,delete,25.754,-1.0,-1.0,-1.0,-1.0,88.26,2.22259,1799,4941830
64,142,search,6847.06,2907.89,2839.11,2.58996,219.557,0.9224,0.103361,-1.0,-1.0,21.465,2.22259,1799,4941830
64,143,delete,16.859,-1.0,-1.0,-1.0,-1.0,71.392,2.21822,1795,4925657
64,144,search,6206.4,2903.07,2268.98,3.26355,167.899,0.92263,0.103238,-1.0,-1.0,24.347,2.21822,1795,4925657
64,145,delete,5.46,-1.0,-1.0,-1.0,-1.0,20.909,2.21822,1795,4922686
64,146,search,6569.64,2900.63,2581.43,2.88622,199.478,0.92252,0.103286,-1.0,-1.0,23.414,2.21822,1795,4922686
64,147,delete,14.775,-1.0,-1.0,-1.0,-1.0,20.692,2.21822,1795,4913636
64,148,search,6844.56,2892.29,2835.33,2.57608,222.499,0.92231,0.103517,-1.0,-1.0,23.082,2.21822,1795,4913636
64,149,delete,234.826,-1.0,-1.0,-1.0,-1.0,938.215,2.13896,1726,4717250
64,150,search,6560.45,2870.52,2686.87,2.60014,221.504,0.92092,0.104763,-1.0,-1.0,50.944,2.13959,1729,4717250
64,151,delete,180.865,-1.0,-1.0,-1.0,-1.0,882.738,2.0694,1662,4560269
128,2,search,2672.92,37.3734,193.408,1.57112,146.09,0.8551,0.130106,-1.0,-1.0,8.273,0.0184881,1000,38806
128,3,insert,19.778,-1.0,-1.0,-1.0,-1.0,12.527,0.0226428,999,49334
128,4,search,2577.16,66.2194,114.734,1.56425,137.43,0.86574,0.128987,-1.0,-1.0,14.508,0.0226534,998,49334
128,5,insert,38.547,-1.0,-1.0,-1.0,-1.0,170.823,0.0329117,995,73557
128,6,search,2556.42,187.295,189.044,1.91824,100.373,0.92412,0.104554,-1.0,-1.0,106.033,0.0329117,995,73557
128,7,insert,44.506,-1.0,-1.0,-1.0,-1.0,103.567,0.042543,995,95766
128,8,search,2588.87,240.494,203.781,1.75569,104.853,0.92577,0.103649,-1.0,-1.0,91.689,0.0427935,997,95766
128,9,insert,7.264,-1.0,-1.0,-1.0,-1.0,78.597,0.0446825,997,100025
128,10,search,2571.7,250.307,204.436,1.78213,98.4934,0.92722,0.100238,-1.0,-1.0,80.141,0.0446825,997,100025
128,11,insert,19.346,-1.0,-1.0,-1.0,-1.0,80.695,0.0499327,997,111417
128,12,search,2587.18,295.418,227.1,1.75309,98.531,0.92777,0.100455,-1.0,-1.0,82.699,0.0499327,997,111417
128,13,insert,39.192,-1.0,-1.0,-1.0,-1.0,81.02,0.0609344,997,137139
128,14,search,2607.11,340.65,244.88,1.7373,97.6542,0.9243,0.102713,-1.0,-1.0,22.357,0.0610009,998,137139
128,15,insert,33.217,-1.0,-1.0,-1.0,-1.0,7.481,0.0696093,998,156710
128,16,search,2728.37,376.497,266.477,1.56422,114.592,0.9225,0.103704,-1.0,-1.0,20.464,0.0696162,1000,156710
128,17,insert,9.048,-1.0,-1.0,-1.0,-1.0,7.315,0.0716815,1000,161773
128,18,search,2732.98,392.205,276.734,1.5835,111.851,0.92366,0.102827,-1.0,-1.0,7.88,0.0716815,1000,161773
128,19,insert,44.099,-1.0,-1.0,-1.0,-1.0,7.187,0.0784176,1000,177161
128,20,search,2719.71,437.328,298.856,1.60736,99.0863,0.92789,0.0995028,-1.0,-1.0,8.126,0.0784176,1000,177161
128,21,insert,440.718,-1.0,-1.0,-1.0,-1.0,117.706,0.200022,1019,448898
128,22,search,2843.27,957.76,547.629,1.58212,86.4297,0.91922,0.101238,-1.0,-1.0,15.914,0.200021,1020,448898
128,23,insert,462.344,-1.0,-1.0,-1.0,-1.0,270.342,0.328597,1057,733493
128,24,search,3055.96,1347.73,748.178,1.60548,81.3464,0.91455,0.103761,-1.0,-1.0,76.181,0.328595,1066,733493
128,25,insert,51.247,-1.0,-1.0,-1.0,-1.0,22.264,0.345498,1068,777443
128,26,search,3159.81,1361.1,787.472,1.56722,84.5448,0.91515,0.103898,-1.0,-1.0,10.008,0.345498,1068,777443
128,27,insert,42.327,-1.0,-1.0,-1.0,-1.0,16.808,0.357461,1069,805394
128,28,search,3135.43,1387.96,818.094,1.57461,76.0259,0.91631,0.103092,-1.0,-1.0,10.714,0.357461,1069,805394
128,29,insert,83.756,-1.0,-1.0,-1.0,-1.0,44.067,0.385205,1073,866391
128,30,search,3247.34,1465.03,857.04,1.57942,81.5404,0.91711,0.103313,-1.0,-1.0,19.549,0.385205,1074,866391
128,31,insert,490.293,-1.0,-1.0,-1.0,-1.0,374.179,0.551257,1119,1239816
128,32,search,3468.09,1819.27,1017.75,1.63485,93.6226,0.91062,0.107705,-1.0,-1.0,95.024,0.551731,1125,1239816
128,33,insert,72.548,-1.0,-1.0,-1.0,-1.0,27.9,0.574347,1128,1291211
128,34,search,3631.86,1838.72,1128.5,1.52663,108.611,0.91159,0.107419,-1.0,-1.0,67.711,0.574363,1132,1291211
128,35,insert,58.072,-1.0,-1.0,-1.0,-1.0,48.49,0.587698,1138,1324978
128,36,search,3647.91,1864.39,1151.51,1.54002,109.336,0.91216,0.106088,-1.0,-1.0,44.172,0.587822,1142,1324978
128,37,insert,70.171,-1.0,-1.0,-1.0,-1.0,36.307,0.607045,1145,1371885
128,38,search,3660.8,1881.28,1167.42,1.53074,100.707,0.91112,0.106482,-1.0,-1.0,16.776,0.607045,1146,1371885
128,39,insert,10.05,-1.0,-1.0,-1.0,-1.0,9.774,0.609242,1146,1379335
128,40,search,3568.35,1884.38,1071.17,1.70063,94.0265,0.91113,0.107087,-1.0,-1.0,11.165,0.609242,1146,1379335
128,41,insert,65.889,-1.0,-1.0,-1.0,-1.0,46.712,0.62536,1151,1413312
128,42,search,3709.76,1900.02,1174.61,1.56063,109.564,0.9115,0.107412,-1.0,-1.0,10.085,0.62536,1151,1413312
128,43,insert,17.864,-1.0,-1.0,-1.0,-1.0,27.933,0.629531,1154,1423411
128,44,search,3720.37,1905.36,1186.06,1.52132,110.368,0.91175,0.107427,-1.0,-1.0,10.578,0.629531,1154,1423411
128,45,insert,234.891,-1.0,-1.0,-1.0,-1.0,47.866,0.642682,1160,1457559
128,46,search,3758.61,1917.02,1194.5,1.50288,110.1,0.91241,0.106509,-1.0,-1.0,10.125,0.642682,1160,1457559
128,47,insert,357.856,-1.0,-1.0,-1.0,-1.0,299.407,0.749851,1192,1688593
128,48,search,3876.12,2042.75,1264.3,1.58569,109.413,0.911,0.109397,-1.0,-1.0,94.367,0.74999,1199,1688593
128,49,insert,49.951,-1.0,-1.0,-1.0,-1.0,27.559,0.764228,1201,1723505
128,50,search,3867.46,2052.05,1231.36,1.63839,102.87,0.91241,0.10851,-1.0,-1.0,34.011,0.764229,1203,1723505
128,51,insert,396.871,-1.0,-1.0,-1.0,-1.0,226.529,0.902507,1233,2035040
128,52,search,3967.37,2275.67,1299.85,1.73018,104.569,0.91476,0.107578,-1.0,-1.0,50.752,0.902566,1238,2035040
128,53,insert,57.107,-1.0,-1.0,-1.0,-1.0,36.495,0.921763,1241,2078341
128,54,search,4134.24,2290.9,1406.42,1.63922,112.607,0.91496,0.107858,-1.0,-1.0,17.827,0.921977,1242,2078341
128,55,insert,375.758,-1.0,-1.0,-1.0,-1.0,441.649,1.07026,1292,2399905
128,56,search,4275.94,2444.12,1457.7,1.71297,112.143,0.91459,0.108633,-1.0,-1.0,93.156,1.07026,1300,2399905
128,57,insert,24.301,-1.0,-1.0,-1.0,-1.0,27.733,1.07801,1303,2419836
128,58,search,4522.63,2429.77,1659.22,1.54172,131.006,0.91462,0.108049,-1.0,-1.0,65.763,1.07802,1309,2419836
128,59,insert,238.196,-1.0,-1.0,-1.0,-1.0,246.929,1.17777,1335,2643083
128,60,search,4689.56,2451.35,1737.72,1.53919,136.991,0.90933,0.114786,-1.0,-1.0,71.702,1.17783,1339,2643083
128,61,insert,18.728,-1.0,-1.0,-1.0,-1.0,10.54,1.18183,1339,2653064
128,62,search,4399.76,2448.45,1482.53,1.79632,116.341,0.90872,0.115477,-1.0,-1.0,11.557,1.18183,1339,2653064
128,63,insert,4.994,-1.0,-1.0,-1.0,-1.0,10.679,1.18277,1339,2656118
128,64,search,4300.7,2450.54,1406.54,1.9001,111.818,0.90895,0.115223,-1.0,-1.0,10.843,1.18277,1339,2656118
128,65,insert,96.497,-1.0,-1.0,-1.0,-1.0,118.642,1.21013,1355,2723424
128,66,search,4344.74,2481.23,1414.44,1.92827,107.8,0.90971,0.115128,-1.0,-1.0,10.815,1.21013,1355,2723424
128,67,insert,50.475,-1.0,-1.0,-1.0,-1.0,83.197,1.23159,1367,2769021
128,68,search,4865.18,2501.05,1837.8,1.48516,152.946,0.91084,0.114243,-1.0,-1.0,22.388,1.23159,1369,2769021
128,69,insert,71.992,-1.0,-1.0,-1.0,-1.0,91.249,1.25528,1380,2821777
128,70,search,4818.08,2507.25,1837.02,1.48939,161.161,0.91229,0.112735,-1.0,-1.0,29.664,1.25528,1382,2821777
128,71,insert,20.39,-1.0,-1.0,-1.0,-1.0,42.327,1.2608,1387,2834921
128,72,search,4760.19,2496.71,1710.85,1.65207,139.021,0.91219,0.112676,-1.0,-1.0,11.215,1.2608,1387,2834921
128,73,insert,10.428,-1.0,-1.0,-1.0,-1.0,39.387,1.26407,1390,2842044
128,74,search,4632.54,2496.01,1610.51,1.7445,124.843,0.91198,0.112816,-1.0,-1.0,11.676,1.26407,1390,2842044
128,75,insert,24.51,-1.0,-1.0,-1.0,-1.0,33.275,1.27168,1393,2858890
128,76,search,4716.86,2502.38,1678.82,1.64033,137.458,0.91211,0.11258,-1.0,-1.0,11.768,1.27168,1393,2858890
128,77,insert,35.895,-1.0,-1.0,-1.0,-1.0,22.862,1.28123,1395,2882818
128,78,search,4736.67,2509.86,1649.89,1.74866,133.845,0.91192,0.113269,-1.0,-1.0,11.145,1.28123,1395,2882818
128,79,insert,522.997,-1.0,-1.0,-1.0,-1.0,28.77,1.3082,1398,2947806
128,80,search,4742.67,2535.28,1696.37,1.69836,133.443,0.91112,0.114186,-1.0,-1.0,11.044,1.3082,1398,2947806
128,81,insert,40.581,-1.0,-1.0,-1.0,-1.0,26.973,1.32114,1400,2976895
128,82,search,4717.08,2552.33,1642.97,1.7715,128.507,0.91269,0.113262,-1.0,-1.0,13.845,1.32114,1400,2976895
128,83,insert,21.89,-1.0,-1.0,-1.0,-1.0,43.234,1.32735,1404,2990682
128,84,search,4978.83,2545.85,1881.72,1.52826,169.901,0.91255,0.113483,-1.0,-1.0,12.03,1.32735,1404,2990682
128,85,insert,39.963,-1.0,-1.0,-1.0,-1.0,36.838,1.34118,1407,3025613
128,86,search,5027.54,2567.03,1894.99,1.50228,171.252,0.91364,0.112676,-1.0,-1.0,11.94,1.34118,1407,3025613
128,87,insert,583.273,-1.0,-1.0,-1.0,-1.0,713.119,1.5438,1496,3468632
128,88,search,5274.38,2714.3,1987.12,1.65221,162.617,0.91636,0.109635,-1.0,-1.0,133.633,1.54406,1511,3468632
128,89,insert,407.613,-1.0,-1.0,-1.0,-1.0,525.221,1.70293,1589,3831692
128,90,search,5671.03,2765.8,2162.66,1.61618,181.652,0.92028,0.105347,-1.0,-1.0,53.068,1.70303,1594,3831692
128,91,insert,34.169,-1.0,-1.0,-1.0,-1.0,78.722,1.71425,1604,3864067
128,92,search,5821.99,2747.5,2286.43,1.48336,187.114,0.91968,0.105539,-1.0,-1.0,12.755,1.71425,1604,3864067
128,93,insert,276.199,-1.0,-1.0,-1.0,-1.0,267.595,1.81715,1637,4103827
128,94,search,5678.44,2813.67,2103.71,1.72851,170.906,0.91939,0.105292,-1.0,-1.0,31.991,1.81715,1639,4103827
128,95,insert,18.536,-1.0,-1.0,-1.0,-1.0,38.089,1.82414,1643,4119898
128,96,search,6057.54,2810.38,2421.27,1.47388,211.26,0.9196,0.105084,-1.0,-1.0,12.83,1.82414,1643,4119898
128,97,insert,10.326,-1.0,-1.0,-1.0,-1.0,12.189,1.82646,1643,4129367
128,98,search,5702.45,2816.05,2137.41,1.67699,170.89,0.91974,0.105019,-1.0,-1.0,13.07,1.82646,1643,4129367
128,99,insert,8.41,-1.0,-1.0,-1.0,-1.0,12.688,1.8286,1643,4134502
128,100,search,5987.11,2820.8,2389.7,1.4877,197.015,0.91982,0.104903,-1.0,-1.0,13.215,1.8286,1643,4134502
128,101,insert,40.264,-1.0,-1.0,-1.0,-1.0,49.839,1.83958,1647,4164482
128,102,search,5694.63,2833.56,2086.72,1.73857,167.614,0.92025,0.104626,-1.0,-1.0,14.783,1.83958,1647,4164482
128,103,insert,22.082,-1.0,-1.0,-1.0,-1.0,12.923,1.8457,1647,4178601
128,104,search,5749.82,2845.16,2148.51,1.68581,176.209,0.92047,0.104456,-1.0,-1.0,14.423,1.8457,1647,4178601
128,105,insert,16.612,-1.0,-1.0,-1.0,-1.0,32.099,1.85116,1649,4187774
128,106,search,5413.62,2847.28,1870.44,1.94771,143.915,0.92032,0.104794,-1.0,-1.0,13.717,1.85116,1649,4187774
128,107,insert,27.985,-1.0,-1.0,-1.0,-1.0,14.34,1.8579,1649,4200109
128,108,search,6076.41,2853.33,2452.8,1.45184,219.078,0.92012,0.104965,-1.0,-1.0,13.389,1.8579,1649,4200109
128,109,insert,508.097,-1.0,-1.0,-1.0,-1.0,566.208,2.0223,1719,4557867
128,110,search,6250.29,2931.18,2450.76,1.59353,202.399,0.92161,0.103518,-1.0,-1.0,71.441,2.02237,1725,4557867
128,111,insert,32.616,-1.0,-1.0,-1.0,-1.0,77.828,2.03297,1734,4587252
128,112,search,6527.12,2917.35,2662.05,1.47734,233.423,0.92226,0.103215,-1.0,-1.0,16.59,2.03297,1734,4587252
128,113,insert,13.929,-1.0,-1.0,-1.0,-1.0,45.537,2.03783,1738,4600056
128,114,search,6084.71,2916.91,2295.75,1.7641,183.922,0.92221,0.103193,-1.0,-1.0,17.617,2.03783,1738,4600056
128,115,insert,38.522,-1.0,-1.0,-1.0,-1.0,84.571,2.05028,1748,4627422
128,116,search,6440.85,2910.52,2565.7,1.51956,217.169,0.92258,0.102955,-1.0,-1.0,17.666,2.05028,1748,4627422
128,117,insert,16.603,-1.0,-1.0,-1.0,-1.0,42.956,2.05526,1751,4639292
128,118,search,6181.35,2911.34,2348.08,1.73787,184.706,0.92262,0.102713,-1.0,-1.0,18.672,2.05526,1751,4639292
128,119,insert,6.167,-1.0,-1.0,-1.0,-1.0,17.446,2.05682,1751,4643423
128,120,search,6285.1,2913.87,2457.09,1.65481,196.518,0.92262,0.102801,-1.0,-1.0,18.54,2.05682,1751,4643423
128,121,insert,15.847,-1.0,-1.0,-1.0,-1.0,54.095,2.0624,1756,4657252
128,122,search,6507.64,2909.48,2618.13,1.51251,215.915,0.92286,0.102655,-1.0,-1.0,17.725,2.0624,1756,4657252
128,123,insert,364.47,-1.0,-1.0,-1.0,-1.0,444.934,2.18895,1798,4938477
128,124,search,6696.12,2972.57,2724.92,1.48439,225.272,0.92318,0.102883,-1.0,-1.0,122.379,2.18966,1806,4938477
128,125,insert,54.468,-1.0,-1.0,-1.0,-1.0,68.089,2.20631,1813,4980492
128,126,search,6790.38,2965.59,2769.86,1.48993,230.4,0.92326,0.102501,-1.0,-1.0,75.712,2.20633,1815,4980492
128,127,insert,60.263,-1.0,-1.0,-1.0,-1.0,95.113,2.22727,1825,5030515
128,128,search,6626.47,2978.65,2597.07,1.63349,212.357,0.92397,0.102067,-1.0,-1.0,49.162,2.22728,1827,5030515
128,129,delete,22.025,-1.0,-1.0,-1.0,-1.0,89.334,2.22556,1796,5009391
128,130,search,6474.79,2966.61,2512.51,1.66005,210.533,0.92287,0.102821,-1.0,-1.0,22.5,2.22556,1796,5009391
128,131,delete,7.617,-1.0,-1.0,-1.0,-1.0,20.786,2.22556,1796,5004093
128,132,search,6760.28,2963.63,2780.61,1.4696,232.463,0.92289,0.102829,-1.0,-1.0,21.653,2.22556,1796,5004093
128,133,delete,15.215,-1.0,-1.0,-1.0,-1.0,20.319,2.22556,1796,4991787
128,134,search,6748.44,2949.28,2765.75,1.48629,224.709,0.92269,0.102958,-1.0,-1.0,21.504,2.22556,1796,4991787
128,135,delete,20.041,-1.0,-1.0,-1.0,-1.0,47.122,2.22298,1794,4974857
128,136,search,6701.61,2940.97,2719.4,1.47086,225.483,0.92294,0.102725,-1.0,-1.0,29.69,2.22322,1795,4974857
128,137,delete,3.645,-1.0,-1.0,-1.0,-1.0,20.462,2.22322,1795,4971386
128,138,search,6661.84,2935.76,2683.09,1.532,222.81,0.92286,0.102908,-1.0,-1.0,21.85,2.22322,1795,4971386
128,139,delete,11.537,-1.0,-1.0,-1.0,-1.0,21.169,2.22322,1795,4963487
128,140,search,6743.66,2928.45,2752.26,1.4665,238.529,0.92279,0.102956,-1.0,-1.0,21.319,2.22322,1795,4963487
128,141,delete,26.521,-1.0,-1.0,-1.0,-1.0,74.554,2.21841,1789,4941830
128,142,search,6465.21,2920.1,2513.18,1.61547,208.331,0.92273,0.102956,-1.0,-1.0,21.831,2.21841,1789,4941830
128,143,delete,18.795,-1.0,-1.0,-1.0,-1.0,53.512,2.21435,1786,4925657
128,144,search,6464.88,2913.74,2530.09,1.61155,204.737,0.92248,0.103227,-1.0,-1.0,21.384,2.21435,1786,4925657
128,145,delete,2.652,-1.0,-1.0,-1.0,-1.0,20.083,2.21435,1786,4922686
128,146,search,6643.56,2911.38,2664.46,1.49956,226.949,0.9224,0.103458,-1.0,-1.0,22.681,2.21435,1786,4922686
128,147,delete,16.747,-1.0,-1.0,-1.0,-1.0,20.977,2.21435,1786,4913636
128,148,search,6312.67,2904.26,2374.72,1.69628,193.394,0.92221,0.103657,-1.0,-1.0,21.821,2.21435,1786,4913636
128,149,delete,236.893,-1.0,-1.0,-1.0,-1.0,1040.08,2.13458,1710,4717250
128,150,search,6054.93,2897.64,2303.56,1.73004,185.692,0.92174,0.104141,-1.0,-1.0,48.316,2.13515,1713,4717250
128,151,delete,164.27,-1.0,-1.0,-1.0,-1.0,1020.29,2.06202,1632,4560269
256,2,search,2866.33,37.4413,330.337,1.38984,158.664,0.8551,0.130106,-1.0,-1.0,8.102,0.0184881,1000,38806
256,3,insert,20.283,-1.0,-1.0,-1.0,-1.0,16.146,0.0226681,998,49334
256,4,search,2651.24,65.2517,113.564,1.3625,157.538,0.86613,0.128797,-1.0,-1.0,14.509,0.0226611,997,49334
256,5,insert,40.119,-1.0,-1.0,-1.0,-1.0,175.679,0.0329766,993,73557
256,6,search,2630.64,184.092,193.766,1.61817,109.375,0.92433,0.104255,-1.0,-1.0,105.528,0.0329766,993,73557
256,7,insert,44.735,-1.0,-1.0,-1.0,-1.0,103.687,0.0425054,993,95766
256,8,search,2663.43,234.618,202.5,1.43228,122.105,0.9262,0.103389,-1.0,-1.0,92.553,0.0426968,995,95766
256,9,insert,6.946,-1.0,-1.0,-1.0,-1.0,78.873,0.0444112,995,100025
256,10,search,2645.79,242.678,201.303,1.41079,120.474,0.92898,0.0992193,-1.0,-1.0,80.217,0.0444112,995,100025
256,11,insert,19.58,-1.0,-1.0,-1.0,-1.0,80.938,0.0498874,995,111417
256,12,search,2592.93,287.737,228.644,1.37054,114.145,0.92977,0.0991206,-1.0,-1.0,22.504,0.0499416,996,111417
256,13,insert,39.701,-1.0,-1.0,-1.0,-1.0,7.54,0.061167,996,137139
256,14,search,2646.73,329.176,246.49,1.26251,124.809,0.92541,0.102488,-1.0,-1.0,21.691,0.0611767,998,137139
256,15,insert,33.622,-1.0,-1.0,-1.0,-1.0,7.52,0.0697745,998,156710
256,16,search,2736.8,363.55,265.618,1.17019,122.11,0.92281,0.104133,-1.0,-1.0,8.082,0.0697745,998,156710
256,17,insert,9.018,-1.0,-1.0,-1.0,-1.0,7.422,0.0715571,998,161773
256,18,search,2722.54,383.144,280.243,1.22124,117.091,0.92457,0.102932,-1.0,-1.0,8.016,0.0715571,998,161773
256,19,insert,43.901,-1.0,-1.0,-1.0,-1.0,7.708,0.0780545,998,177161
256,20,search,2731.35,426.895,296.71,1.15218,115.739,0.92857,0.0994008,-1.0,-1.0,7.988,0.0780545,998,177161
256,21,insert,434.263,-1.0,-1.0,-1.0,-1.0,130.134,0.2,1020,448898
256,22,search,2989.65,920.288,555.602,1.09872,100.624,0.91983,0.101275,-1.0,-1.0,24.346,0.199999,1022,448898
256,23,insert,461.042,-1.0,-1.0,-1.0,-1.0,253.765,0.328127,1055,733493
256,24,search,3149,1326.46,796.222,1.01771,96.2053,0.91588,0.104384,-1.0,-1.0,84.882,0.328126,1066,733493
256,25,insert,52.962,-1.0,-1.0,-1.0,-1.0,23.132,0.344823,1068,777443
256,26,search,3257.76,1323.09,791.535,1.02197,101.93,0.91588,0.104126,-1.0,-1.0,14.648,0.344825,1069,777443
256,27,insert,41.55,-1.0,-1.0,-1.0,-1.0,17.491,0.356823,1070,805394
256,28,search,3007.11,1346.48,686.649,1.25006,60.8945,0.91612,0.103925,-1.0,-1.0,10.542,0.356823,1070,805394
256,29,insert,80.746,-1.0,-1.0,-1.0,-1.0,49.045,0.38411,1074,866391
256,30,search,3225.46,1422.7,853.496,1.0155,90.8802,0.91789,0.103308,-1.0,-1.0,31.605,0.384109,1076,866391
256,31,insert,535.243,-1.0,-1.0,-1.0,-1.0,338.05,0.554277,1118,1239816
256,32,search,3496.15,1769.06,1097.16,0.937941,105.159,0.91086,0.10801,-1.0,-1.0,90.883,0.554304,1124,1239816
256,33,insert,65.119,-1.0,-1.0,-1.0,-1.0,10.187,0.574957,1124,1291211
256,34,search,3590.48,1796.63,1128.59,0.965828,94.8247,0.91146,0.107481,-1.0,-1.0,65.144,0.574972,1128,1291211
256,35,insert,44.384,-1.0,-1.0,-1.0,-1.0,27.639,0.586001,1131,1324978
256,36,search,3621.82,1836.28,1149.15,0.949324,101.944,0.91204,0.106854,-1.0,-1.0,32.279,0.586003,1133,1324978
256,37,insert,73.402,-1.0,-1.0,-1.0,-1.0,25.869,0.605043,1135,1371885
256,38,search,3680.43,1867.93,1186.04,0.982134,106.601,0.91197,0.107114,-1.0,-1.0,9.939,0.605043,1135,1371885
256,39,insert,14.426,-1.0,-1.0,-1.0,-1.0,9.05,0.608616,1135,1379335
256,40,search,3678.11,1877.3,1190.66,0.975344,96.5397,0.91244,0.107044,-1.0,-1.0,11.623,0.608616,1135,1379335
256,41,insert,69.362,-1.0,-1.0,-1.0,-1.0,61.036,0.625497,1142,1413312
256,42,search,3678.45,1889.6,1184.38,0.982888,97.1329,0.91241,0.107267,-1.0,-1.0,10.661,0.625497,1142,1413312
256,43,insert,21.297,-1.0,-1.0,-1.0,-1.0,23.908,0.630431,1144,1423411
256,44,search,3680.06,1896.38,1198.79,0.997243,99.01,0.91228,0.107439,-1.0,-1.0,17.045,0.63057,1145,1423411
256,45,insert,224.293,-1.0,-1.0,-1.0,-1.0,48.184,0.64474,1151,1457559
256,46,search,3700.12,1897.31,1192.76,0.971471,99.873,0.91199,0.106876,-1.0,-1.0,10.125,0.64474,1151,1457559
256,47,insert,334.543,-1.0,-1.0,-1.0,-1.0,297.361,0.749693,1181,1688593
256,48,search,3925.2,2031.93,1323.09,0.943001,115.165,0.91136,0.109144,-1.0,-1.0,101.757,0.749692,1188,1688593
256,49,insert,49.098,-1.0,-1.0,-1.0,-1.0,49.923,0.764331,1193,1723505
256,50,search,3931.86,2031.26,1315.67,0.95153,115.329,0.91121,0.109561,-1.0,-1.0,53.741,0.764331,1196,1723505
256,51,insert,403.629,-1.0,-1.0,-1.0,-1.0,275.633,0.903658,1231,2035040
256,52,search,4049.83,2227.73,1365.35,1.04454,109.593,0.91414,0.108013,-1.0,-1.0,65.174,0.903742,1239,2035040
256,53,insert,48.623,-1.0,-1.0,-1.0,-1.0,23.635,0.920441,1241,2078341
256,54,search,4026.55,2234.68,1315.46,1.03059,105.334,0.9147,0.10715,-1.0,-1.0,10.294,0.920441,1241,2078341
256,55,insert,388.35,-1.0,-1.0,-1.0,-1.0,431.382,1.0691,1294,2399905
256,56,search,4508.55,2386.52,1653.19,0.934143,138.976,0.9147,0.109905,-1.0,-1.0,79.398,1.0691,1302,2399905
256,57,insert,23.073,-1.0,-1.0,-1.0,-1.0,16.346,1.07595,1303,2419836
256,58,search,4482.37,2367.03,1641.36,0.958809,136.756,0.91404,0.110006,-1.0,-1.0,38.654,1.07596,1306,2419836
256,59,insert,262.715,-1.0,-1.0,-1.0,-1.0,138.061,1.17566,1317,2643083
256,60,search,4556.06,2445.47,1668.06,0.986127,135.888,0.90783,0.117466,-1.0,-1.0,32.403,1.17566,1320,2643083
256,61,insert,12.504,-1.0,-1.0,-1.0,-1.0,9.865,1.17978,1320,2653064
256,62,search,4657.78,2450.05,1728.37,0.933409,140.965,0.90795,0.117649,-1.0,-1.0,12.166,1.17978,1320,2653064
256,63,insert,5.623,-1.0,-1.0,-1.0,-1.0,10.825,1.18088,1320,2656118
256,64,search,4649.03,2453.17,1739.01,0.933658,149.92,0.90797,0.117517,-1.0,-1.0,12.316,1.18088,1320,2656118
256,65,insert,106.05,-1.0,-1.0,-1.0,-1.0,94.81,1.20921,1332,2723424
256,66,search,4634.52,2493.86,1714.58,0.947239,143.737,0.90884,0.116484,-1.0,-1.0,10.767,1.20921,1332,2723424
256,67,insert,51.307,-1.0,-1.0,-1.0,-1.0,112.12,1.23034,1348,2769021
256,68,search,4542.21,2497.1,1581.95,1.08508,132.845,0.90983,0.115543,-1.0,-1.0,16.93,1.23034,1349,2769021
256,69,insert,61.417,-1.0,-1.0,-1.0,-1.0,86.023,1.2527,1359,2821777
256,70,search,4780.07,2507.73,1801.43,0.966099,158.153,0.91055,0.11448,-1.0,-1.0,20.453,1.2527,1360,2821777
256,71,insert,18.378,-1.0,-1.0,-1.0,-1.0,37.117,1.25796,1364,2834921
256,72,search,4834.85,2509.13,1817.14,0.922589,167.184,0.91112,0.114098,-1.0,-1.0,11.275,1.25796,1364,2834921
256,73,insert,12.435,-1.0,-1.0,-1.0,-1.0,10.345,1.26159,1364,2842044
256,74,search,4778.43,2514.37,1796.74,0.960248,153.768,0.91113,0.114122,-1.0,-1.0,11.267,1.26159,1364,2842044
256,75,insert,29.17,-1.0,-1.0,-1.0,-1.0,24.27,1.2705,1366,2858890
256,76,search,4562.94,2524.17,1607.64,1.09059,132.605,0.91126,0.113863,-1.0,-1.0,11.524,1.2705,1366,2858890
256,77,insert,39.64,-1.0,-1.0,-1.0,-1.0,10.593,1.28015,1366,2882818
256,78,search,4782.35,2537.01,1817.36,0.958382,148.02,0.91092,0.114045,-1.0,-1.0,11.797,1.28015,1366,2882818
256,79,insert,514.244,-1.0,-1.0,-1.0,-1.0,18.395,1.30633,1367,2947806
256,80,search,4880.56,2575.58,1870.15,0.921732,161.661,0.91098,0.114338,-1.0,-1.0,18.337,1.30654,1368,2947806
256,81,insert,38.66,-1.0,-1.0,-1.0,-1.0,55.447,1.31819,1374,2976895
256,82,search,4784,2581.7,1753.4,0.995773,143.095,0.91195,0.113698,-1.0,-1.0,11.056,1.31819,1374,2976895
256,83,insert,17.081,-1.0,-1.0,-1.0,-1.0,35.815,1.32434,1378,2990682
256,84,search,4633.4,2577.11,1646.72,1.06359,129.527,0.91184,0.113599,-1.0,-1.0,11.679,1.32434,1378,2990682
256,85,insert,39.969,-1.0,-1.0,-1.0,-1.0,61.15,1.3397,1385,3025613
256,86,search,4928.29,2585.27,1887.93,0.92073,154.339,0.91249,0.113156,-1.0,-1.0,11.172,1.3397,1385,3025613
256,87,insert,569.139,-1.0,-1.0,-1.0,-1.0,773.146,1.5473,1487,3468632
256,88,search,5326.17,2689.83,2057.41,0.925801,163.066,0.91491,0.110715,-1.0,-1.0,116.108,1.54746,1499,3468632
256,89,insert,414.199,-1.0,-1.0,-1.0,-1.0,504.674,1.70663,1574,3831692
256,90,search,5748.78,2764.38,2270.67,0.903898,186.019,0.91887,0.106379,-1.0,-1.0,77.178,1.70668,1582,3831692
256,91,insert,36.18,-1.0,-1.0,-1.0,-1.0,60.497,1.71714,1589,3864067
256,92,search,5785.23,2750.71,2285.2,0.881235,184.123,0.91881,0.106611,-1.0,-1.0,12.829,1.71714,1589,3864067
256,93,insert,307.138,-1.0,-1.0,-1.0,-1.0,259.868,1.82079,1619,4103827
256,94,search,5876.67,2829.51,2316.68,0.946039,198.877,0.91912,0.105968,-1.0,-1.0,29.653,1.82079,1621,4103827
256,95,insert,18.506,-1.0,-1.0,-1.0,-1.0,51.153,1.82827,1627,4119898
256,96,search,5964.28,2825.48,2380.98,0.911465,187.887,0.91964,0.105314,-1.0,-1.0,13.181,1.82827,1627,4119898
256,97,insert,12.408,-1.0,-1.0,-1.0,-1.0,20.91,1.8316,1628,4129367
256,98,search,5828.58,2828.91,2275.18,0.97034,184.668,0.91976,0.105313,-1.0,-1.0,13.327,1.8316,1628,4129367
256,99,insert,8.518,-1.0,-1.0,-1.0,-1.0,12.492,1.83383,1628,4134502
256,100,search,5949.02,2832.12,2384.27,0.899291,193.251,0.91983,0.105226,-1.0,-1.0,13.375,1.83383,1628,4134502
256,101,insert,38.787,-1.0,-1.0,-1.0,-1.0,76.393,1.84491,1636,4164482
256,102,search,5794.24,2833.34,2234.06,1.04672,185.466,0.91992,0.105399,-1.0,-1.0,12.908,1.84491,1636,4164482
256,103,insert,17.349,-1.0,-1.0,-1.0,-1.0,50.529,1.85182,1642,4178601
256,104,search,6008.08,2826.94,2408.94,0.909554,195.455,0.9199,0.105363,-1.0,-1.0,12.987,1.85182,1642,4178601
256,105,insert,8.85,-1.0,-1.0,-1.0,-1.0,12.267,1.85431,1642,4187774
256,106,search,5813.17,2832.66,2229.58,1.02871,187.355,0.91983,0.105587,-1.0,-1.0,13.668,1.85431,1642,4187774
256,107,insert,18.205,-1.0,-1.0,-1.0,-1.0,12.785,1.85962,1642,4200109
256,108,search,5842.4,2837.99,2244.56,0.989398,186.496,0.91989,0.105406,-1.0,-1.0,23.361,1.85983,1643,4200109
256,109,insert,500.814,-1.0,-1.0,-1.0,-1.0,624.11,2.0205,1720,4557867
256,110,search,6396.58,2901.06,2596.91,0.929012,225.455,0.92197,0.103476,-1.0,-1.0,80.567,2.02122,1728,4557867
256,111,insert,31.387,-1.0,-1.0,-1.0,-1.0,75.726,2.03278,1737,4587252
256,112,search,6109.01,2884.77,2291.3,1.078,182.615,0.9221,0.103374,-1.0,-1.0,17.436,2.03278,1737,4587252
256,113,insert,14.404,-1.0,-1.0,-1.0,-1.0,32.235,2.03735,1739,4600056
256,114,search,6524.41,2888.06,2480.84,0.961726,199.095,0.92215,0.103368,-1.0,-1.0,17.999,2.03735,1739,4600056
256,115,insert,43.309,-1.0,-1.0,-1.0,-1.0,47.142,2.04779,1743,4627422
256,116,search,6492.41,2899.32,2630.39,0.920091,220.396,0.92267,0.102705,-1.0,-1.0,17.624,2.04779,1743,4627422
256,117,insert,13.62,-1.0,-1.0,-1.0,-1.0,34.505,2.05203,1745,4639292
256,118,search,6134.54,2899.47,2336.07,1.07785,183.971,0.92248,0.102926,-1.0,-1.0,18.03,2.05203,1745,4639292
256,119,insert,6.298,-1.0,-1.0,-1.0,-1.0,24.207,2.05389,1746,4643423
256,120,search,6400,2899.72,2550.14,0.950733,214.22,0.92252,0.102928,-1.0,-1.0,17.738,2.05389,1746,4643423
256,121,insert,20.098,-1.0,-1.0,-1.0,-1.0,26.22,2.06078,1747,4657252
256,122,search,6498.7,2903.95,2633.75,0.930259,224.178,0.92294,0.102599,-1.0,-1.0,17.682,2.06078,1747,4657252
256,123,insert,379.336,-1.0,-1.0,-1.0,-1.0,485.271,2.18936,1795,4938477
256,124,search,6715.31,2956.24,2744.62,0.919639,231.059,0.92372,0.103096,-1.0,-1.0,141.044,2.18969,1806,4938477
256,125,insert,56.514,-1.0,-1.0,-1.0,-1.0,68.034,2.20571,1813,4980492
256,126,search,6732.05,2942.33,2743.16,0.933147,215.235,0.92371,0.102968,-1.0,-1.0,40.245,2.20572,1815,4980492
256,127,insert,57.406,-1.0,-1.0,-1.0,-1.0,94.105,2.22736,1827,5030515
256,128,search,6795.51,2946,2758.05,0.922444,222.095,0.92462,0.102437,-1.0,-1.0,38.843,2.22736,1828,5030515
256,129,delete,28.434,-1.0,-1.0,-1.0,-1.0,90.75,2.2254,1797,5009391
256,130,search,6696.33,2939.33,2725.81,0.918491,222.668,0.92307,0.103577,-1.0,-1.0,22.207,2.2254,1797,5009391
256,131,delete,7.269,-1.0,-1.0,-1.0,-1.0,20.997,2.2254,1797,5004093
256,132,search,6810.16,2936.88,2733.65,0.910311,226.461,0.92292,0.103672,-1.0,-1.0,22.719,2.2254,1797,5004093
256,133,delete,18.759,-1.0,-1.0,-1.0,-1.0,36.288,2.22391,1796,4991787
256,134,search,6683.1,2925.37,2720.98,0.915476,218.388,0.92282,0.103783,-1.0,-1.0,21.952,2.22391,1796,4991787
256,135,delete,23.352,-1.0,-1.0,-1.0,-1.0,44.279,2.22165,1794,4974857
256,136,search,6310.71,2918.86,2377.65,1.02803,193.222,0.92308,0.103255,-1.0,-1.0,22.246,2.22165,1794,4974857
256,137,delete,4.952,-1.0,-1.0,-1.0,-1.0,20.796,2.22165,1794,4971386
256,138,search,6671.55,2914.84,2701.87,0.90167,229.279,0.92288,0.103539,-1.0,-1.0,21.552,2.22165,1794,4971386
256,139,delete,9.822,-1.0,-1.0,-1.0,-1.0,21.417,2.22165,1794,4963487
256,140,search,6640,2907.48,2685.61,0.910211,217.249,0.92285,0.103533,-1.0,-1.0,21.345,2.22165,1794,4963487
256,141,delete,25.446,-1.0,-1.0,-1.0,-1.0,75.564,2.21747,1788,4941830
256,142,search,6357.26,2898.23,2441.96,0.997016,193.82,0.9226,0.103556,-1.0,-1.0,22.321,2.21747,1788,4941830
256,143,delete,24.262,-1.0,-1.0,-1.0,-1.0,84.533,2.21355,1785,4925657
256,144,search,6583.42,2894.91,2664.5,0.931983,220.398,0.92211,0.104108,-1.0,-1.0,21.51,2.21355,1785,4925657
256,145,delete,3.551,-1.0,-1.0,-1.0,-1.0,28.247,2.21299,1784,4922686
256,146,search,6543.69,2895.28,2643.58,0.91346,209.633,0.92193,0.104468,-1.0,-1.0,21.319,2.21299,1784,4922686
256,147,delete,10.092,-1.0,-1.0,-1.0,-1.0,20.777,2.21299,1784,4913636
256,148,search,6308.84,2888.37,2396.65,1.03852,191.941,0.92179,0.104427,-1.0,-1.0,23.12,2.21299,1784,4913636
256,149,delete,244.769,-1.0,-1.0,-1.0,-1.0,1058.02,2.13531,1709,4717250
256,150,search,6101.67,2880.55,2358.59,1.01385,189.857,0.9211,0.10525,-1.0,-1.0,75.315,2.13636,1715,4717250
256,151,delete,157.611,-1.0,-1.0,-1.0,-1.0,914.043,2.06733,1647,4560269
512,2,search,3081.92,37.5312,516.295,1.35883,171.176,0.8551,0.130106,-1.0,-1.0,8.376,0.0184881,1000,38806
512,3,insert,21.57,-1.0,-1.0,-1.0,-1.0,16.587,0.0226681,998,49334
512,4,search,2588.01,63.6871,110.971,1.29105,164.717,0.86613,0.128797,-1.0,-1.0,14.859,0.0226611,997,49334
512,5,insert,39.785,-1.0,-1.0,-1.0,-1.0,176.651,0.0329766,993,73557
512,6,search,2628.96,173.704,192.378,1.40674,127.296,0.92433,0.104255,-1.0,-1.0,114.93,0.0330819,995,73557
512,7,insert,47.141,-1.0,-1.0,-1.0,-1.0,104.677,0.0426107,995,95766
512,8,search,2650.17,218.462,207.347,1.26948,124.911,0.92582,0.103612,-1.0,-1.0,94.22,0.0428012,997,95766
512,9,insert,7.661,-1.0,-1.0,-1.0,-1.0,78.959,0.0445267,997,100025
512,10,search,2660.56,224.701,201.025,1.21733,137.267,0.92703,0.100737,-1.0,-1.0,81.375,0.0445267,997,100025
512,11,insert,18.595,-1.0,-1.0,-1.0,-1.0,81.095,0.0497772,997,111417
512,12,search,2668.86,265.794,234.323,1.14347,134.971,0.92784,0.100473,-1.0,-1.0,82.498,0.0497772,997,111417
512,13,insert,41.156,-1.0,-1.0,-1.0,-1.0,81.183,0.0610515,997,137139
512,14,search,2694.24,309.176,256.388,1.09032,131.669,0.92449,0.102927,-1.0,-1.0,22.082,0.061098,998,137139
512,15,insert,37.121,-1.0,-1.0,-1.0,-1.0,7.587,0.0698157,998,156710
512,16,search,2757.94,340.453,280.127,0.995509,138.001,0.92241,0.104278,-1.0,-1.0,22.401,0.0698182,1000,156710
512,17,insert,8.947,-1.0,-1.0,-1.0,-1.0,7.636,0.0717762,1000,161773
512,18,search,2774.93,355.577,284.893,0.973773,145.56,0.92371,0.103298,-1.0,-1.0,14.669,0.0718484,1001,161773
512,19,insert,43.717,-1.0,-1.0,-1.0,-1.0,7.452,0.0784384,1001,177161
512,20,search,2701.02,391.993,306.172,0.932754,124.974,0.92743,0.0998076,-1.0,-1.0,8.73,0.0784384,1001,177161
512,21,insert,463.774,-1.0,-1.0,-1.0,-1.0,131.862,0.199859,1022,448898
512,22,search,2948.97,864.317,597.271,0.751287,103.408,0.91911,0.101388,-1.0,-1.0,17.117,0.199859,1023,448898
512,23,insert,483.702,-1.0,-1.0,-1.0,-1.0,300.494,0.327972,1065,733493
512,24,search,3264.54,1225.65,868.738,0.733657,115.833,0.91418,0.105459,-1.0,-1.0,79.017,0.32797,1075,733493
512,25,insert,52.827,-1.0,-1.0,-1.0,-1.0,28.909,0.344801,1078,777443
512,26,search,3362.24,1225.59,858.826,0.737085,120.645,0.91477,0.104863,-1.0,-1.0,20.832,0.344805,1079,777443
512,27,insert,42.216,-1.0,-1.0,-1.0,-1.0,18.415,0.357304,1080,805394
512,28,search,3317.34,1248.94,877.108,0.742225,99.2403,0.91561,0.104355,-1.0,-1.0,11.356,0.357304,1080,805394
512,29,insert,85.074,-1.0,-1.0,-1.0,-1.0,59.617,0.385079,1086,866391
512,30,search,3185.1,1317.81,823.326,0.747189,88.5482,0.91631,0.10471,-1.0,-1.0,32.504,0.385078,1088,866391
512,31,insert,558.846,-1.0,-1.0,-1.0,-1.0,322.519,0.550965,1128,1239816
512,32,search,3731.35,1675.45,1236.99,0.664256,118.219,0.91144,0.107881,-1.0,-1.0,124.58,0.55147,1139,1239816
512,33,insert,79.799,-1.0,-1.0,-1.0,-1.0,23.179,0.573302,1141,1291211
512,34,search,3793.96,1681.91,1256.77,0.630706,122.548,0.91095,0.107869,-1.0,-1.0,69.28,0.573315,1145,1291211
512,35,insert,48.661,-1.0,-1.0,-1.0,-1.0,48.619,0.586868,1152,1324978
512,36,search,3824.76,1703.33,1276.63,0.691769,120.023,0.91059,0.10817,-1.0,-1.0,35.953,0.58687,1154,1324978
512,37,insert,68.793,-1.0,-1.0,-1.0,-1.0,27.225,0.605706,1156,1371885
512,38,search,3800.46,1737.65,1256.95,0.752149,114.153,0.91053,0.108734,-1.0,-1.0,17.938,0.605705,1157,1371885
512,39,insert,16.888,-1.0,-1.0,-1.0,-1.0,9.552,0.609685,1157,1379335
512,40,search,3867.03,1743.21,1323.8,0.674302,109.203,0.91065,0.109062,-1.0,-1.0,10.452,0.609685,1157,1379335
512,41,insert,60.531,-1.0,-1.0,-1.0,-1.0,51.73,0.625533,1163,1413312
512,42,search,3881.89,1764.45,1338.56,0.659283,118.142,0.91106,0.109194,-1.0,-1.0,10.27,0.625533,1163,1413312
512,43,insert,20.684,-1.0,-1.0,-1.0,-1.0,14.461,0.630493,1164,1423411
512,44,search,3882.78,1772.39,1337.51,0.644442,119.439,0.9113,0.108826,-1.0,-1.0,10.48,0.630493,1164,1423411
512,45,insert,234.58,-1.0,-1.0,-1.0,-1.0,56.999,0.64488,1172,1457559
512,46,search,3918.2,1768.07,1346.81,0.660804,119.2,0.91107,0.108305,-1.0,-1.0,10.153,0.64488,1172,1457559
512,47,insert,335.362,-1.0,-1.0,-1.0,-1.0,308.094,0.748794,1205,1688593
512,48,search,3993.75,1901.18,1337.68,0.707576,122.709,0.9109,0.110261,-1.0,-1.0,104.577,0.748794,1212,1688593
512,49,insert,49.072,-1.0,-1.0,-1.0,-1.0,47.586,0.763736,1217,1723505
512,50,search,3921.81,1898.64,1271.33,0.780305,117.901,0.91129,0.110653,-1.0,-1.0,51.845,0.763766,1221,1723505
512,51,insert,405.153,-1.0,-1.0,-1.0,-1.0,286.593,0.903308,1260,2035040
512,52,search,4443.97,2085.42,1659.54,0.585809,156.198,0.91413,0.109514,-1.0,-1.0,68.825,0.903336,1268,2035040
512,53,insert,50.925,-1.0,-1.0,-1.0,-1.0,18.409,0.92077,1269,2078341
512,54,search,4482.87,2097.86,1678.09,0.636733,147.067,0.91366,0.10979,-1.0,-1.0,10.874,0.92077,1269,2078341
512,55,insert,397.23,-1.0,-1.0,-1.0,-1.0,423.494,1.07045,1318,2399905
512,56,search,4776.24,2267.77,1879.58,0.639122,150.332,0.91344,0.111654,-1.0,-1.0,84.038,1.07076,1325,2399905
512,57,insert,25.015,-1.0,-1.0,-1.0,-1.0,28.281,1.07864,1328,2419836
512,58,search,4808.94,2252.93,1877.33,0.587096,162.016,0.91372,0.111281,-1.0,-1.0,56.903,1.07867,1333,2419836
512,59,insert,244.817,-1.0,-1.0,-1.0,-1.0,145.65,1.17433,1347,2643083
512,60,search,4629.96,2325.58,1670.39,0.710197,133.376,0.90771,0.117562,-1.0,-1.0,60.565,1.17482,1354,2643083
512,61,insert,11.55,-1.0,-1.0,-1.0,-1.0,10.481,1.17852,1354,2653064
512,62,search,4987.84,2319.44,1964.48,0.563008,173.155,0.90754,0.117818,-1.0,-1.0,20.038,1.17852,1355,2653064
512,63,insert,6.224,-1.0,-1.0,-1.0,-1.0,10.684,1.17993,1355,2656118
512,64,search,4972.27,2318.93,1966.38,0.570011,169.715,0.90759,0.117622,-1.0,-1.0,12.398,1.17993,1355,2656118
512,65,insert,119.725,-1.0,-1.0,-1.0,-1.0,99.531,1.20809,1368,2723424
512,66,search,4807.67,2356.59,1798.47,0.644744,150.982,0.90837,0.117018,-1.0,-1.0,12.408,1.20809,1368,2723424
512,67,insert,59.906,-1.0,-1.0,-1.0,-1.0,104.963,1.22948,1383,2769021
512,68,search,5082.92,2359.33,2025.23,0.580215,165.056,0.90922,0.116233,-1.0,-1.0,18.318,1.22948,1384,2769021
512,69,insert,61.881,-1.0,-1.0,-1.0,-1.0,63.782,1.25058,1391,2821777
512,70,search,4936.27,2381.43,1877.1,0.726242,162.436,0.91037,0.114581,-1.0,-1.0,23.297,1.25058,1392,2821777
512,71,insert,14.918,-1.0,-1.0,-1.0,-1.0,16.711,1.25397,1393,2834921
512,72,search,4611.86,2396.06,1591.7,0.831008,131.348,0.91097,0.11416,-1.0,-1.0,20.597,1.25397,1394,2834921
512,73,insert,8.671,-1.0,-1.0,-1.0,-1.0,24.391,1.25693,1396,2842044
512,74,search,4651.18,2392.53,1598.17,0.792235,129.101,0.91099,0.114251,-1.0,-1.0,11.667,1.25693,1396,2842044
512,75,insert,26.555,-1.0,-1.0,-1.0,-1.0,19.584,1.26347,1397,2858890
512,76,search,5170.78,2403.75,2085.79,0.619548,178.94,0.91135,0.113769,-1.0,-1.0,11.319,1.26347,1397,2858890
512,77,insert,44.222,-1.0,-1.0,-1.0,-1.0,10.823,1.27511,1397,2882818
512,78,search,5166.66,2418.08,2091.55,0.671844,182.177,0.911,0.114026,-1.0,-1.0,11.415,1.27511,1397,2882818
512,79,insert,476.658,-1.0,-1.0,-1.0,-1.0,10.197,1.30272,1397,2947806
512,80,search,4822.15,2463.4,1775.46,0.675066,142.889,0.91097,0.114335,-1.0,-1.0,11.222,1.30272,1397,2947806
512,81,insert,43.264,-1.0,-1.0,-1.0,-1.0,56.613,1.31738,1403,2976895
512,82,search,5244.31,2471.72,2141.85,0.578193,189.208,0.91223,0.113488,-1.0,-1.0,10.882,1.31738,1403,2976895
512,83,insert,19.189,-1.0,-1.0,-1.0,-1.0,43.692,1.32452,1408,2990682
512,84,search,5233.7,2470.63,2112.28,0.671295,180.946,0.91241,0.113228,-1.0,-1.0,11.203,1.32452,1408,2990682
512,85,insert,36.68,-1.0,-1.0,-1.0,-1.0,53.746,1.33787,1414,3025613
512,86,search,4950.47,2481.92,1818.88,0.703009,158.136,0.91319,0.112903,-1.0,-1.0,11.061,1.33787,1414,3025613
512,87,insert,567.909,-1.0,-1.0,-1.0,-1.0,770.438,1.54343,1513,3468632
512,88,search,5501.3,2598.16,2163.89,0.676666,176.28,0.91582,0.110623,-1.0,-1.0,125.195,1.54374,1526,3468632
512,89,insert,453.461,-1.0,-1.0,-1.0,-1.0,497.151,1.70287,1603,3831692
512,90,search,5702.51,2668.34,2189.04,0.71032,178.989,0.91955,0.106091,-1.0,-1.0,50.412,1.70335,1608,3831692
512,91,insert,32.159,-1.0,-1.0,-1.0,-1.0,44.157,1.71428,1613,3864067
512,92,search,6107.53,2670.1,2542.61,0.627766,218.173,0.91937,0.106426,-1.0,-1.0,12.795,1.71428,1613,3864067
512,93,insert,294.786,-1.0,-1.0,-1.0,-1.0,230.27,1.82032,1642,4103827
512,94,search,6340.33,2753.31,2706.44,0.623243,229.026,0.91981,0.105658,-1.0,-1.0,43.453,1.8206,1646,4103827
512,95,insert,14.277,-1.0,-1.0,-1.0,-1.0,24.167,1.82533,1648,4119898
512,96,search,5888.4,2751.38,2288.82,0.728323,186.163,0.9201,0.105395,-1.0,-1.0,13.465,1.82533,1648,4119898
512,97,insert,11.469,-1.0,-1.0,-1.0,-1.0,26.373,1.82872,1650,4129367
512,98,search,6178.56,2752.44,2567.13,0.679557,215.853,0.92015,0.105233,-1.0,-1.0,13.573,1.82872,1650,4129367
512,99,insert,7.803,-1.0,-1.0,-1.0,-1.0,24.642,1.83062,1652,4134502
512,100,search,6391.94,2747.24,2742.74,0.57341,240.976,0.91998,0.105392,-1.0,-1.0,13.328,1.83062,1652,4134502
512,101,insert,38.886,-1.0,-1.0,-1.0,-1.0,62.067,1.84203,1658,4164482
512,102,search,6011.95,2752.25,2374.12,0.738195,204.204,0.92009,0.105303,-1.0,-1.0,12.924,1.84203,1658,4164482
512,103,insert,17.819,-1.0,-1.0,-1.0,-1.0,31.192,1.84868,1660,4178601
512,104,search,6214.56,2760.63,2567.53,0.648883,207.183,0.92053,0.104989,-1.0,-1.0,13.12,1.84868,1660,4178601
512,105,insert,8.564,-1.0,-1.0,-1.0,-1.0,27.611,1.85143,1662,4187774
512,106,search,5751.47,2759.93,2155.88,0.824231,173.431,0.92042,0.105291,-1.0,-1.0,13.33,1.85143,1662,4187774
512,107,insert,18.726,-1.0,-1.0,-1.0,-1.0,18.893,1.85624,1663,4200109
512,108,search,6402.99,2763.01,2750.9,0.615754,234.532,0.9202,0.105456,-1.0,-1.0,13.765,1.85624,1663,4200109
512,109,insert,453.74,-1.0,-1.0,-1.0,-1.0,599.418,2.0185,1741,4557867
512,110,search,6855.67,2823.18,2972.17,0.590868,237.469,0.92177,0.103787,-1.0,-1.0,79.842,2.01902,1746,4557867
512,111,insert,32.532,-1.0,-1.0,-1.0,-1.0,95.567,2.03066,1757,4587252
512,112,search,6908.58,2814.09,2983.51,0.592655,255.799,0.92215,0.103677,-1.0,-1.0,18.519,2.03066,1757,4587252
512,113,insert,15.137,-1.0,-1.0,-1.0,-1.0,17.487,2.03591,1757,4600056
512,114,search,6928.64,2819.81,3014.81,0.65285,251.051,0.92232,0.103657,-1.0,-1.0,18.944,2.03591,1757,4600056
512,115,insert,42.619,-1.0,-1.0,-1.0,-1.0,87.358,2.04542,1766,4627422
512,116,search,6593.19,2820.7,2712.59,0.634338,217.08,0.92254,0.103405,-1.0,-1.0,18.956,2.04542,1766,4627422
512,117,insert,17.602,-1.0,-1.0,-1.0,-1.0,27.627,2.05006,1767,4639292
512,118,search,6581,2825.46,2665.46,0.676412,221.738,0.92288,0.103317,-1.0,-1.0,18.943,2.05006,1767,4639292
512,119,insert,5.172,-1.0,-1.0,-1.0,-1.0,17.954,2.05101,1767,4643423
512,120,search,6865.76,2828.13,2926.09,0.678233,251.76,0.92295,0.103358,-1.0,-1.0,19.736,2.05101,1767,4643423
512,121,insert,26.05,-1.0,-1.0,-1.0,-1.0,44.866,2.05868,1770,4657252
512,122,search,6963.5,2831.94,3032.65,0.605625,264.525,0.92295,0.1033,-1.0,-1.0,19.192,2.05868,1770,4657252
512,123,insert,405.919,-1.0,-1.0,-1.0,-1.0,431.684,2.18824,1812,4938477
512,124,search,6759.88,2900.36,2778.96,0.672563,226.031,0.9235,0.103249,-1.0,-1.0,138.763,2.1889,1822,4938477
512,125,insert,57.65,-1.0,-1.0,-1.0,-1.0,77.841,2.20656,1831,4980492
512,126,search,7242.35,2884.61,3148.94,0.635022,258.651,0.92393,0.103134,-1.0,-1.0,100.548,2.20672,1836,4980492
512,127,insert,58.397,-1.0,-1.0,-1.0,-1.0,88.907,2.22588,1846,5030515
512,128,search,7357.2,2884.76,3209.58,0.626576,279.585,0.9246,0.102437,-1.0,-1.0,55.391,2.22589,1848,5030515
512,129,delete,27.019,-1.0,-1.0,-1.0,-1.0,94.329,2.22438,1817,5009391
512,130,search,7220.03,2884.87,3160.09,0.565198,272.008,0.92342,0.103273,-1.0,-1.0,23.694,2.22438,1817,5009391
512,131,delete,7.264,-1.0,-1.0,-1.0,-1.0,22.432,2.22438,1817,5004093
512,132,search,6961.85,2883.13,2912.6,0.643764,236.532,0.92346,0.10332,-1.0,-1.0,22.87,2.22438,1817,5004093
512,133,delete,14.969,-1.0,-1.0,-1.0,-1.0,21.678,2.22438,1817,4991787
512,134,search,6791.35,2869.03,2789.76,0.664741,227.585,0.92336,0.103664,-1.0,-1.0,23.223,2.22438,1817,4991787
512,135,delete,21.123,-1.0,-1.0,-1.0,-1.0,49.407,2.222,1815,4974857
512,136,search,7006.68,2861.27,2955,0.613294,255.432,0.92336,0.103461,-1.0,-1.0,23.104,2.222,1815,4974857
512,137,delete,4.225,-1.0,-1.0,-1.0,-1.0,22.027,2.222,1815,4971386
512,138,search,7181.92,2856.89,3108.05,0.567017,263.827,0.92334,0.103556,-1.0,-1.0,22.951,2.222,1815,4971386
512,139,delete,9.612,-1.0,-1.0,-1.0,-1.0,22.991,2.222,1815,4963487
512,140,search,6944.26,2851.74,2908.12,0.645543,234.228,0.92325,0.103631,-1.0,-1.0,22.751,2.222,1815,4963487
512,141,delete,28.646,-1.0,-1.0,-1.0,-1.0,73.261,2.21797,1810,4941830
512,142,search,7116,2842.22,3073.73,0.626838,248.974,0.92283,0.103728,-1.0,-1.0,26.163,2.21797,1810,4941830
512,143,delete,19.414,-1.0,-1.0,-1.0,-1.0,59.73,2.2144,1807,4925657
512,144,search,7089.58,2837.8,3060.71,0.589932,251.4,0.92311,0.103579,-1.0,-1.0,22.428,2.2144,1807,4925657
512,145,delete,2.941,-1.0,-1.0,-1.0,-1.0,21.721,2.2144,1807,4922686
512,146,search,7108.02,2834.44,3058.27,0.57106,262.15,0.92303,0.103629,-1.0,-1.0,22.461,2.2144,1807,4922686
512,147,delete,9.492,-1.0,-1.0,-1.0,-1.0,22.069,2.2144,1807,4913636
512,148,search,7104.68,2827.43,3062.03,0.570765,254.555,0.92295,0.10357,-1.0,-1.0,22.418,2.2144,1807,4913636
512,149,delete,214.69,-1.0,-1.0,-1.0,-1.0,1177.88,2.12967,1720,4717250
512,150,search,6799.12,2845.64,2927.37,0.58456,256.01,0.92191,0.105071,-1.0,-1.0,81.759,2.13043,1726,4717250
512,151,delete,168.829,-1.0,-1.0,-1.0,-1.0,859.111,2.06375,1658,4560269
1024,2,search,4156.4,37.7178,1683.56,1.08576,180.653,0.8551,0.130106,-1.0,-1.0,8.616,0.0184881,1000,38806
1024,3,insert,22.422,-1.0,-1.0,-1.0,-1.0,7.153,0.0226644,1000,49334
1024,4,search,2593.21,60.1351,115.112,1.13082,157.639,0.86604,0.12886,-1.0,-1.0,8.504,0.0226644,1000,49334
1024,5,insert,44.055,-1.0,-1.0,-1.0,-1.0,172.688,0.0330953,997,73557
1024,6,search,2566.38,152.235,189.893,1.3901,112.374,0.92386,0.105036,-1.0,-1.0,151.81,0.0330953,997,73557
1024,7,insert,47.627,-1.0,-1.0,-1.0,-1.0,133.077,0.0428118,998,95766
1024,8,search,2595.91,196.454,213.153,1.24889,122.614,0.92518,0.103938,-1.0,-1.0,97.464,0.043126,1001,95766
1024,9,insert,8.509,-1.0,-1.0,-1.0,-1.0,77.332,0.0448678,1001,100025
1024,10,search,2618.16,198.864,205.362,1.1218,126.702,0.92729,0.100268,-1.0,-1.0,79.583,0.0448678,1001,100025
1024,11,insert,19.687,-1.0,-1.0,-1.0,-1.0,79.851,0.0495679,1001,111417
1024,12,search,2604.84,231.702,227.512,1.13444,105.362,0.92776,0.10035,-1.0,-1.0,81.82,0.0495679,1001,111417
1024,13,insert,47.896,-1.0,-1.0,-1.0,-1.0,79.416,0.0609091,1001,137139
1024,14,search,2697.94,272.126,264.564,1.04029,118.966,0.925,0.102401,-1.0,-1.0,22.793,0.0612763,1002,137139
1024,15,insert,38.358,-1.0,-1.0,-1.0,-1.0,7.971,0.0699749,1002,156710
1024,16,search,2626.4,302.617,276.521,0.916084,119.266,0.92291,0.103342,-1.0,-1.0,16.589,0.0699785,1004,156710
1024,17,insert,5.059,-1.0,-1.0,-1.0,-1.0,5.989,0.0718398,1004,161773
1024,18,search,2520.66,315.478,261.15,1.08999,73.8584,0.92324,0.103581,-1.0,-1.0,13.758,0.0720618,1006,161773
1024,19,insert,27.544,-1.0,-1.0,-1.0,-1.0,6.228,0.0785082,1006,177161
1024,20,search,2514.58,345.081,274.751,1.05888,69.5007,0.92715,0.100366,-1.0,-1.0,8.848,0.0785082,1006,177161
1024,21,insert,475.581,-1.0,-1.0,-1.0,-1.0,155.617,0.200219,1032,448898
1024,22,search,2833.4,755.351,534.382,0.866427,84.0046,0.91772,0.102929,-1.0,-1.0,13.424,0.200219,1033,448898
1024,23,insert,489.331,-1.0,-1.0,-1.0,-1.0,304.132,0.328777,1077,733493
1024,24,search,3107.86,1085.92,757.957,0.741973,95.6478,0.91205,0.105883,-1.0,-1.0,74.838,0.328776,1086,733493
1024,25,insert,54.695,-1.0,-1.0,-1.0,-1.0,38.112,0.346067,1090,777443
1024,26,search,3139.71,1101.92,766.936,0.753231,84.8261,0.91281,0.105451,-1.0,-1.0,23.219,0.346096,1092,777443
1024,27,insert,43.049,-1.0,-1.0,-1.0,-1.0,23.783,0.357867,1094,805394
1024,28,search,3181.04,1113.12,806.053,0.7277,77.2537,0.91366,0.104823,-1.0,-1.0,12.014,0.357867,1094,805394
1024,29,insert,85.375,-1.0,-1.0,-1.0,-1.0,58.664,0.385698,1101,866391
1024,30,search,3233.21,1179.57,836.831,0.783533,90.6841,0.91502,0.105035,-1.0,-1.0,27.609,0.385698,1103,866391
1024,31,insert,520.827,-1.0,-1.0,-1.0,-1.0,331.181,0.552656,1145,1239816
1024,32,search,3564.76,1503.64,1045.57,0.717741,96.3234,0.9084,0.110647,-1.0,-1.0,110.586,0.553129,1154,1239816
1024,33,insert,67.492,-1.0,-1.0,-1.0,-1.0,15.381,0.574155,1155,1291211
1024,34,search,3592.48,1522.11,1061.16,0.706883,92.1074,0.90896,0.110692,-1.0,-1.0,78.639,0.574166,1159,1291211
1024,35,insert,60.493,-1.0,-1.0,-1.0,-1.0,14.333,0.587188,1160,1324978
1024,36,search,3648.26,1564.94,1101.79,0.673446,96.4307,0.91053,0.109293,-1.0,-1.0,41.522,0.587191,1163,1324978
1024,37,insert,77.78,-1.0,-1.0,-1.0,-1.0,40.151,0.607736,1167,1371885
1024,38,search,3670.18,1589.1,1114.98,0.700587,94.313,0.91012,0.1092,-1.0,-1.0,10.694,0.607736,1167,1371885
1024,39,insert,11.776,-1.0,-1.0,-1.0,-1.0,9.12,0.610103,1167,1379335
1024,40,search,3688.25,1593.49,1086.3,0.720698,93.588,0.91046,0.109269,-1.0,-1.0,10.014,0.610103,1167,1379335
1024,41,insert,58.86,-1.0,-1.0,-1.0,-1.0,40.122,0.625259,1171,1413312
1024,42,search,3822.89,1616.52,1204.23,0.649201,107.438,0.91075,0.109144,-1.0,-1.0,10.427,0.625259,1171,1413312
1024,43,insert,15.894,-1.0,-1.0,-1.0,-1.0,9.172,0.628465,1171,1423411
1024,44,search,3735.7,1632.61,1196.86,0.643744,104.404,0.91088,0.108697,-1.0,-1.0,10.535,0.628465,1171,1423411
1024,45,insert,249.706,-1.0,-1.0,-1.0,-1.0,56.59,0.643933,1179,1457559
1024,46,search,4054.73,1638.96,1463.71,0.561357,126.567,0.91109,0.107577,-1.0,-1.0,10.946,0.643933,1179,1457559
1024,47,insert,366.881,-1.0,-1.0,-1.0,-1.0,273.832,0.74974,1210,1688593
1024,48,search,4236.87,1770.27,1570.21,0.502076,141.142,0.91084,0.108671,-1.0,-1.0,94.613,0.749914,1218,1688593
1024,49,insert,49.705,-1.0,-1.0,-1.0,-1.0,33.041,0.764466,1221,1723505
1024,50,search,4277.12,1778.09,1584.78,0.530734,140.745,0.91194,0.108094,-1.0,-1.0,27.187,0.764466,1223,1723505
1024,51,insert,421.391,-1.0,-1.0,-1.0,-1.0,242.778,0.903494,1254,2035040
1024,52,search,4518.28,1991.14,1750.36,0.55433,138.836,0.9144,0.107707,-1.0,-1.0,40.605,0.903493,1258,2035040
1024,53,insert,47.289,-1.0,-1.0,-1.0,-1.0,47.679,0.919506,1263,2078341
1024,54,search,4609.23,2002.07,1802.07,0.537326,160.335,0.91418,0.107988,-1.0,-1.0,10.555,0.919506,1263,2078341
1024,55,insert,393.18,-1.0,-1.0,-1.0,-1.0,416.97,1.06716,1310,2399905
1024,56,search,4611.28,2190.59,1739.05,0.570061,132.609,0.91468,0.108578,-1.0,-1.0,83.312,1.06757,1320,2399905
1024,57,insert,26.971,-1.0,-1.0,-1.0,-1.0,14.844,1.07568,1321,2419836
1024,58,search,4982.06,2178.2,2041.18,0.529086,175.504,0.91488,0.108426,-1.0,-1.0,46.572,1.07577,1325,2419836
1024,59,insert,261.219,-1.0,-1.0,-1.0,-1.0,187.767,1.17357,1344,2643083
1024,60,search,4895.08,2259.06,1924.61,0.528271,157.962,0.90831,0.115342,-1.0,-1.0,52.311,1.17363,1347,2643083
1024,61,insert,17.139,-1.0,-1.0,-1.0,-1.0,23.684,1.17866,1349,2653064
1024,62,search,4743.62,2258.67,1775.5,0.638926,138.017,0.90837,0.115565,-1.0,-1.0,12.467,1.17866,1349,2653064
1024,63,insert,6.244,-1.0,-1.0,-1.0,-1.0,10.66,1.18016,1349,2656118
1024,64,search,5116.73,2260.15,2131.22,0.52302,175.461,0.90843,0.115564,-1.0,-1.0,11.893,1.18016,1349,2656118
1024,65,insert,104.033,-1.0,-1.0,-1.0,-1.0,140.93,1.20831,1370,2723424
1024,66,search,5092.93,2271.19,2047.74,0.493882,183.315,0.90874,0.115489,-1.0,-1.0,17.422,1.20831,1371,2723424
1024,67,insert,50.39,-1.0,-1.0,-1.0,-1.0,88.455,1.22886,1382,2769021
1024,68,search,4842.73,2286.9,1795.38,0.577678,151.773,0.90992,0.113859,-1.0,-1.0,29.179,1.22886,1385,2769021
1024,69,insert,64.163,-1.0,-1.0,-1.0,-1.0,72.011,1.25155,1394,2821777
1024,70,search,5290.77,2304.92,2178.33,0.528784,197.873,0.91151,0.112646,-1.0,-1.0,11.223,1.25155,1394,2821777
1024,71,insert,21.267,-1.0,-1.0,-1.0,-1.0,42.659,1.25732,1399,2834921
1024,72,search,5173.23,2304.07,2084.12,0.53491,181.783,0.91113,0.112915,-1.0,-1.0,11.75,1.25732,1399,2834921
1024,73,insert,12.111,-1.0,-1.0,-1.0,-1.0,18.318,1.26035,1400,2842044
1024,74,search,4969.72,2307.32,1877.41,0.602331,161.38,0.91157,0.112699,-1.0,-1.0,11.465,1.26035,1400,2842044
1024,75,insert,28.075,-1.0,-1.0,-1.0,-1.0,18.1,1.26732,1401,2858890
1024,76,search,5315.01,2317.4,2195.96,0.555956,202.132,0.91178,0.112339,-1.0,-1.0,21.143,1.2676,1402,2858890
1024,77,insert,44.183,-1.0,-1.0,-1.0,-1.0,19.336,1.27827,1403,2882818
1024,78,search,5238.5,2329.58,2120.09,0.544313,186.06,0.91141,0.112962,-1.0,-1.0,12.033,1.27827,1403,2882818
1024,79,insert,476.444,-1.0,-1.0,-1.0,-1.0,22.699,1.30627,1405,2947806
1024,80,search,5335.75,2366.81,2240.07,0.483499,189.294,0.91107,0.11342,-1.0,-1.0,11.588,1.30627,1405,2947806
1024,81,insert,43.065,-1.0,-1.0,-1.0,-1.0,52.053,1.31924,1410,2976895
1024,82,search,5374.53,2380.83,2231.17,0.535648,198.968,0.91196,0.112857,-1.0,-1.0,11.438,1.31924,1410,2976895
1024,83,insert,21.132,-1.0,-1.0,-1.0,-1.0,28.954,1.3255,1413,2990682
1024,84,search,5102.89,2382.48,2018.97,0.497242,160.719,0.9119,0.112762,-1.0,-1.0,11.413,1.3255,1413,2990682
1024,85,insert,43.103,-1.0,-1.0,-1.0,-1.0,16.692,1.34017,1414,3025613
1024,86,search,5482.32,2405.37,2313.82,0.487979,198.817,0.91309,0.111948,-1.0,-1.0,11.255,1.34017,1414,3025613
1024,87,insert,570.854,-1.0,-1.0,-1.0,-1.0,762.307,1.54546,1508,3468632
1024,88,search,5691.59,2525.04,2340.01,0.513802,193.902,0.91552,0.109972,-1.0,-1.0,134.244,1.54555,1522,3468632
1024,89,insert,460.769,-1.0,-1.0,-1.0,-1.0,527.896,1.70471,1598,3831692
1024,90,search,6345.62,2604.67,2785.81,0.429967,238.102,0.9198,0.104873,-1.0,-1.0,82.505,1.705,1606,3831692
1024,91,insert,46.403,-1.0,-1.0,-1.0,-1.0,25,1.71846,1608,3864067
1024,92,search,6386.95,2608.74,2799.86,0.406024,243.026,0.92019,0.1043,-1.0,-1.0,20.829,1.71846,1609,3864067
1024,93,insert,299.929,-1.0,-1.0,-1.0,-1.0,248.579,1.82062,1637,4103827
1024,94,search,6610.87,2698.59,2976.39,0.453617,234.24,0.92055,0.103021,-1.0,-1.0,66.195,1.82114,1643,4103827
1024,95,insert,17.629,-1.0,-1.0,-1.0,-1.0,36.143,1.82687,1647,4119898
1024,96,search,6088.04,2690.95,2474.01,0.570459,194.634,0.92122,0.102616,-1.0,-1.0,10.356,1.82687,1647,4119898
1024,97,insert,7.11,-1.0,-1.0,-1.0,-1.0,18.275,1.83046,1649,4129367
1024,98,search,6189.24,2692.6,2627.06,0.526888,207.319,0.92118,0.102716,-1.0,-1.0,14.332,1.83046,1649,4129367
1024,99,insert,7.265,-1.0,-1.0,-1.0,-1.0,29.129,1.83226,1651,4134502
1024,100,search,6025.99,2691.24,2434.69,0.53804,182.205,0.92111,0.102676,-1.0,-1.0,13.558,1.83226,1651,4134502
1024,101,insert,33.673,-1.0,-1.0,-1.0,-1.0,34.253,1.84153,1654,4164482
1024,102,search,6355.73,2702.54,2721.85,0.449682,214.393,0.92143,0.1029,-1.0,-1.0,13.044,1.84153,1654,4164482
1024,103,insert,16.949,-1.0,-1.0,-1.0,-1.0,34.685,1.84755,1657,4178601
1024,104,search,6652.48,2706.25,2973.83,0.43,243.91,0.92153,0.10295,-1.0,-1.0,13.879,1.84755,1657,4178601
1024,105,insert,10.163,-1.0,-1.0,-1.0,-1.0,29.102,1.8512,1659,4187774
1024,106,search,6513.58,2704.54,2857.85,0.447926,221.593,0.92135,0.103329,-1.0,-1.0,13.838,1.8512,1659,4187774
1024,107,insert,27.049,-1.0,-1.0,-1.0,-1.0,33.904,1.85701,1660,4200109
1024,108,search,6670.84,2710.27,2782.3,0.517149,222.806,0.92158,0.103009,-1.0,-1.0,14.829,1.85701,1660,4200109
1024,109,insert,522.06,-1.0,-1.0,-1.0,-1.0,518.574,2.02064,1727,4557867
1024,110,search,6711.63,2800.18,2895.61,0.532292,220.407,0.92276,0.101839,-1.0,-1.0,86.302,2.02146,1734,4557867
1024,111,insert,34.372,-1.0,-1.0,-1.0,-1.0,36.52,2.03452,1737,4587252
1024,112,search,6622.39,2805.76,2785.39,0.550835,214.625,0.92287,0.101961,-1.0,-1.0,25.707,2.03484,1738,4587252
1024,113,insert,12.449,-1.0,-1.0,-1.0,-1.0,38.711,2.03916,1741,4600056
1024,114,search,6988.4,2806.92,3097.77,0.507906,253.511,0.92329,0.101878,-1.0,-1.0,26.444,2.03943,1742,4600056
1024,115,insert,24.896,-1.0,-1.0,-1.0,-1.0,49.344,2.05031,1749,4627422
1024,116,search,6747.23,2804.77,2922.9,0.552354,231.931,0.92368,0.101535,-1.0,-1.0,15.284,2.05031,1749,4627422
1024,117,insert,10.355,-1.0,-1.0,-1.0,-1.0,14.584,2.05359,1749,4639292
1024,118,search,6257.71,2811.71,2493.2,0.636731,181.535,0.92384,0.101548,-1.0,-1.0,17.944,2.05359,1749,4639292
1024,119,insert,5.23,-1.0,-1.0,-1.0,-1.0,16.974,2.05533,1749,4643423
1024,120,search,6337.98,2814.64,2521.65,0.598795,197.447,0.92393,0.101443,-1.0,-1.0,18.08,2.05533,1749,4643423
1024,121,insert,22.115,-1.0,-1.0,-1.0,-1.0,32.572,2.06132,1751,4657252
1024,122,search,6320.37,2820.75,2517.17,0.627765,186.781,0.92403,0.101291,-1.0,-1.0,17.71,2.06132,1751,4657252
1024,123,insert,385.938,-1.0,-1.0,-1.0,-1.0,512.513,2.19323,1803,4938477
1024,124,search,6549.86,2862.33,2621.58,0.602142,199.883,0.92429,0.101724,-1.0,-1.0,121.496,2.19351,1810,4938477
1024,125,insert,53.762,-1.0,-1.0,-1.0,-1.0,48.923,2.20886,1814,4980492
1024,126,search,6591.26,2860.05,2636.09,0.626291,191.325,0.92476,0.101477,-1.0,-1.0,102.647,2.20916,1820,4980492
1024,127,insert,53.362,-1.0,-1.0,-1.0,-1.0,123.37,2.22969,1836,5030515
1024,128,search,6660.44,2850.55,2657.45,0.579917,191.531,0.92509,0.101655,-1.0,-1.0,82.714,2.22995,1840,5030515
1024,129,delete,24.09,-1.0,-1.0,-1.0,-1.0,87.607,2.22829,1811,5009391
1024,130,search,7087.24,2855.28,3075.81,0.482755,242.471,0.92381,0.102261,-1.0,-1.0,23.519,2.22829,1811,5009391
1024,131,delete,8.208,-1.0,-1.0,-1.0,-1.0,22.402,2.22829,1811,5004093
1024,132,search,7306.4,2854.41,3291.7,0.443693,262.82,0.92376,0.102455,-1.0,-1.0,22.78,2.22829,1811,5004093
1024,133,delete,18.047,-1.0,-1.0,-1.0,-1.0,21.171,2.2281,1811,4991787
1024,134,search,7397.86,2842.02,3380.93,0.472723,260.765,0.92355,0.102818,-1.0,-1.0,22.546,2.2281,1811,4991787
1024,135,delete,23.857,-1.0,-1.0,-1.0,-1.0,48.985,2.22583,1809,4974857
1024,136,search,7454.09,2836.22,3423.97,0.466644,263.887,0.92378,0.102658,-1.0,-1.0,23.168,2.22583,1809,4974857
1024,137,delete,5.584,-1.0,-1.0,-1.0,-1.0,21.481,2.22583,1809,4971386
1024,138,search,7112.33,2833.97,3120.98,0.517431,244.175,0.92373,0.102765,-1.0,-1.0,22.493,2.22583,1809,4971386
1024,139,delete,13.198,-1.0,-1.0,-1.0,-1.0,22.138,2.22583,1809,4963487
1024,140,search,7070.88,2827.44,3085.6,0.48844,233.113,0.92373,0.102785,-1.0,-1.0,22.942,2.22583,1809,4963487
1024,141,delete,30.309,-1.0,-1.0,-1.0,-1.0,103.479,2.22028,1802,4941830
1024,142,search,6953.21,2822.55,2985.95,0.543922,240.907,0.92327,0.103116,-1.0,-1.0,22.36,2.22028,1802,4941830
1024,143,delete,20.909,-1.0,-1.0,-1.0,-1.0,69.646,2.21654,1799,4925657
1024,144,search,6763.82,2818.91,2826.28,0.487967,219.737,0.92333,0.102825,-1.0,-1.0,21.816,2.21654,1799,4925657
1024,145,delete,3.38,-1.0,-1.0,-1.0,-1.0,29.49,2.21596,1798,4922686
1024,146,search,6924.72,2817.45,2979.24,0.496258,230.761,0.92319,0.103032,-1.0,-1.0,21.57,2.21596,1798,4922686
1024,147,delete,9.394,-1.0,-1.0,-1.0,-1.0,20.955,2.21596,1798,4913636
1024,148,search,7081.63,2809.68,3122.49,0.523638,242.846,0.923,0.103226,-1.0,-1.0,21.597,2.21596,1798,4913636
1024,149,delete,214.356,-1.0,-1.0,-1.0,-1.0,959.296,2.13906,1723,4717250
1024,150,search,6810.74,2808.36,2978.95,0.479757,234.225,0.92222,0.103874,-1.0,-1.0,44.357,2.13936,1725,4717250
1024,151,delete,188.117,-1.0,-1.0,-1.0,-1.0,933.706,2.07349,1656,4560269
2048,2,search,6742.84,38.1808,4094.74,0.625102,225.389,0.8551,0.130106,-1.0,-1.0,8.889,0.0184881,1000,38806
2048,3,insert,22.519,-1.0,-1.0,-1.0,-1.0,13.022,0.0226428,999,49334
2048,4,search,2740.93,56.9112,149.111,0.993296,153.74,0.86574,0.128987,-1.0,-1.0,15.323,0.0226534,998,49334
2048,5,insert,44.239,-1.0,-1.0,-1.0,-1.0,171.948,0.0329117,995,73557
2048,6,search,2723.23,129.722,201.192,1.1712,144.326,0.92412,0.104554,-1.0,-1.0,114.753,0.0330823,997,73557
2048,7,insert,48.179,-1.0,-1.0,-1.0,-1.0,104.634,0.0427115,997,95766
2048,8,search,2628.34,164.396,222.138,1.19541,128.463,0.92484,0.104181,-1.0,-1.0,93.325,0.0429608,999,95766
2048,9,insert,7.252,-1.0,-1.0,-1.0,-1.0,79.074,0.0446793,999,100025
2048,10,search,2705.43,164.114,227.821,1.10528,132.361,0.92622,0.1008,-1.0,-1.0,81.467,0.0446793,999,100025
2048,11,insert,20.081,-1.0,-1.0,-1.0,-1.0,84.72,0.0499514,1000,111417
2048,12,search,2755.25,190.563,257.286,1.07247,136.184,0.92709,0.101116,-1.0,-1.0,82.433,0.0499514,1000,111417
2048,13,insert,43.435,-1.0,-1.0,-1.0,-1.0,80.953,0.0611204,1000,137139
2048,14,search,2748.16,223.38,281.738,1.04415,116.204,0.92369,0.103096,-1.0,-1.0,23.415,0.0611731,1001,137139
2048,15,insert,36.85,-1.0,-1.0,-1.0,-1.0,12.185,0.0698492,1002,156710
2048,16,search,2727.03,252.366,302.489,0.919837,128.508,0.92188,0.104282,-1.0,-1.0,22.227,0.0698525,1004,156710
2048,17,insert,8.338,-1.0,-1.0,-1.0,-1.0,12.027,0.0717117,1005,161773
2048,18,search,2744.01,261.259,315.974,0.901413,127.232,0.92195,0.10416,-1.0,-1.0,25.607,0.0720242,1009,161773
2048,19,insert,44.976,-1.0,-1.0,-1.0,-1.0,7.581,0.0788276,1009,177161
2048,20,search,2872.16,286.768,335.37,0.869878,138.31,0.92592,0.10087,-1.0,-1.0,16.595,0.0788403,1011,177161
2048,21,insert,468.412,-1.0,-1.0,-1.0,-1.0,184.684,0.201129,1048,448898
2048,22,search,3135.37,614.833,653.794,0.71205,125.427,0.9153,0.104003,-1.0,-1.0,41.049,0.201127,1055,448898
2048,23,insert,497.115,-1.0,-1.0,-1.0,-1.0,335.132,0.329899,1118,733493
2048,24,search,3454.43,855.454,906.361,0.628783,122.254,0.9075,0.108471,-1.0,-1.0,94.077,0.330124,1131,733493
2048,25,insert,52.842,-1.0,-1.0,-1.0,-1.0,26.818,0.347154,1134,777443
2048,26,search,3504.74,864.581,922.437,0.605595,119.575,0.90754,0.109082,-1.0,-1.0,33.388,0.347255,1138,777443
2048,27,insert,39.612,-1.0,-1.0,-1.0,-1.0,18.687,0.358619,1139,805394
2048,28,search,3515.79,881.488,941.29,0.601415,116.161,0.90782,0.108748,-1.0,-1.0,24.031,0.358666,1141,805394
2048,29,insert,104.047,-1.0,-1.0,-1.0,-1.0,76.768,0.385983,1153,866391
2048,30,search,3389.89,926.83,857.141,0.597795,103.732,0.90867,0.10922,-1.0,-1.0,18.4,0.385983,1154,866391
2048,31,insert,575.665,-1.0,-1.0,-1.0,-1.0,366.747,0.554142,1217,1239816
2048,32,search,3965.82,1190.22,1292.23,0.534433,117.167,0.90248,0.114527,-1.0,-1.0,75.247,0.554141,1221,1239816
2048,33,insert,70.154,-1.0,-1.0,-1.0,-1.0,33.874,0.574312,1226,1291211
2048,34,search,3966.8,1221,1292.74,0.555395,126.132,0.90381,0.113789,-1.0,-1.0,79.728,0.574419,1231,1291211
2048,35,insert,42.024,-1.0,-1.0,-1.0,-1.0,35.024,0.585956,1238,1324978
2048,36,search,3980.07,1240.34,1247.54,0.548734,123.797,0.90463,0.112786,-1.0,-1.0,30.401,0.58596,1240,1324978
2048,37,insert,65.165,-1.0,-1.0,-1.0,-1.0,41.666,0.605734,1246,1371885
2048,38,search,4036.46,1269.6,1306.84,0.518811,134.771,0.90411,0.113705,-1.0,-1.0,10.906,0.605734,1246,1371885
2048,39,insert,12.073,-1.0,-1.0,-1.0,-1.0,13.037,0.609226,1247,1379335
2048,40,search,4083.56,1273.97,1332.48,0.52759,135.55,0.90497,0.113576,-1.0,-1.0,10.738,0.609226,1247,1379335
2048,41,insert,56.732,-1.0,-1.0,-1.0,-1.0,46.351,0.624915,1253,1413312
2048,42,search,4106.06,1293.05,1370.49,0.622234,126.676,0.90511,0.11338,-1.0,-1.0,10.861,0.624915,1253,1413312
2048,43,insert,16.844,-1.0,-1.0,-1.0,-1.0,14.469,0.629132,1254,1423411
2048,44,search,4117.58,1304.56,1367.39,0.55397,131.252,0.90559,0.112642,-1.0,-1.0,11.525,0.629132,1254,1423411
2048,45,insert,249.536,-1.0,-1.0,-1.0,-1.0,45.909,0.64488,1263,1457559
2048,46,search,4165.78,1321.11,1404.98,0.519079,131.042,0.90547,0.112419,-1.0,-1.0,10.64,0.64488,1263,1457559
2048,47,insert,349.308,-1.0,-1.0,-1.0,-1.0,261.785,0.749534,1295,1688593
2048,48,search,4438.71,1458.96,1583.71,0.500374,133.171,0.90606,0.112788,-1.0,-1.0,91.571,0.749653,1303,1688593
2048,49,insert,47.098,-1.0,-1.0,-1.0,-1.0,36.469,0.763584,1306,1723505
2048,50,search,4409.39,1476.08,1548.69,0.507646,134.448,0.90694,0.112199,-1.0,-1.0,49.604,0.763585,1309,1723505
2048,51,insert,422.672,-1.0,-1.0,-1.0,-1.0,250.498,0.9014,1349,2035040
2048,52,search,4520.03,1654.38,1544.48,0.522612,144.672,0.90984,0.111246,-1.0,-1.0,22.663,0.9014,1350,2035040
2048,53,insert,60.141,-1.0,-1.0,-1.0,-1.0,31.006,0.920433,1352,2078341
2048,54,search,4547.03,1685.71,1590.01,0.558232,128.025,0.90997,0.111087,-1.0,-1.0,18.675,0.920439,1353,2078341
2048,55,insert,435.085,-1.0,-1.0,-1.0,-1.0,454.65,1.06876,1407,2399905
2048,56,search,4969.16,1856.72,1857.27,0.500387,157.96,0.91043,0.112915,-1.0,-1.0,140.484,1.06922,1425,2399905
2048,57,insert,31.869,-1.0,-1.0,-1.0,-1.0,10.703,1.07779,1425,2419836
2048,58,search,4917.67,1827.12,1813.66,0.514087,143.291,0.90925,0.113682,-1.0,-1.0,39.174,1.0778,1427,2419836
2048,59,insert,280.612,-1.0,-1.0,-1.0,-1.0,155.791,1.17593,1439,2643083
2048,60,search,4907.59,1939.02,1765.11,0.50224,140.903,0.90268,0.121482,-1.0,-1.0,26.122,1.17622,1442,2643083
2048,61,insert,15.047,-1.0,-1.0,-1.0,-1.0,19.272,1.18079,1444,2653064
2048,62,search,4693.67,1935.9,1567.94,0.572034,127.276,0.90252,0.121329,-1.0,-1.0,11.725,1.18079,1444,2653064
2048,63,insert,4.471,-1.0,-1.0,-1.0,-1.0,10.946,1.18198,1444,2656118
2048,64,search,4719.93,1937.83,1602.29,0.552913,123.179,0.90257,0.121347,-1.0,-1.0,11.875,1.18198,1444,2656118
2048,65,insert,82.519,-1.0,-1.0,-1.0,-1.0,154.654,1.20928,1469,2723424
2048,66,search,5328.4,1953.4,2097.21,0.465194,167.973,0.90364,0.120202,-1.0,-1.0,15.347,1.20942,1470,2723424
2048,67,insert,57.976,-1.0,-1.0,-1.0,-1.0,60.674,1.22984,1477,2769021
2048,68,search,5143.77,1981.12,1882.15,0.438606,159.532,0.90529,0.11916,-1.0,-1.0,21.895,1.22984,1478,2769021
2048,69,insert,74.258,-1.0,-1.0,-1.0,-1.0,69.73,1.2524,1486,2821777
2048,70,search,5428.52,2001.89,2133.43,0.472196,184.831,0.90686,0.118102,-1.0,-1.0,23.774,1.2524,1487,2821777
2048,71,insert,27.641,-1.0,-1.0,-1.0,-1.0,26.049,1.25813,1489,2834921
2048,72,search,5352.68,2009.71,2074.71,0.3972,167.95,0.90739,0.117505,-1.0,-1.0,13.639,1.25813,1489,2834921
2048,73,insert,12.847,-1.0,-1.0,-1.0,-1.0,54.782,1.26204,1494,2842044
2048,74,search,5019.52,2008.45,1766.47,0.656906,141.656,0.90749,0.117568,-1.0,-1.0,12.456,1.26204,1494,2842044
2048,75,insert,31.311,-1.0,-1.0,-1.0,-1.0,33.025,1.26869,1497,2858890
2048,76,search,5399.3,2011.77,2139.59,0.50247,177.551,0.90744,0.117533,-1.0,-1.0,13.086,1.26869,1497,2858890
2048,77,insert,47.355,-1.0,-1.0,-1.0,-1.0,18.416,1.27953,1498,2882818
2048,78,search,5298.95,2024.41,2033.74,0.448168,165.197,0.90698,0.118,-1.0,-1.0,13.241,1.27953,1498,2882818
2048,79,insert,537.525,-1.0,-1.0,-1.0,-1.0,12.226,1.30734,1498,2947806
2048,80,search,5518.07,2064.93,2230.95,0.455563,184.548,0.90674,0.118262,-1.0,-1.0,12.701,1.30734,1498,2947806
2048,81,insert,44.161,-1.0,-1.0,-1.0,-1.0,32.475,1.31975,1501,2976895
2048,82,search,5354.69,2078.04,2111.04,0.432005,170.838,0.90828,0.116564,-1.0,-1.0,17.744,1.31992,1502,2976895
2048,83,insert,16.296,-1.0,-1.0,-1.0,-1.0,30.149,1.32547,1505,2990682
2048,84,search,5350.32,2080.57,2072.76,0.540098,159.506,0.90826,0.116674,-1.0,-1.0,12.538,1.32547,1505,2990682
2048,85,insert,41.798,-1.0,-1.0,-1.0,-1.0,40.527,1.33918,1509,3025613
2048,86,search,5628.2,2097.94,2278.99,0.443742,188.055,0.90921,0.116184,-1.0,-1.0,25.277,1.33931,1510,3025613
2048,87,insert,592.922,-1.0,-1.0,-1.0,-1.0,614.934,1.5415,1591,3468632
2048,88,search,5921.72,2269.6,2412.94,0.394859,183.692,0.91216,0.113617,-1.0,-1.0,116.447,1.54172,1602,3468632
2048,89,insert,467.709,-1.0,-1.0,-1.0,-1.0,429.346,1.69991,1661,3831692
2048,90,search,6229.87,2388.86,2585.22,0.392498,191.146,0.91705,0.108027,-1.0,-1.0,87.633,1.70015,1672,3831692
2048,91,insert,39.709,-1.0,-1.0,-1.0,-1.0,46.311,1.71321,1677,3864067
2048,92,search,6506.9,2386.25,2813.45,0.421943,214.461,0.91692,0.107888,-1.0,-1.0,13.854,1.71321,1677,3864067
2048,93,insert,321.099,-1.0,-1.0,-1.0,-1.0,232.426,1.82048,1703,4103827
2048,94,search,6468.13,2477.07,2740.28,0.461241,199.34,0.91734,0.106625,-1.0,-1.0,56.038,1.821,1710,4103827
2048,95,insert,18.091,-1.0,-1.0,-1.0,-1.0,20.218,1.8269,1711,4119898
2048,96,search,6828.39,2472.01,3061.25,0.441398,215.175,0.91745,0.106627,-1.0,-1.0,15.204,1.8269,1711,4119898
2048,97,insert,12.364,-1.0,-1.0,-1.0,-1.0,28.418,1.831,1713,4129367
2048,98,search,6468.58,2472.4,2729.24,0.411449,204.303,0.9175,0.106464,-1.0,-1.0,15.568,1.831,1713,4129367
2048,99,insert,6.452,-1.0,-1.0,-1.0,-1.0,27.485,1.83268,1715,4134502
2048,100,search,6786.15,2475.46,2989.64,0.418089,221.037,0.91779,0.106131,-1.0,-1.0,51.51,1.83329,1719,4134502
2048,101,insert,38.952,-1.0,-1.0,-1.0,-1.0,50.831,1.84454,1724,4164482
2048,102,search,6813.99,2474.08,2988.68,0.370013,228.209,0.91795,0.10623,-1.0,-1.0,17.647,1.84454,1724,4164482
2048,103,insert,20.525,-1.0,-1.0,-1.0,-1.0,21.771,1.84924,1725,4178601
2048,104,search,6606.28,2481.58,2841.28,0.382123,206.268,0.91804,0.106241,-1.0,-1.0,17.022,1.84924,1725,4178601
2048,105,insert,11.356,-1.0,-1.0,-1.0,-1.0,15.685,1.85258,1725,4187774
2048,106,search,6552.14,2485.92,2776.62,0.390638,209.825,0.91794,0.106552,-1.0,-1.0,17.834,1.85258,1725,4187774
2048,107,insert,29.104,-1.0,-1.0,-1.0,-1.0,26.982,1.8574,1726,4200109
2048,108,search,6736.98,2489.03,2956.82,0.385353,223.947,0.91786,0.106677,-1.0,-1.0,17.187,1.8574,1726,4200109
2048,109,insert,522.425,-1.0,-1.0,-1.0,-1.0,579.021,2.01818,1799,4557867
2048,110,search,6923.31,2576.33,2942.92,0.410608,217.347,0.91983,0.104607,-1.0,-1.0,71.862,2.01924,1805,4557867
2048,111,insert,32.28,-1.0,-1.0,-1.0,-1.0,76.373,2.03042,1814,4587252
2048,112,search,6884.34,2571.63,2901.69,0.468932,212.906,0.92042,0.104423,-1.0,-1.0,20.572,2.03042,1814,4587252
2048,113,insert,15.221,-1.0,-1.0,-1.0,-1.0,19.938,2.03474,1814,4600056
2048,114,search,7151.75,2581.25,3155.64,0.411619,240.399,0.92058,0.104346,-1.0,-1.0,20.618,2.03474,1814,4600056
2048,115,insert,36.134,-1.0,-1.0,-1.0,-1.0,35.605,2.04452,1816,4627422
2048,116,search,7196.25,2594.02,3192.28,0.411645,227.222,0.92095,0.104131,-1.0,-1.0,22.449,2.04452,1816,4627422
2048,117,insert,14.037,-1.0,-1.0,-1.0,-1.0,43.694,2.04869,1819,4639292
2048,118,search,7121.47,2593.25,3134.87,0.500174,218.009,0.92074,0.104242,-1.0,-1.0,24.287,2.04869,1819,4639292
2048,119,insert,7.38,-1.0,-1.0,-1.0,-1.0,20.988,2.04994,1819,4643423
2048,120,search,6920.43,2595.38,2952.9,0.427788,209.225,0.92081,0.104142,-1.0,-1.0,22.215,2.04994,1819,4643423
2048,121,insert,23.277,-1.0,-1.0,-1.0,-1.0,40.747,2.05642,1821,4657252
2048,122,search,7036.68,2600.16,3035.27,0.400545,218.883,0.92134,0.103846,-1.0,-1.0,22.389,2.05642,1821,4657252
2048,123,insert,436.066,-1.0,-1.0,-1.0,-1.0,512.294,2.18478,1872,4938477
2048,124,search,7341.63,2665.3,3213.85,0.436446,221.918,0.92153,0.104665,-1.0,-1.0,169.19,2.18551,1885,4938477
2048,125,insert,64.48,-1.0,-1.0,-1.0,-1.0,74.46,2.20322,1893,4980492
2048,126,search,7704.98,2654.29,3537.74,0.417725,245.543,0.92206,0.104337,-1.0,-1.0,66.207,2.2034,1896,4980492
2048,127,insert,61.834,-1.0,-1.0,-1.0,-1.0,117.969,2.2231,1911,5030515
2048,128,search,7116.91,2653.63,2942.42,0.509782,207.576,0.92256,0.104145,-1.0,-1.0,29.028,2.2231,1912,5030515
2048,129,delete,18.517,-1.0,-1.0,-1.0,-1.0,95.691,2.22108,1880,5009391
2048,130,search,7309.35,2677.13,3174.26,0.362236,224.065,0.92113,0.105126,-1.0,-1.0,27.897,2.22108,1880,5009391
2048,131,delete,12.08,-1.0,-1.0,-1.0,-1.0,25.325,2.22108,1880,5004093
2048,132,search,7625.39,2674.78,3479.55,0.3292,238.119,0.92118,0.105169,-1.0,-1.0,25.809,2.22108,1880,5004093
2048,133,delete,20.43,-1.0,-1.0,-1.0,-1.0,33.932,2.22018,1879,4991787
2048,134,search,7582.44,2667.67,3438.84,0.334598,249.479,0.92086,0.105415,-1.0,-1.0,26.374,2.22018,1879,4991787
2048,135,delete,30.135,-1.0,-1.0,-1.0,-1.0,57.904,2.21743,1876,4974857
2048,136,search,7361.16,2660.84,3238.58,0.369661,233.985,0.92106,0.105195,-1.0,-1.0,25.816,2.21743,1876,4974857
2048,137,delete,7.7,-1.0,-1.0,-1.0,-1.0,24.36,2.21743,1876,4971386
2048,138,search,7334.13,2660,3201.2,0.374534,232.622,0.92098,0.105254,-1.0,-1.0,25.297,2.21743,1876,4971386
2048,139,delete,13.23,-1.0,-1.0,-1.0,-1.0,25.487,2.21743,1876,4963487
2048,140,search,7465.1,2655.27,3322.74,0.348421,252.004,0.92083,0.105372,-1.0,-1.0,25.653,2.21743,1876,4963487
2048,141,delete,32.069,-1.0,-1.0,-1.0,-1.0,78.888,2.21332,1870,4941830
2048,142,search,7478.11,2650.41,3356.26,0.389279,249.511,0.92058,0.105462,-1.0,-1.0,24.636,2.21332,1870,4941830
2048,143,delete,19.449,-1.0,-1.0,-1.0,-1.0,70.413,2.20912,1867,4925657
2048,144,search,7470.87,2646.64,3432.68,0.36775,237.806,0.92083,0.105229,-1.0,-1.0,24.636,2.20912,1867,4925657
2048,145,delete,3.359,-1.0,-1.0,-1.0,-1.0,36.81,2.20836,1865,4922686
2048,146,search,7131.68,2645.3,3036.48,0.386342,216.476,0.92031,0.105418,-1.0,-1.0,28.188,2.20836,1865,4922686
2048,147,delete,20.35,-1.0,-1.0,-1.0,-1.0,24.718,2.20836,1865,4913636
2048,148,search,7141.47,2640.91,3045.77,0.377016,219.715,0.92033,0.105436,-1.0,-1.0,25.784,2.20836,1865,4913636
2048,149,delete,240.523,-1.0,-1.0,-1.0,-1.0,1031.16,2.13667,1789,4717250
2048,150,search,6839.69,2637.2,2910.69,0.483281,212.888,0.91992,0.106344,-1.0,-1.0,59.668,2.13755,1791,4717250
2048,151,delete,183.961,-1.0,-1.0,-1.0,-1.0,1015.17,2.06786,1713,4560269
4096,2,search,11537.4,38.5561,9121.22,0.649295,167.197,0.8551,0.130106,-1.0,-1.0,8.612,0.0184881,1000,38806
4096,3,insert,22.857,-1.0,-1.0,-1.0,-1.0,7.288,0.0226644,1000,49334
4096,4,search,2799.94,52.5464,270.13,0.683308,254.698,0.86604,0.12886,-1.0,-1.0,8.689,0.0226644,1000,49334
4096,5,insert,44.31,-1.0,-1.0,-1.0,-1.0,172.752,0.0330953,997,73557
4096,6,search,2754.42,107.344,205.689,1.13465,158.168,0.92386,0.105036,-1.0,-1.0,151.793,0.0330953,997,73557
4096,7,insert,49.145,-1.0,-1.0,-1.0,-1.0,133.301,0.0428118,998,95766
4096,8,search,2768.75,132.008,239.421,1.13271,152.771,0.92518,0.103938,-1.0,-1.0,95.591,0.043126,1001,95766
4096,9,insert,7.458,-1.0,-1.0,-1.0,-1.0,76.451,0.0448678,1001,100025
4096,10,search,2745.72,130.256,231.426,1.08274,151.019,0.92729,0.100268,-1.0,-1.0,78.206,0.0448678,1001,100025
4096,11,insert,17.922,-1.0,-1.0,-1.0,-1.0,78.23,0.0495679,1001,111417
4096,12,search,2755.88,148.883,281.088,1.04146,148.926,0.92776,0.10035,-1.0,-1.0,79.991,0.0495679,1001,111417
4096,13,insert,40.671,-1.0,-1.0,-1.0,-1.0,78.801,0.0609091,1001,137139
4096,14,search,2840.34,175.671,296.333,0.985786,156.798,0.925,0.102401,-1.0,-1.0,23.024,0.0612763,1002,137139
4096,15,insert,35.517,-1.0,-1.0,-1.0,-1.0,7.929,0.0699749,1002,156710
4096,16,search,2855.65,198.98,317.811,0.900885,161.626,0.92291,0.103342,-1.0,-1.0,24.559,0.0699785,1004,156710
4096,17,insert,9.365,-1.0,-1.0,-1.0,-1.0,7.949,0.0718398,1004,161773
4096,18,search,2861.04,206.396,333.949,0.908278,145.187,0.92324,0.103581,-1.0,-1.0,18.224,0.0720618,1006,161773
4096,19,insert,47.924,-1.0,-1.0,-1.0,-1.0,7.903,0.0785082,1006,177161
4096,20,search,2804.17,227.616,369.988,0.966953,123.585,0.92715,0.100366,-1.0,-1.0,9.062,0.0785082,1006,177161
4096,21,insert,491.853,-1.0,-1.0,-1.0,-1.0,168.208,0.200555,1036,448898
4096,22,search,3095.19,528.188,721.056,0.769119,113.52,0.91727,0.103129,-1.0,-1.0,35.698,0.200553,1041,448898
4096,23,insert,523.075,-1.0,-1.0,-1.0,-1.0,302.251,0.328603,1083,733493
4096,24,search,3489.73,784.676,997.183,0.694697,126.244,0.91257,0.105198,-1.0,-1.0,88.678,0.328664,1094,733493
4096,25,insert,58.378,-1.0,-1.0,-1.0,-1.0,41.8,0.345761,1099,777443
4096,26,search,3463.02,804.589,1005.93,0.662109,123.056,0.91175,0.106454,-1.0,-1.0,20.478,0.345766,1100,777443
4096,27,insert,48.337,-1.0,-1.0,-1.0,-1.0,22.061,0.357943,1101,805394
4096,28,search,3573.48,821.934,1044.3,0.678013,121.137,0.91364,0.105069,-1.0,-1.0,12.981,0.357943,1101,805394
4096,29,insert,93.307,-1.0,-1.0,-1.0,-1.0,61.904,0.385594,1108,866391
4096,30,search,3672.01,869.688,1078.15,0.634186,126.102,0.91483,0.105673,-1.0,-1.0,29.306,0.385593,1110,866391
4096,31,insert,581.097,-1.0,-1.0,-1.0,-1.0,389.249,0.553916,1161,1239816
4096,32,search,3960.5,1143.99,1370.29,0.597561,132.723,0.9091,0.110302,-1.0,-1.0,109.853,0.554335,1169,1239816
4096,33,insert,66.458,-1.0,-1.0,-1.0,-1.0,22.409,0.574261,1171,1291211
4096,34,search,4017.04,1174.43,1374.24,0.542666,137.238,0.90811,0.111001,-1.0,-1.0,57.884,0.57434,1175,1291211
4096,35,insert,44.444,-1.0,-1.0,-1.0,-1.0,24.812,0.586385,1178,1324978
4096,36,search,3939.25,1195.55,1322.23,0.55502,139.24,0.90887,0.110037,-1.0,-1.0,48.177,0.586387,1181,1324978
4096,37,insert,75.677,-1.0,-1.0,-1.0,-1.0,29.571,0.607092,1183,1371885
4096,38,search,3853.88,1229.65,1230.77,0.607154,121.091,0.90916,0.109973,-1.0,-1.0,18.994,0.607091,1184,1371885
4096,39,insert,9.905,-1.0,-1.0,-1.0,-1.0,10.018,0.608986,1184,1379335
4096,40,search,3898.2,1234.71,1294.14,0.570971,126.337,0.90899,0.110654,-1.0,-1.0,11.122,0.608986,1184,1379335
4096,41,insert,66.038,-1.0,-1.0,-1.0,-1.0,44.678,0.623349,1189,1413312
4096,42,search,3870.12,1255.56,1240.32,0.580447,124.789,0.90972,0.110182,-1.0,-1.0,11.791,0.623349,1189,1413312
4096,43,insert,23.114,-1.0,-1.0,-1.0,-1.0,15.579,0.628273,1190,1423411
4096,44,search,3910.16,1264.86,1298.99,0.559865,122.918,0.90991,0.109793,-1.0,-1.0,11.04,0.628273,1190,1423411
4096,45,insert,263.118,-1.0,-1.0,-1.0,-1.0,54.475,0.644578,1198,1457559
4096,46,search,3894.73,1281.24,1261.15,0.680918,114.928,0.90971,0.109171,-1.0,-1.0,10.355,0.644578,1198,1457559
4096,47,insert,376.972,-1.0,-1.0,-1.0,-1.0,254.505,0.749623,1225,1688593
4096,48,search,4343.41,1429.73,1630.46,0.50611,149.003,0.90995,0.109918,-1.0,-1.0,100.956,0.749754,1234,1688593
4096,49,insert,53.041,-1.0,-1.0,-1.0,-1.0,32.993,0.764617,1237,1723505
4096,50,search,4405.9,1444.44,1647.52,0.508175,149.463,0.91121,0.109342,-1.0,-1.0,29.689,0.764617,1239,1723505
4096,51,insert,429.229,-1.0,-1.0,-1.0,-1.0,229.188,0.901089,1269,2035040
4096,52,search,4590.49,1638.63,1778.94,0.499362,131.895,0.91364,0.107785,-1.0,-1.0,34.504,0.901089,1272,2035040
4096,53,insert,50.689,-1.0,-1.0,-1.0,-1.0,44.777,0.918886,1276,2078341
4096,54,search,4508.4,1663.8,1671.16,0.483307,138.783,0.91337,0.108109,-1.0,-1.0,20.977,0.918887,1277,2078341
4096,55,insert,437.42,-1.0,-1.0,-1.0,-1.0,452.122,1.06679,1322,2399905
4096,56,search,4672.69,1856.9,1748.64,0.484284,130.126,0.91426,0.109757,-1.0,-1.0,107.807,1.06718,1335,2399905
4096,57,insert,33.547,-1.0,-1.0,-1.0,-1.0,23.068,1.07592,1337,2419836
4096,58,search,5098.63,1850.79,2111.06,0.523936,175.457,0.91347,0.109913,-1.0,-1.0,53.512,1.07595,1342,2419836
4096,59,insert,311.752,-1.0,-1.0,-1.0,-1.0,137.822,1.17537,1354,2643083
4096,60,search,4899.23,1982.2,1917.81,0.46155,151.064,0.90847,0.115012,-1.0,-1.0,88.181,1.17571,1362,2643083
4096,61,insert,16.138,-1.0,-1.0,-1.0,-1.0,30.006,1.18049,1365,2653064
4096,62,search,5309.94,1970.91,2294.68,0.436011,161.393,0.90728,0.116262,-1.0,-1.0,11.674,1.18049,1365,2653064
4096,63,insert,5.649,-1.0,-1.0,-1.0,-1.0,10.376,1.1818,1365,2656118
4096,64,search,5210.06,1973.07,2185.5,0.4237,172.645,0.90743,0.116167,-1.0,-1.0,11.874,1.1818,1365,2656118
4096,65,insert,100.981,-1.0,-1.0,-1.0,-1.0,136.555,1.20999,1385,2723424
4096,66,search,4948.19,1993.67,1896.19,0.437753,149.379,0.90789,0.115619,-1.0,-1.0,11.422,1.20999,1385,2723424
4096,67,insert,60.125,-1.0,-1.0,-1.0,-1.0,93.799,1.23121,1397,2769021
4096,68,search,5444.03,2007.79,2273.09,0.459303,187.885,0.90935,0.114185,-1.0,-1.0,18.531,1.23121,1398,2769021
4096,69,insert,67.153,-1.0,-1.0,-1.0,-1.0,76.888,1.2544,1407,2821777
4096,70,search,5537.21,2027.73,2365.68,0.39594,188.286,0.91111,0.112628,-1.0,-1.0,12.941,1.2544,1407,2821777
4096,71,insert,23.002,-1.0,-1.0,-1.0,-1.0,36.406,1.25961,1410,2834921
4096,72,search,5547.46,2031.97,2431.2,0.390223,168.778,0.91144,0.112492,-1.0,-1.0,13.946,1.25961,1410,2834921
4096,73,insert,10.863,-1.0,-1.0,-1.0,-1.0,30.17,1.2625,1412,2842044
4096,74,search,5441.66,2033.48,2320.63,0.378742,183.498,0.91132,0.112676,-1.0,-1.0,12.394,1.2625,1412,2842044
4096,75,insert,31.21,-1.0,-1.0,-1.0,-1.0,27.19,1.26976,1414,2858890
4096,76,search,5165.45,2046.38,2048.37,0.465175,146.866,0.91155,0.112409,-1.0,-1.0,12.075,1.26976,1414,2858890
4096,77,insert,53.452,-1.0,-1.0,-1.0,-1.0,24.016,1.28098,1416,2882818
4096,78,search,5482.48,2054.93,2357.63,0.374653,185.122,0.91097,0.11329,-1.0,-1.0,12.482,1.28098,1416,2882818
4096,79,insert,513.061,-1.0,-1.0,-1.0,-1.0,24.024,1.308,1418,2947806
4096,80,search,5180.5,2099.72,2083.37,0.399101,158.031,0.91061,0.113692,-1.0,-1.0,12.138,1.308,1418,2947806
4096,81,insert,46.767,-1.0,-1.0,-1.0,-1.0,36.942,1.32035,1421,2976895
4096,82,search,5610.66,2114.16,2441.24,0.373434,183.814,0.91171,0.11318,-1.0,-1.0,11.635,1.32035,1421,2976895
4096,83,insert,19.421,-1.0,-1.0,-1.0,-1.0,19.759,1.32527,1422,2990682
4096,84,search,5402.42,2122.71,2274.53,0.392965,173.631,0.91202,0.112614,-1.0,-1.0,23.585,1.32539,1423,2990682
4096,85,insert,50.858,-1.0,-1.0,-1.0,-1.0,26.646,1.34123,1425,3025613
4096,86,search,5286.02,2142.15,2159.19,0.456139,151.799,0.91262,0.112591,-1.0,-1.0,11.733,1.34123,1425,3025613
4096,87,insert,587.825,-1.0,-1.0,-1.0,-1.0,752.543,1.54568,1520,3468632
4096,88,search,6099.7,2290.88,2708.21,0.339739,207.368,0.91535,0.110627,-1.0,-1.0,133.677,1.54574,1533,3468632
4096,89,insert,446.131,-1.0,-1.0,-1.0,-1.0,515.886,1.70627,1607,3831692
4096,90,search,6490.04,2390.55,2936.66,0.313765,218.65,0.91944,0.105925,-1.0,-1.0,90.857,1.70639,1617,3831692
4096,91,insert,33.781,-1.0,-1.0,-1.0,-1.0,31.547,1.71499,1620,3864067
4096,92,search,6205.87,2391.83,2636.04,0.397321,187.294,0.91939,0.105661,-1.0,-1.0,13.996,1.71499,1620,3864067
4096,93,insert,307.688,-1.0,-1.0,-1.0,-1.0,298.73,1.8202,1655,4103827
4096,94,search,6464.47,2482.82,2825.25,0.404702,186.64,0.92019,0.104663,-1.0,-1.0,44.223,1.82042,1659,4103827
4096,95,insert,23.736,-1.0,-1.0,-1.0,-1.0,12.922,1.82791,1659,4119898
4096,96,search,6188.74,2487.29,2577.01,0.383051,177.416,0.92061,0.104447,-1.0,-1.0,13.583,1.82791,1659,4119898
4096,97,insert,11.805,-1.0,-1.0,-1.0,-1.0,24.876,1.83119,1661,4129367
4096,98,search,6771.21,2490.06,3073.32,0.332482,237.509,0.92081,0.104334,-1.0,-1.0,21.59,1.83131,1662,4129367
4096,99,insert,7.959,-1.0,-1.0,-1.0,-1.0,19.973,1.83383,1663,4134502
4096,100,search,6496.61,2490.21,2844.78,0.394863,192.706,0.9209,0.10425,-1.0,-1.0,16.766,1.83383,1663,4134502
4096,101,insert,52.454,-1.0,-1.0,-1.0,-1.0,62.471,1.84586,1669,4164482
4096,102,search,6569.1,2498.76,2711.24,0.346932,197.719,0.92102,0.103942,-1.0,-1.0,14.331,1.84586,1669,4164482
4096,103,insert,22.453,-1.0,-1.0,-1.0,-1.0,31.045,1.8521,1671,4178601
4096,104,search,6903.95,2506.03,3031.24,0.366423,226.193,0.92097,0.104024,-1.0,-1.0,28.344,1.85231,1672,4178601
4096,105,insert,13.386,-1.0,-1.0,-1.0,-1.0,39.262,1.85552,1675,4187774
4096,106,search,7030.28,2503.9,3140.33,0.326805,234.901,0.92107,0.104309,-1.0,-1.0,15.084,1.85552,1675,4187774
4096,107,insert,30.63,-1.0,-1.0,-1.0,-1.0,41.566,1.86065,1677,4200109
4096,108,search,7175.58,2508.2,3277.4,0.328379,224.37,0.92093,0.10439,-1.0,-1.0,14.399,1.86065,1677,4200109
4096,109,insert,521.929,-1.0,-1.0,-1.0,-1.0,466.844,2.02066,1735,4557867
4096,110,search,6815.46,2630.61,2822.69,0.36691,189.815,0.92255,0.102885,-1.0,-1.0,60.346,2.02108,1741,4557867
4096,111,insert,29.804,-1.0,-1.0,-1.0,-1.0,58.894,2.03292,1748,4587252
4096,112,search,7458.85,2625.53,3388.75,0.358886,216.216,0.92282,0.102756,-1.0,-1.0,28.748,2.03316,1749,4587252
4096,113,insert,14.724,-1.0,-1.0,-1.0,-1.0,35.564,2.03889,1751,4600056
4096,114,search,7633.12,2628.06,3557.25,0.335104,229.629,0.92277,0.10292,-1.0,-1.0,19.745,2.03889,1751,4600056
4096,115,insert,51.483,-1.0,-1.0,-1.0,-1.0,75.368,2.05096,1757,4627422
4096,116,search,7693.53,2634.63,3595.67,0.302892,226.727,0.92333,0.102289,-1.0,-1.0,28.141,2.05119,1758,4627422
4096,117,insert,15.346,-1.0,-1.0,-1.0,-1.0,27.896,2.05471,1759,4639292
4096,118,search,7220.39,2638.34,3159.84,0.3979,198.438,0.92334,0.102322,-1.0,-1.0,19.363,2.05471,1759,4639292
4096,119,insert,6.402,-1.0,-1.0,-1.0,-1.0,17.877,2.05602,1759,4643423
4096,120,search,7199.61,2640.66,3155.08,0.325026,210.354,0.9234,0.102292,-1.0,-1.0,18.852,2.05602,1759,4643423
4096,121,insert,23.268,-1.0,-1.0,-1.0,-1.0,61.097,2.06126,1763,4657252
4096,122,search,7130.64,2642.62,3070.67,0.340196,209.09,0.9236,0.101959,-1.0,-1.0,33.995,2.06168,1765,4657252
4096,123,insert,391.016,-1.0,-1.0,-1.0,-1.0,504.237,2.1885,1815,4938477
4096,124,search,7965.69,2719.32,3750.84,0.303044,242.027,0.92404,0.102309,-1.0,-1.0,180.113,2.18895,1828,4938477
4096,125,insert,62.575,-1.0,-1.0,-1.0,-1.0,58.021,2.20754,1834,4980492
4096,126,search,7833.4,2713.13,3547.79,0.31354,253.025,0.92454,0.102277,-1.0,-1.0,97.297,2.20758,1838,4980492
4096,127,insert,71.531,-1.0,-1.0,-1.0,-1.0,111.287,2.22997,1852,5030515
4096,128,search,7811.23,2711.34,3455.76,0.320415,243.675,0.92452,0.102294,-1.0,-1.0,40.519,2.22997,1853,5030515
4096,129,delete,28.343,-1.0,-1.0,-1.0,-1.0,95.209,2.22825,1822,5009391
4096,130,search,7661.59,2746.96,3406.54,0.305481,245.874,0.92342,0.102894,-1.0,-1.0,24.101,2.22825,1822,5009391
4096,131,delete,8.353,-1.0,-1.0,-1.0,-1.0,22.636,2.22825,1822,5004093
4096,132,search,7683.01,2743.88,3433.27,0.313807,247.491,0.92333,0.103,-1.0,-1.0,23.053,2.22825,1822,5004093
4096,133,delete,15.1,-1.0,-1.0,-1.0,-1.0,34.605,2.22726,1821,4991787
4096,134,search,7752.9,2738.21,3504.2,0.283415,251.929,0.9232,0.103135,-1.0,-1.0,23.23,2.22726,1821,4991787
4096,135,delete,20.635,-1.0,-1.0,-1.0,-1.0,49.06,2.22456,1819,4974857
4096,136,search,7773.97,2732.2,3515.24,0.28179,248.904,0.92303,0.103067,-1.0,-1.0,26.667,2.22456,1819,4974857
4096,137,delete,9.494,-1.0,-1.0,-1.0,-1.0,23.031,2.22456,1819,4971386
4096,138,search,7790.28,2730.25,3516.06,0.273334,254.58,0.92301,0.103095,-1.0,-1.0,24.909,2.22456,1819,4971386
4096,139,delete,18.595,-1.0,-1.0,-1.0,-1.0,23.739,2.22456,1819,4963487
4096,140,search,7382.75,2725.63,3177.17,0.29731,210.383,0.92291,0.103314,-1.0,-1.0,23.773,2.22456,1819,4963487
4096,141,delete,39.383,-1.0,-1.0,-1.0,-1.0,97.7,2.21991,1813,4941830
4096,142,search,7433.65,2720.77,3240.03,0.399913,209.053,0.92276,0.10336,-1.0,-1.0,23.754,2.21991,1813,4941830
4096,143,delete,25.403,-1.0,-1.0,-1.0,-1.0,93.184,2.21495,1809,4925657
4096,144,search,7314.47,2719.58,3149.11,0.289173,216.74,0.92282,0.103406,-1.0,-1.0,34.209,2.21498,1810,4925657
4096,145,delete,3.372,-1.0,-1.0,-1.0,-1.0,30.403,2.2144,1809,4922686
4096,146,search,7388.57,2717.94,3180.17,0.282511,228.958,0.9227,0.103805,-1.0,-1.0,26.416,2.2144,1809,4922686
4096,147,delete,20.965,-1.0,-1.0,-1.0,-1.0,22.915,2.2144,1809,4913636
4096,148,search,7195.7,2711.48,3019.84,0.331553,215.287,0.92268,0.103803,-1.0,-1.0,24.401,2.2144,1809,4913636
4096,149,delete,276.274,-1.0,-1.0,-1.0,-1.0,1051.77,2.13983,1730,4717250
4096,150,search,7088.36,2722.99,3071.76,0.281484,211.682,0.92226,0.104236,-1.0,-1.0,55.043,2.14033,1733,4717250
4096,151,delete,183.103,-1.0,-1.0,-1.0,-1.0,858.619,2.07207,1666,4560269
8192,2,search,27565.3,38.7532,24395.7,1.30728,115.15,0.8551,0.130106,-1.0,-1.0,8.553,0.0184881,1000,38806
8192,3,insert,22.577,-1.0,-1.0,-1.0,-1.0,16.498,0.0226681,998,49334
8192,4,search,12399.3,50.3434,7828.17,0.825033,165.07,0.86613,0.128797,-1.0,-1.0,14.952,0.0226611,997,49334
8192,5,insert,40.973,-1.0,-1.0,-1.0,-1.0,176.879,0.0329766,993,73557
8192,6,search,4042.9,91.1717,774.971,0.683991,253.458,0.92433,0.104255,-1.0,-1.0,114.347,0.0330819,995,73557
8192,7,insert,48.308,-1.0,-1.0,-1.0,-1.0,104.903,0.0426107,995,95766
8192,8,search,2799.43,109.607,232.022,1.14273,147.147,0.92582,0.103612,-1.0,-1.0,94.258,0.0428012,997,95766
8192,9,insert,7.508,-1.0,-1.0,-1.0,-1.0,79.078,0.0445267,997,100025
8192,10,search,2765.81,105.062,249.059,1.08397,148.386,0.92703,0.100737,-1.0,-1.0,80.411,0.0445267,997,100025
8192,11,insert,19.307,-1.0,-1.0,-1.0,-1.0,81.366,0.0497772,997,111417
8192,12,search,2805.15,119.099,284.257,1.11498,131.466,0.92784,0.100473,-1.0,-1.0,82.539,0.0497772,997,111417
8192,13,insert,40.199,-1.0,-1.0,-1.0,-1.0,86.656,0.0610515,997,137139
8192,14,search,2845.37,142.935,302.696,1.00175,142.35,0.92449,0.102927,-1.0,-1.0,24.298,0.061098,998,137139
8192,15,insert,39.328,-1.0,-1.0,-1.0,-1.0,8.292,0.0698157,998,156710
8192,16,search,2865.05,161.365,339.939,1.0034,146.305,0.92241,0.104278,-1.0,-1.0,23.602,0.0698182,1000,156710
8192,17,insert,10.93,-1.0,-1.0,-1.0,-1.0,11.833,0.0717892,1001,161773
8192,18,search,2880.69,166.103,348.815,0.931538,154.133,0.92357,0.10331,-1.0,-1.0,20.208,0.07197,1003,161773
8192,19,insert,48.928,-1.0,-1.0,-1.0,-1.0,7.77,0.07856,1003,177161
8192,20,search,2909,182.593,367.665,0.94727,147.493,0.92703,0.10003,-1.0,-1.0,8.824,0.07856,1003,177161
8192,21,insert,499.527,-1.0,-1.0,-1.0,-1.0,199.508,0.201212,1039,448898
8192,22,search,3172.07,431.198,709.276,0.849123,117.527,0.91539,0.10383,-1.0,-1.0,28.701,0.201211,1042,448898
8192,23,insert,518.481,-1.0,-1.0,-1.0,-1.0,317.188,0.328128,1088,733493
8192,24,search,3241.73,672.368,822.975,0.896863,98.9298,0.91169,0.106081,-1.0,-1.0,90.829,0.328126,1100,733493
8192,25,insert,59.504,-1.0,-1.0,-1.0,-1.0,45.874,0.345871,1106,777443
8192,26,search,3347.11,701.086,893.971,0.656742,119.87,0.91074,0.107309,-1.0,-1.0,20.215,0.345873,1107,777443
8192,27,insert,46.304,-1.0,-1.0,-1.0,-1.0,13.065,0.357604,1107,805394
8192,28,search,3540.13,725.635,1034.44,0.698074,119.065,0.91184,0.106671,-1.0,-1.0,24.35,0.357714,1108,805394
8192,29,insert,94.716,-1.0,-1.0,-1.0,-1.0,61.834,0.38539,1115,866391
8192,30,search,3562.24,775.002,1065.18,0.6865,129.469,0.91289,0.10726,-1.0,-1.0,31.502,0.38539,1117,866391
8192,31,insert,582.361,-1.0,-1.0,-1.0,-1.0,364.37,0.552645,1171,1239816
8192,32,search,3998.64,1057.88,1365.6,0.554018,133.373,0.9057,0.112014,-1.0,-1.0,113.838,0.552897,1179,1239816
8192,33,insert,82.806,-1.0,-1.0,-1.0,-1.0,13.304,0.573687,1180,1291211
8192,34,search,4061.73,1093.34,1396.13,0.539061,138.055,0.90713,0.110999,-1.0,-1.0,72.964,0.573978,1186,1291211
8192,35,insert,49.616,-1.0,-1.0,-1.0,-1.0,26.451,0.585004,1190,1324978
8192,36,search,3853.65,1112.51,1210.89,0.553019,132.283,0.90718,0.110544,-1.0,-1.0,43.757,0.58501,1193,1324978
8192,37,insert,73.951,-1.0,-1.0,-1.0,-1.0,27.081,0.604548,1195,1371885
8192,38,search,4105.31,1147.08,1435.28,0.532165,135.079,0.90718,0.111175,-1.0,-1.0,10.591,0.604548,1195,1371885
8192,39,insert,17.421,-1.0,-1.0,-1.0,-1.0,15.747,0.6081,1196,1379335
8192,40,search,4100.15,1151.39,1465.26,0.533851,130.947,0.90763,0.111373,-1.0,-1.0,18.14,0.608219,1197,1379335
8192,41,insert,63.876,-1.0,-1.0,-1.0,-1.0,41.647,0.623929,1202,1413312
8192,42,search,4160.05,1173.88,1492.12,0.558511,131.177,0.90792,0.11131,-1.0,-1.0,11.251,0.623929,1202,1413312
8192,43,insert,19.625,-1.0,-1.0,-1.0,-1.0,15.026,0.627703,1203,1423411
8192,44,search,4106.37,1181.28,1471.83,0.551127,135.371,0.90817,0.111101,-1.0,-1.0,10.587,0.627703,1203,1423411
8192,45,insert,248.527,-1.0,-1.0,-1.0,-1.0,32.825,0.642549,1207,1457559
8192,46,search,4035.01,1205.62,1361.81,0.533036,124.136,0.90912,0.109805,-1.0,-1.0,10.387,0.642549,1207,1457559
8192,47,insert,370.411,-1.0,-1.0,-1.0,-1.0,275.658,0.748957,1237,1688593
8192,48,search,4430.78,1361.81,1674.91,0.497981,148.391,0.90942,0.110545,-1.0,-1.0,117.808,0.748956,1245,1688593
8192,49,insert,56.928,-1.0,-1.0,-1.0,-1.0,50.983,0.763786,1251,1723505
8192,50,search,4121.75,1374.44,1374.35,0.522257,130.457,0.90992,0.109936,-1.0,-1.0,47.022,0.763785,1254,1723505
8192,51,insert,470.613,-1.0,-1.0,-1.0,-1.0,268.323,0.902564,1291,2035040
8192,52,search,4425.91,1573.92,1576.98,0.470998,138.53,0.91274,0.108916,-1.0,-1.0,64.459,0.902624,1298,2035040
8192,53,insert,61.764,-1.0,-1.0,-1.0,-1.0,23.878,0.920093,1299,2078341
8192,54,search,4790.64,1597.52,1908.38,0.428668,155.489,0.91205,0.109496,-1.0,-1.0,21.213,0.920303,1300,2078341
8192,55,insert,457.122,-1.0,-1.0,-1.0,-1.0,480.599,1.07101,1357,2399905
8192,56,search,4937.2,1765.96,1942.93,0.425863,151.744,0.91214,0.110282,-1.0,-1.0,120.538,1.07107,1369,2399905
8192,57,insert,28.545,-1.0,-1.0,-1.0,-1.0,27.7,1.07944,1372,2419836
8192,58,search,5124.88,1761.19,2072.63,0.406386,169.861,0.91137,0.111192,-1.0,-1.0,54.552,1.07946,1377,2419836
8192,59,insert,304.754,-1.0,-1.0,-1.0,-1.0,211.281,1.18038,1394,2643083
8192,60,search,4930.78,1893.35,1846.41,0.424805,143.685,0.90594,0.118054,-1.0,-1.0,86.225,1.18088,1401,2643083
8192,61,insert,16.023,-1.0,-1.0,-1.0,-1.0,18.753,1.18529,1402,2653064
8192,62,search,5339.38,1889.67,2205.53,0.3813,172.066,0.90631,0.117868,-1.0,-1.0,13.144,1.18529,1402,2653064
8192,63,insert,4.547,-1.0,-1.0,-1.0,-1.0,11.297,1.18588,1402,2656118
8192,64,search,5116.23,1891.85,2019.09,0.407683,156.989,0.90633,0.11773,-1.0,-1.0,13.184,1.18588,1402,2656118
8192,65,insert,117.909,-1.0,-1.0,-1.0,-1.0,125.498,1.21169,1420,2723424
8192,66,search,4852.88,1917.9,1743.11,0.466117,137.498,0.90733,0.116659,-1.0,-1.0,11.668,1.21169,1420,2723424
8192,67,insert,65.925,-1.0,-1.0,-1.0,-1.0,118.319,1.23214,1437,2769021
8192,68,search,5436.8,1926.95,2241.65,0.372674,181.425,0.90769,0.116154,-1.0,-1.0,27.977,1.23214,1439,2769021
8192,69,insert,76.671,-1.0,-1.0,-1.0,-1.0,75.56,1.25331,1447,2821777
8192,70,search,5327.4,1950.09,2147.68,0.384288,160.508,0.90948,0.114699,-1.0,-1.0,17.875,1.25345,1448,2821777
8192,71,insert,19.312,-1.0,-1.0,-1.0,-1.0,31.252,1.25843,1451,2834921
8192,72,search,5134.81,1953.77,1951.81,0.463296,148.114,0.9097,0.114723,-1.0,-1.0,14.841,1.25843,1451,2834921
8192,73,insert,11.596,-1.0,-1.0,-1.0,-1.0,12.747,1.26121,1451,2842044
8192,74,search,5215.42,1958.68,2029.49,0.370849,159.953,0.90969,0.114613,-1.0,-1.0,14.86,1.26121,1451,2842044
8192,75,insert,38.825,-1.0,-1.0,-1.0,-1.0,34.746,1.26706,1453,2858890
8192,76,search,5303.64,1967.58,2119.63,0.369611,166.499,0.91007,0.114344,-1.0,-1.0,13.078,1.26706,1453,2858890
8192,77,insert,58.39,-1.0,-1.0,-1.0,-1.0,20.514,1.27736,1454,2882818
8192,78,search,5670.94,1982.68,2435,0.364955,173.682,0.91025,0.11435,-1.0,-1.0,23.729,1.27744,1455,2882818
8192,79,insert,533.076,-1.0,-1.0,-1.0,-1.0,18.132,1.30368,1456,2947806
8192,80,search,5341.12,2024.59,2153.74,0.370877,162.05,0.90978,0.11485,-1.0,-1.0,12.629,1.30368,1456,2947806
8192,81,insert,47.764,-1.0,-1.0,-1.0,-1.0,26.131,1.31749,1458,2976895
8192,82,search,5648.94,2041.77,2428.61,0.361755,174.395,0.9108,0.113888,-1.0,-1.0,14.892,1.31749,1458,2976895
8192,83,insert,24.806,-1.0,-1.0,-1.0,-1.0,22.184,1.32363,1459,2990682
8192,84,search,5553.11,2049.82,2335.34,0.344939,171.562,0.91098,0.113601,-1.0,-1.0,14.935,1.32363,1459,2990682
8192,85,insert,60.989,-1.0,-1.0,-1.0,-1.0,19.867,1.33978,1460,3025613
8192,86,search,5286.85,2072.34,2062.76,0.414272,156.159,0.91203,0.113107,-1.0,-1.0,13.248,1.33978,1460,3025613
8192,87,insert,631.356,-1.0,-1.0,-1.0,-1.0,715.326,1.54402,1550,3468632
8192,88,search,6254.67,2237.83,2810.73,0.324781,200.353,0.91507,0.110386,-1.0,-1.0,112.843,1.54402,1561,3468632
8192,89,insert,453.651,-1.0,-1.0,-1.0,-1.0,468.107,1.70228,1625,3831692
8192,90,search,6621.61,2357.96,3032.51,0.314883,205.523,0.91908,0.105571,-1.0,-1.0,65.102,1.70242,1633,3831692
8192,91,insert,32.477,-1.0,-1.0,-1.0,-1.0,49.861,1.71305,1638,3864067
8192,92,search,6735.16,2359.02,3074.76,0.303641,211.278,0.91921,0.105488,-1.0,-1.0,16.226,1.71305,1638,3864067
8192,93,insert,350.506,-1.0,-1.0,-1.0,-1.0,222.082,1.81842,1666,4103827
8192,94,search,6930.91,2460.35,3236.88,0.308049,213.079,0.91986,0.104438,-1.0,-1.0,40.547,1.8185,1669,4103827
8192,95,insert,24.082,-1.0,-1.0,-1.0,-1.0,51.934,1.8257,1674,4119898
8192,96,search,6606.96,2458.2,2912.07,0.342406,200.054,0.92011,0.104232,-1.0,-1.0,14.123,1.8257,1674,4119898
8192,97,insert,15.511,-1.0,-1.0,-1.0,-1.0,24.735,1.82997,1675,4129367
8192,98,search,6389.08,2462.38,2720.02,0.343961,199.724,0.92035,0.10404,-1.0,-1.0,14.265,1.82997,1675,4129367
8192,99,insert,8.655,-1.0,-1.0,-1.0,-1.0,13.287,1.83221,1675,4134502
8192,100,search,6834.22,2465.44,3130.51,0.319901,224.746,0.92046,0.103952,-1.0,-1.0,16.75,1.83221,1675,4134502
8192,101,insert,50.478,-1.0,-1.0,-1.0,-1.0,88.292,1.84226,1683,4164482
8192,102,search,7005.34,2471.53,3268.29,0.308466,215.502,0.92086,0.103481,-1.0,-1.0,16.07,1.84226,1683,4164482
8192,103,insert,31.092,-1.0,-1.0,-1.0,-1.0,34.872,1.849,1685,4178601
8192,104,search,6960.83,2476.97,3246.07,0.313931,221.263,0.92098,0.103269,-1.0,-1.0,15.822,1.849,1685,4178601
8192,105,insert,17.25,-1.0,-1.0,-1.0,-1.0,44.796,1.85329,1688,4187774
8192,106,search,6962.69,2478,3241.28,0.31205,220.841,0.92116,0.103197,-1.0,-1.0,24.817,1.85333,1689,4187774
8192,107,insert,27.477,-1.0,-1.0,-1.0,-1.0,14.05,1.85883,1689,4200109
8192,108,search,6769.1,2483.83,3048.23,0.33667,214.721,0.92091,0.103435,-1.0,-1.0,15.124,1.85883,1689,4200109
8192,109,insert,494.398,-1.0,-1.0,-1.0,-1.0,557.68,2.0177,1760,4557867
8192,110,search,7146.39,2586.78,3221.1,0.321154,218.577,0.92209,0.102209,-1.0,-1.0,69.707,2.01814,1763,4557867
8192,111,insert,45.849,-1.0,-1.0,-1.0,-1.0,89.292,2.0318,1772,4587252
8192,112,search,7070.46,2585.85,3136.72,0.291171,209.268,0.92212,0.102458,-1.0,-1.0,19.975,2.0318,1772,4587252
8192,113,insert,18.157,-1.0,-1.0,-1.0,-1.0,44.694,2.03766,1775,4600056
8192,114,search,7006.56,2588.69,3085.4,0.318095,222.53,0.92258,0.102156,-1.0,-1.0,19.393,2.03766,1775,4600056
8192,115,insert,46.474,-1.0,-1.0,-1.0,-1.0,66.893,2.04733,1780,4627422
8192,116,search,7170.25,2596.78,3233.81,0.304241,224.977,0.92328,0.101834,-1.0,-1.0,19.577,2.04733,1780,4627422
8192,117,insert,12.698,-1.0,-1.0,-1.0,-1.0,18.161,2.05008,1780,4639292
8192,118,search,7392.91,2603.44,3434.97,0.312541,246.193,0.9234,0.101497,-1.0,-1.0,34.449,2.05016,1781,4639292
8192,119,insert,7.315,-1.0,-1.0,-1.0,-1.0,41.273,2.05214,1783,4643423
8192,120,search,7036.11,2601.38,3104.92,0.357798,205.222,0.92337,0.10157,-1.0,-1.0,21.596,2.05214,1783,4643423
8192,121,insert,25.754,-1.0,-1.0,-1.0,-1.0,32.389,2.05929,1784,4657252
8192,122,search,6857.13,2607.67,2938.57,0.329138,210.235,0.92342,0.101367,-1.0,-1.0,34.779,2.05932,1785,4657252
8192,123,insert,473.435,-1.0,-1.0,-1.0,-1.0,517.542,2.19035,1837,4938477
8192,124,search,7642.46,2685.44,3570.99,0.280006,254.132,0.92357,0.102073,-1.0,-1.0,173.211,2.19174,1848,4938477
8192,125,insert,57.507,-1.0,-1.0,-1.0,-1.0,76.128,2.2081,1855,4980492
8192,126,search,7713.69,2682.04,3588.83,0.306597,248.986,0.92413,0.101583,-1.0,-1.0,175.556,2.20867,1864,4980492
8192,127,insert,70.373,-1.0,-1.0,-1.0,-1.0,100.452,2.23104,1876,5030515
8192,128,search,7693.47,2678.68,3513.74,0.29093,248.194,0.9249,0.101125,-1.0,-1.0,39.427,2.23104,1877,5030515
8192,129,delete,28.464,-1.0,-1.0,-1.0,-1.0,95.492,2.22913,1845,5009391
8192,130,search,7589.27,2715.12,3509.87,0.259519,245.114,0.92323,0.1024,-1.0,-1.0,24.819,2.22913,1845,5009391
8192,131,delete,9.509,-1.0,-1.0,-1.0,-1.0,23.661,2.22913,1845,5004093
8192,132,search,7390.59,2712.25,3311.2,0.265846,241.806,0.92319,0.102526,-1.0,-1.0,23.834,2.22913,1845,5004093
8192,133,delete,15.927,-1.0,-1.0,-1.0,-1.0,23.198,2.2289,1845,4991787
8192,134,search,6680.22,2705.58,2653.1,0.335831,183.033,0.92303,0.102513,-1.0,-1.0,26.692,2.2289,1845,4991787
8192,135,delete,37.285,-1.0,-1.0,-1.0,-1.0,75.236,2.2259,1842,4974857
8192,136,search,7639.75,2700.79,3543,0.249413,247.792,0.92328,0.102246,-1.0,-1.0,25.977,2.2259,1842,4974857
8192,137,delete,11.887,-1.0,-1.0,-1.0,-1.0,25.114,2.2259,1842,4971386
8192,138,search,7113,2698.91,3126.47,0.267756,219.484,0.9232,0.102395,-1.0,-1.0,25.437,2.2259,1842,4971386
8192,139,delete,15.956,-1.0,-1.0,-1.0,-1.0,23.211,2.2259,1842,4963487
8192,140,search,7273.39,2694.62,3212.27,0.267613,225.756,0.92306,0.102488,-1.0,-1.0,24.497,2.2259,1842,4963487
8192,141,delete,36.837,-1.0,-1.0,-1.0,-1.0,82.322,2.22131,1836,4941830
8192,142,search,7347.15,2691.63,3294.47,0.265634,242.144,0.92275,0.102675,-1.0,-1.0,27.342,2.22131,1836,4941830
8192,143,delete,31.469,-1.0,-1.0,-1.0,-1.0,79.263,2.21694,1832,4925657
8192,144,search,7444.06,2688.68,3379.64,0.256733,251.063,0.92256,0.102539,-1.0,-1.0,26.662,2.21694,1832,4925657
8192,145,delete,8.052,-1.0,-1.0,-1.0,-1.0,36.026,2.21602,1830,4922686
8192,146,search,7585.19,2689.99,3515.08,0.251207,245.758,0.9223,0.103048,-1.0,-1.0,25.48,2.21602,1830,4922686
8192,147,delete,22.881,-1.0,-1.0,-1.0,-1.0,23.918,2.21602,1830,4913636
8192,148,search,7354.09,2685.05,3323.94,0.288858,219.784,0.92238,0.103047,-1.0,-1.0,24.987,2.21602,1830,4913636
8192,149,delete,263.512,-1.0,-1.0,-1.0,-1.0,1064.58,2.13653,1750,4717250
8192,150,search,7194.72,2695.57,3295,0.253421,246.721,0.92125,0.104502,-1.0,-1.0,49.497,2.13706,1753,4717250
8192,151,delete,162.583,-1.0,-1.0,-1.0,-1.0,1026.41,2.06946,1675,4560269
