step_num,step_type,latency_ms,worker_partition_size,worker_scan_time_ms,worker_scan_throughput,worker_result_time_ms,measured_ipc,cache_miss_rate,recall_mean,recall_std_dev,gt_scan_mean,gt_scan_dev,mainteance_ms,index_mem_gb,num_partitions,num_vectors
2,search,3239.02,37.4251,357.034,0.493315,641.35,-nan,-nan,0.844,0.1346,-1.0,-1.0,6.551,0.0184881,1000,38806
3,insert,25.368,-1.0,-1.0,-1.0,-1.0,-1.0,-1.0,-1.0,-1.0,-1.0,-1.0,14.157,0.0226893,995,49334
4,search,2488.24,65.147,196.543,1.11729,190.883,-nan,-nan,0.85634,0.133964,-1.0,-1.0,22.186,0.0226836,988,49334
5,insert,19.622,-1.0,-1.0,-1.0,-1.0,-1.0,-1.0,-1.0,-1.0,-1.0,-1.0,169.101,0.032957,974,73557
6,search,2350.69,192.202,188.762,1.59827,101.731,-nan,-nan,0.92009,0.107539,-1.0,-1.0,130.653,0.0330313,976,73557
7,insert,24.303,-1.0,-1.0,-1.0,-1.0,-1.0,-1.0,-1.0,-1.0,-1.0,-1.0,136.573,0.0431297,975,95766
8,search,2482.21,240.917,203.001,1.42565,101.501,-nan,-nan,0.9186,0.108923,-1.0,-1.0,85.887,0.0433072,978,95766
9,insert,3.381,-1.0,-1.0,-1.0,-1.0,-1.0,-1.0,-1.0,-1.0,-1.0,-1.0,75.798,0.0450273,978,100025
10,search,2381.78,249.211,206.812,1.42462,101.247,-nan,-nan,0.9196,0.106614,-1.0,-1.0,80.907,0.0450497,980,100025
11,insert,8.515,-1.0,-1.0,-1.0,-1.0,-1.0,-1.0,-1.0,-1.0,-1.0,-1.0,17.308,0.0500298,983,111417
12,search,2454.36,285.67,212.925,1.18862,126.949,-nan,-nan,0.91799,0.108448,-1.0,-1.0,23.612,0.0500294,985,111417
13,insert,28.768,-1.0,-1.0,-1.0,-1.0,-1.0,-1.0,-1.0,-1.0,-1.0,-1.0,6.276,0.0610503,985,137139
14,search,2464.69,326.778,242.915,1.11263,112.087,-nan,-nan,0.91447,0.110692,-1.0,-1.0,15.99,0.0610625,989,137139
15,insert,14.996,-1.0,-1.0,-1.0,-1.0,-1.0,-1.0,-1.0,-1.0,-1.0,-1.0,8.747,0.0695942,990,156710
16,search,2489.49,357.432,257.646,1.10803,103.857,-nan,-nan,0.91224,0.110953,-1.0,-1.0,6.546,0.0695942,990,156710
17,insert,4.064,-1.0,-1.0,-1.0,-1.0,-1.0,-1.0,-1.0,-1.0,-1.0,-1.0,8.162,0.0716893,991,161773
18,search,2429.11,375.625,256.253,1.08406,103.661,-nan,-nan,0.91322,0.110943,-1.0,-1.0,8.383,0.0717064,992,161773
19,insert,30.481,-1.0,-1.0,-1.0,-1.0,-1.0,-1.0,-1.0,-1.0,-1.0,-1.0,8.719,0.0784282,993,177161
20,search,2448.18,413.973,278.293,1.15302,99.1912,-nan,-nan,0.91811,0.107416,-1.0,-1.0,9.051,0.0784282,994,177161
21,insert,324.191,-1.0,-1.0,-1.0,-1.0,-1.0,-1.0,-1.0,-1.0,-1.0,-1.0,161.699,0.201152,1037,448898
22,search,2693.54,829.028,491.659,1.01798,77.3204,-nan,-nan,0.90318,0.111969,-1.0,-1.0,44.068,0.201151,1044,448898
23,insert,394.341,-1.0,-1.0,-1.0,-1.0,-1.0,-1.0,-1.0,-1.0,-1.0,-1.0,293.323,0.328245,1094,733493
24,search,3036.7,1151.67,702.744,0.995295,84.6762,-nan,-nan,0.89874,0.113726,-1.0,-1.0,90.338,0.328429,1112,733493
25,insert,36.072,-1.0,-1.0,-1.0,-1.0,-1.0,-1.0,-1.0,-1.0,-1.0,-1.0,35.727,0.345909,1118,777443
26,search,2990.88,1120.29,672.05,1.03339,77.8536,-nan,-nan,0.89684,0.115357,-1.0,-1.0,17.728,0.346002,1120,777443
27,insert,28.516,-1.0,-1.0,-1.0,-1.0,-1.0,-1.0,-1.0,-1.0,-1.0,-1.0,13.763,0.358141,1121,805394
28,search,3046.89,1147.7,695.02,1.04244,71.0955,-nan,-nan,0.89761,0.114545,-1.0,-1.0,9.002,0.358141,1121,805394
29,insert,55.221,-1.0,-1.0,-1.0,-1.0,-1.0,-1.0,-1.0,-1.0,-1.0,-1.0,54.638,0.385159,1131,866391
30,search,2988.23,1209.87,740.95,1.00112,72.9892,-nan,-nan,0.90032,0.113898,-1.0,-1.0,18.417,0.385159,1133,866391
31,insert,448.111,-1.0,-1.0,-1.0,-1.0,-1.0,-1.0,-1.0,-1.0,-1.0,-1.0,332.948,0.554264,1191,1239816
32,search,3353.37,1495.98,923.705,0.991814,75.0187,-nan,-nan,0.89218,0.120469,-1.0,-1.0,69.733,0.554263,1198,1239816
33,insert,46.191,-1.0,-1.0,-1.0,-1.0,-1.0,-1.0,-1.0,-1.0,-1.0,-1.0,24.169,0.574814,1203,1291211
34,search,3350.85,1498.08,917.448,1.00292,72.914,-nan,-nan,0.89213,0.120177,-1.0,-1.0,56.957,0.574941,1208,1291211
35,insert,29.373,-1.0,-1.0,-1.0,-1.0,-1.0,-1.0,-1.0,-1.0,-1.0,-1.0,30.295,0.586937,1214,1324978
36,search,3331.52,1521.07,966.584,0.926052,75.8825,-nan,-nan,0.89341,0.11922,-1.0,-1.0,39.033,0.586948,1217,1324978
37,insert,57.408,-1.0,-1.0,-1.0,-1.0,-1.0,-1.0,-1.0,-1.0,-1.0,-1.0,24.283,0.605487,1220,1371885
38,search,3343.68,1549.12,998.988,0.97988,78.3444,-nan,-nan,0.89441,0.11829,-1.0,-1.0,13.733,0.605487,1221,1371885
39,insert,12.916,-1.0,-1.0,-1.0,-1.0,-1.0,-1.0,-1.0,-1.0,-1.0,-1.0,8.388,0.608722,1221,1379335
40,search,3318.76,1550.37,989.235,0.975417,86.3315,-nan,-nan,0.89449,0.118777,-1.0,-1.0,8.823,0.608722,1221,1379335
41,insert,45.764,-1.0,-1.0,-1.0,-1.0,-1.0,-1.0,-1.0,-1.0,-1.0,-1.0,28.185,0.623868,1225,1413312
42,search,3364.19,1575.61,1000.7,0.987989,76.259,-nan,-nan,0.89563,0.117823,-1.0,-1.0,5.993,0.623868,1225,1413312
43,insert,7.366,-1.0,-1.0,-1.0,-1.0,-1.0,-1.0,-1.0,-1.0,-1.0,-1.0,6.312,0.627645,1225,1423411
44,search,3423.3,1588.91,995.033,0.996097,67.0249,-nan,-nan,0.8958,0.118005,-1.0,-1.0,8.893,0.627645,1225,1423411
45,insert,172.698,-1.0,-1.0,-1.0,-1.0,-1.0,-1.0,-1.0,-1.0,-1.0,-1.0,16.959,0.641578,1230,1457559
46,search,3373.28,1610.72,968.708,1.02897,76.0286,-nan,-nan,0.89681,0.117022,-1.0,-1.0,8.742,0.641578,1230,1457559
47,insert,197.627,-1.0,-1.0,-1.0,-1.0,-1.0,-1.0,-1.0,-1.0,-1.0,-1.0,199.281,0.748462,1261,1688593
48,search,3558.05,1744.31,1116.74,0.992678,79.6673,-nan,-nan,0.89773,0.118657,-1.0,-1.0,56.707,0.74846,1271,1688593
49,insert,18.387,-1.0,-1.0,-1.0,-1.0,-1.0,-1.0,-1.0,-1.0,-1.0,-1.0,16.748,0.76251,1274,1723505
50,search,3606.29,1746.5,1105.27,1.01215,81.4916,-nan,-nan,0.89881,0.117586,-1.0,-1.0,32.53,0.76251,1280,1723505
51,insert,298.56,-1.0,-1.0,-1.0,-1.0,-1.0,-1.0,-1.0,-1.0,-1.0,-1.0,299.64,0.905831,1328,2035040
52,search,3646.86,1900.84,1239.21,0.942485,92.116,-nan,-nan,0.90108,0.116045,-1.0,-1.0,24.097,0.906126,1333,2035040
53,insert,28.237,-1.0,-1.0,-1.0,-1.0,-1.0,-1.0,-1.0,-1.0,-1.0,-1.0,17.899,0.92353,1336,2078341
54,search,3222.39,1919.19,1179.75,1.05211,102.982,-nan,-nan,0.90223,0.115801,-1.0,-1.0,6.52,0.92353,1336,2078341
55,insert,199.364,-1.0,-1.0,-1.0,-1.0,-1.0,-1.0,-1.0,-1.0,-1.0,-1.0,273.513,1.07194,1395,2399905
56,search,4016.56,2079.68,1290.64,1.02876,104.923,-nan,-nan,0.90345,0.117146,-1.0,-1.0,105.482,1.07206,1411,2399905
57,insert,23.742,-1.0,-1.0,-1.0,-1.0,-1.0,-1.0,-1.0,-1.0,-1.0,-1.0,21.379,1.07953,1414,2419836
58,search,4161.97,2035.15,1304.06,1.0911,100.361,-nan,-nan,0.90193,0.118316,-1.0,-1.0,40.666,1.07955,1418,2419836
59,insert,212.387,-1.0,-1.0,-1.0,-1.0,-1.0,-1.0,-1.0,-1.0,-1.0,-1.0,134.414,1.18011,1433,2643083
60,search,3922.69,2091.58,1426.44,0.96094,114.17,-nan,-nan,0.8957,0.12527,-1.0,-1.0,29.111,1.18025,1437,2643083
61,insert,7.494,-1.0,-1.0,-1.0,-1.0,-1.0,-1.0,-1.0,-1.0,-1.0,-1.0,7.07,1.18439,1437,2653064
62,search,4174.03,2092.84,1433.79,0.999942,120.149,-nan,-nan,0.89566,0.125219,-1.0,-1.0,6.565,1.18439,1437,2653064
63,insert,2.264,-1.0,-1.0,-1.0,-1.0,-1.0,-1.0,-1.0,-1.0,-1.0,-1.0,6.214,1.18568,1437,2656118
64,search,3831.67,2094.01,1455.05,1.01849,119.298,-nan,-nan,0.89579,0.125109,-1.0,-1.0,6.614,1.18568,1437,2656118
65,insert,41.662,-1.0,-1.0,-1.0,-1.0,-1.0,-1.0,-1.0,-1.0,-1.0,-1.0,52.378,1.21047,1453,2723424
66,search,3624.52,2126.81,1415.59,1.03841,119.033,-nan,-nan,0.89669,0.12415,-1.0,-1.0,8.637,1.21061,1454,2723424
67,insert,23.692,-1.0,-1.0,-1.0,-1.0,-1.0,-1.0,-1.0,-1.0,-1.0,-1.0,48.871,1.23206,1469,2769021
68,search,3659.36,2131.9,1436.3,1.05355,120.01,-nan,-nan,0.89779,0.123401,-1.0,-1.0,16.706,1.23223,1473,2769021
69,insert,24.821,-1.0,-1.0,-1.0,-1.0,-1.0,-1.0,-1.0,-1.0,-1.0,-1.0,39.243,1.25341,1484,2821777
70,search,3695.22,2134.13,1451.23,1.05794,124.672,-nan,-nan,0.89908,0.122793,-1.0,-1.0,10.167,1.25367,1485,2821777
71,insert,8.385,-1.0,-1.0,-1.0,-1.0,-1.0,-1.0,-1.0,-1.0,-1.0,-1.0,11.34,1.25929,1487,2834921
72,search,4325.33,2142.27,1415.32,1.05746,117.452,-nan,-nan,0.90003,0.12229,-1.0,-1.0,16.161,1.25935,1488,2834921
73,insert,7.535,-1.0,-1.0,-1.0,-1.0,-1.0,-1.0,-1.0,-1.0,-1.0,-1.0,17.589,1.26219,1489,2842044
74,search,4570.26,2143.59,1543.09,0.993555,121.9,-nan,-nan,0.89981,0.122471,-1.0,-1.0,12.545,1.26219,1489,2842044
75,insert,25.834,-1.0,-1.0,-1.0,-1.0,-1.0,-1.0,-1.0,-1.0,-1.0,-1.0,16.791,1.26926,1490,2858890
76,search,4574.79,2156.74,1546.15,0.97941,131.771,-nan,-nan,0.90005,0.122329,-1.0,-1.0,11.288,1.26926,1490,2858890
77,insert,35.561,-1.0,-1.0,-1.0,-1.0,-1.0,-1.0,-1.0,-1.0,-1.0,-1.0,17.788,1.27844,1491,2882818
78,search,4615.18,2167.85,1564.21,0.939767,135.21,-nan,-nan,0.89984,0.122496,-1.0,-1.0,13.272,1.27844,1491,2882818
79,insert,481.218,-1.0,-1.0,-1.0,-1.0,-1.0,-1.0,-1.0,-1.0,-1.0,-1.0,13.99,1.30742,1492,2947806
80,search,4517.42,2200.72,1502.66,1.09335,124.85,-nan,-nan,0.8995,0.122604,-1.0,-1.0,11.711,1.30742,1492,2947806
81,insert,43.179,-1.0,-1.0,-1.0,-1.0,-1.0,-1.0,-1.0,-1.0,-1.0,-1.0,39.441,1.32074,1497,2976895
82,search,4684.37,2208.95,1605.37,0.924379,145.748,-nan,-nan,0.90072,0.121644,-1.0,-1.0,18.958,1.3208,1498,2976895
83,insert,16.358,-1.0,-1.0,-1.0,-1.0,-1.0,-1.0,-1.0,-1.0,-1.0,-1.0,27.67,1.3266,1501,2990682
84,search,4547.94,2210.08,1610.83,0.975595,141.36,-nan,-nan,0.90136,0.121149,-1.0,-1.0,13.405,1.32668,1502,2990682
85,insert,24.411,-1.0,-1.0,-1.0,-1.0,-1.0,-1.0,-1.0,-1.0,-1.0,-1.0,18.028,1.34056,1506,3025613
86,search,4094.95,2221.68,1509.22,1.02205,130.943,-nan,-nan,0.90185,0.120941,-1.0,-1.0,11.399,1.34056,1506,3025613
87,insert,606.709,-1.0,-1.0,-1.0,-1.0,-1.0,-1.0,-1.0,-1.0,-1.0,-1.0,638.653,1.54251,1595,3468632
88,search,4921.17,2374.19,1760.66,1.00098,147.64,-nan,-nan,0.90522,0.117856,-1.0,-1.0,86.125,1.54251,1605,3468632
89,insert,364.446,-1.0,-1.0,-1.0,-1.0,-1.0,-1.0,-1.0,-1.0,-1.0,-1.0,307.623,1.70253,1677,3831692
90,search,5332.64,2472.17,1946.52,0.967054,159.683,-nan,-nan,0.90929,0.113609,-1.0,-1.0,48.134,1.70253,1683,3831692
91,insert,29.098,-1.0,-1.0,-1.0,-1.0,-1.0,-1.0,-1.0,-1.0,-1.0,-1.0,21.404,1.71237,1685,3864067
92,search,5335.62,2477.16,1916.86,0.968151,162.061,-nan,-nan,0.90925,0.113488,-1.0,-1.0,13.903,1.71237,1685,3864067
93,insert,210.068,-1.0,-1.0,-1.0,-1.0,-1.0,-1.0,-1.0,-1.0,-1.0,-1.0,165.551,1.8181,1715,4103827
94,search,5600.08,2542.53,2065.02,0.927304,184.717,-nan,-nan,0.91003,0.112621,-1.0,-1.0,41.096,1.81861,1718,4103827
95,insert,14.982,-1.0,-1.0,-1.0,-1.0,-1.0,-1.0,-1.0,-1.0,-1.0,-1.0,18.433,1.823,1719,4119898
96,search,5477.38,2548.23,1978.07,1.05451,162.504,-nan,-nan,0.91037,0.112289,-1.0,-1.0,16.248,1.823,1719,4119898
97,insert,9.692,-1.0,-1.0,-1.0,-1.0,-1.0,-1.0,-1.0,-1.0,-1.0,-1.0,34.187,1.82599,1722,4129367
98,search,5442.4,2547.51,1924.89,1.03489,159.298,-nan,-nan,0.91056,0.112102,-1.0,-1.0,23.581,1.82619,1723,4129367
99,insert,6.962,-1.0,-1.0,-1.0,-1.0,-1.0,-1.0,-1.0,-1.0,-1.0,-1.0,14.909,1.82783,1723,4134502
100,search,5597.96,2549.3,2062.75,0.969111,184.331,-nan,-nan,0.91068,0.111999,-1.0,-1.0,15.915,1.82783,1723,4134502
101,insert,36.206,-1.0,-1.0,-1.0,-1.0,-1.0,-1.0,-1.0,-1.0,-1.0,-1.0,41.113,1.83822,1727,4164482
102,search,5507.75,2562.36,2070.23,0.951069,181.729,-nan,-nan,0.91064,0.11203,-1.0,-1.0,15.905,1.83822,1727,4164482
103,insert,16.916,-1.0,-1.0,-1.0,-1.0,-1.0,-1.0,-1.0,-1.0,-1.0,-1.0,45.014,1.84428,1732,4178601
104,search,5579.7,2559.78,2029.35,0.999137,170.795,-nan,-nan,0.91084,0.11206,-1.0,-1.0,15.866,1.84428,1732,4178601
105,insert,9.308,-1.0,-1.0,-1.0,-1.0,-1.0,-1.0,-1.0,-1.0,-1.0,-1.0,21.508,1.8465,1733,4187774
106,search,5508.6,2564.05,1975.38,0.998379,161.914,-nan,-nan,0.91085,0.112368,-1.0,-1.0,16.772,1.8465,1733,4187774
107,insert,19.42,-1.0,-1.0,-1.0,-1.0,-1.0,-1.0,-1.0,-1.0,-1.0,-1.0,16.175,1.85099,1733,4200109
108,search,4853.57,2568.7,2083.29,0.942483,179.987,-nan,-nan,0.91059,0.112565,-1.0,-1.0,10.957,1.85099,1733,4200109
109,insert,268.984,-1.0,-1.0,-1.0,-1.0,-1.0,-1.0,-1.0,-1.0,-1.0,-1.0,353.487,2.01503,1806,4557867
110,search,5764.89,2652.85,2176.41,0.964127,183.428,-nan,-nan,0.91289,0.110385,-1.0,-1.0,101.807,2.01605,1818,4557867
111,insert,28.423,-1.0,-1.0,-1.0,-1.0,-1.0,-1.0,-1.0,-1.0,-1.0,-1.0,69.688,2.02776,1827,4587252
112,search,5942.74,2631.78,2200.08,0.966084,184.989,-nan,-nan,0.91342,0.109909,-1.0,-1.0,24.935,2.02776,1828,4587252
113,insert,13.455,-1.0,-1.0,-1.0,-1.0,-1.0,-1.0,-1.0,-1.0,-1.0,-1.0,30.299,2.03296,1830,4600056
114,search,5886.97,2630.34,2126.88,0.991812,175.459,-nan,-nan,0.91374,0.109701,-1.0,-1.0,20.094,2.03296,1830,4600056
115,insert,29.989,-1.0,-1.0,-1.0,-1.0,-1.0,-1.0,-1.0,-1.0,-1.0,-1.0,55.753,2.04262,1836,4627422
116,search,5974.57,2636.82,2191.19,0.990823,183.027,-nan,-nan,0.9144,0.109338,-1.0,-1.0,31.072,2.04287,1837,4627422
117,insert,13.504,-1.0,-1.0,-1.0,-1.0,-1.0,-1.0,-1.0,-1.0,-1.0,-1.0,46.542,2.04819,1840,4639292
118,search,5949.29,2636.57,2165.42,1.01338,181.97,-nan,-nan,0.91432,0.109371,-1.0,-1.0,23.314,2.04819,1840,4639292
119,insert,5.368,-1.0,-1.0,-1.0,-1.0,-1.0,-1.0,-1.0,-1.0,-1.0,-1.0,20.807,2.0492,1840,4643423
120,search,6060.09,2638.79,2263.57,0.97286,199.949,-nan,-nan,0.91438,0.109429,-1.0,-1.0,21.5,2.0492,1840,4643423
121,insert,17.716,-1.0,-1.0,-1.0,-1.0,-1.0,-1.0,-1.0,-1.0,-1.0,-1.0,20.694,2.0547,1840,4657252
122,search,6060.43,2646.35,2268.34,0.978382,197.196,-nan,-nan,0.91461,0.109221,-1.0,-1.0,21.499,2.0547,1840,4657252
123,insert,400.891,-1.0,-1.0,-1.0,-1.0,-1.0,-1.0,-1.0,-1.0,-1.0,-1.0,457.173,2.18718,1885,4938477
124,search,6270.59,2708.85,2372.8,0.960018,206.372,-nan,-nan,0.91551,0.108998,-1.0,-1.0,169.289,2.18801,1901,4938477
125,insert,60.857,-1.0,-1.0,-1.0,-1.0,-1.0,-1.0,-1.0,-1.0,-1.0,-1.0,77.422,2.20631,1910,4980492
126,search,6297.01,2684.65,2363.09,0.913016,206.927,-nan,-nan,0.91578,0.109018,-1.0,-1.0,93.82,2.20686,1919,4980492
127,insert,65.32,-1.0,-1.0,-1.0,-1.0,-1.0,-1.0,-1.0,-1.0,-1.0,-1.0,94.677,2.22905,1932,5030515
128,search,6285.35,2670.76,2316.4,1.00421,191.923,-nan,-nan,0.91628,0.108731,-1.0,-1.0,38.75,2.22907,1934,5030515
129,delete,19,-1.0,-1.0,-1.0,-1.0,-1.0,-1.0,-1.0,-1.0,-1.0,-1.0,52.595,2.22697,1901,5009391
130,search,6206.9,2663.29,2303.53,0.948941,196.303,-nan,-nan,0.91474,0.1097,-1.0,-1.0,24.941,2.22697,1901,5009391
131,delete,5.103,-1.0,-1.0,-1.0,-1.0,-1.0,-1.0,-1.0,-1.0,-1.0,-1.0,24.09,2.22697,1901,5004093
132,search,6239.44,2659.88,2330.52,0.933567,200.013,-nan,-nan,0.9148,0.109624,-1.0,-1.0,24.584,2.22697,1901,5004093
133,delete,11.991,-1.0,-1.0,-1.0,-1.0,-1.0,-1.0,-1.0,-1.0,-1.0,-1.0,31.917,2.22617,1900,4991787
134,search,6256.17,2650.47,2333.63,0.959278,204.392,-nan,-nan,0.91468,0.109914,-1.0,-1.0,24.479,2.22617,1900,4991787
135,delete,17.271,-1.0,-1.0,-1.0,-1.0,-1.0,-1.0,-1.0,-1.0,-1.0,-1.0,48.595,2.22358,1897,4974857
136,search,6121.25,2643.61,2234.65,1.00228,185.537,-nan,-nan,0.91447,0.10983,-1.0,-1.0,24.585,2.22358,1897,4974857
137,delete,3.223,-1.0,-1.0,-1.0,-1.0,-1.0,-1.0,-1.0,-1.0,-1.0,-1.0,23.963,2.22358,1897,4971386
138,search,6199.54,2640.46,2296.19,0.952652,195.776,-nan,-nan,0.91441,0.109872,-1.0,-1.0,24.711,2.22358,1897,4971386
139,delete,9.49,-1.0,-1.0,-1.0,-1.0,-1.0,-1.0,-1.0,-1.0,-1.0,-1.0,24.705,2.22358,1897,4963487
140,search,6239.46,2635.72,2315.73,0.932836,199.945,-nan,-nan,0.9144,0.109995,-1.0,-1.0,27.144,2.22358,1897,4963487
141,delete,40.931,-1.0,-1.0,-1.0,-1.0,-1.0,-1.0,-1.0,-1.0,-1.0,-1.0,104.844,2.21723,1890,4941830
142,search,6116.81,2629.62,2230.89,0.968625,182.233,-nan,-nan,0.91429,0.110094,-1.0,-1.0,24.336,2.21723,1890,4941830
143,delete,17.801,-1.0,-1.0,-1.0,-1.0,-1.0,-1.0,-1.0,-1.0,-1.0,-1.0,106.489,2.2119,1886,4925657
144,search,6241.41,2626.18,2314.91,0.954353,206.691,-nan,-nan,0.91456,0.109763,-1.0,-1.0,24.75,2.2119,1886,4925657
145,delete,3.511,-1.0,-1.0,-1.0,-1.0,-1.0,-1.0,-1.0,-1.0,-1.0,-1.0,23.53,2.2119,1886,4922686
146,search,6171.69,2625.56,2280.18,0.95377,193.989,-nan,-nan,0.91446,0.109852,-1.0,-1.0,24.855,2.2119,1886,4922686
147,delete,14.843,-1.0,-1.0,-1.0,-1.0,-1.0,-1.0,-1.0,-1.0,-1.0,-1.0,31.69,2.21112,1885,4913636
148,search,5968.34,2618.4,2105.17,1.09628,169.414,-nan,-nan,0.91408,0.110126,-1.0,-1.0,25.277,2.21112,1885,4913636
149,delete,223.864,-1.0,-1.0,-1.0,-1.0,-1.0,-1.0,-1.0,-1.0,-1.0,-1.0,1302.35,2.12677,1783,4717250
150,search,5884.96,2661.2,2206.16,0.937183,200.538,-nan,-nan,0.91312,0.110701,-1.0,-1.0,84.428,2.12769,1790,4717250
151,delete,159.894,-1.0,-1.0,-1.0,-1.0,-1.0,-1.0,-1.0,-1.0,-1.0,-1.0,1075.16,2.05462,1703,4560269
152,search,5568.99,2679.2,2064.38,1.00481,172.801,-nan,-nan,0.91218,0.112074,-1.0,-1.0,127.943,2.05722,1715,4560269
153,delete,27.506,-1.0,-1.0,-1.0,-1.0,-1.0,-1.0,-1.0,-1.0,-1.0,-1.0,128.201,2.04439,1702,4521936
154,search,5546.05,2659.42,2030.95,0.994625,174.079,-nan,-nan,0.91132,0.112694,-1.0,-1.0,23.197,2.04439,1702,4521936
155,delete,23.292,-1.0,-1.0,-1.0,-1.0,-1.0,-1.0,-1.0,-1.0,-1.0,-1.0,52.073,2.03931,1699,4502222
156,search,5619.6,2650.09,2110,0.973728,191.059,-nan,-nan,0.91081,0.112923,-1.0,-1.0,32.594,2.03955,1700,4502222
157,delete,41.423,-1.0,-1.0,-1.0,-1.0,-1.0,-1.0,-1.0,-1.0,-1.0,-1.0,183.427,2.0254,1688,4456039
158,search,5480.81,2638.31,1995.63,1.0085,171.259,-nan,-nan,0.91089,0.113378,-1.0,-1.0,22.469,2.0254,1688,4456039
159,delete,299.097,-1.0,-1.0,-1.0,-1.0,-1.0,-1.0,-1.0,-1.0,-1.0,-1.0,1835.36,1.87414,1527,4143922
160,search,4997.27,2749.53,1857.87,1.0208,151.177,-nan,-nan,0.90946,0.113899,-1.0,-1.0,261.886,1.88039,1562,4143922
161,delete,41.329,-1.0,-1.0,-1.0,-1.0,-1.0,-1.0,-1.0,-1.0,-1.0,-1.0,72.183,1.8742,1558,4101445
162,search,4951.31,2633.96,1735.78,1.10226,136.504,-nan,-nan,0.90957,0.113751,-1.0,-1.0,21.404,1.8742,1558,4101445
163,delete,19.045,-1.0,-1.0,-1.0,-1.0,-1.0,-1.0,-1.0,-1.0,-1.0,-1.0,45.495,1.87226,1555,4080175
164,search,5152.87,2617.81,1911.65,0.940008,171.623,-nan,-nan,0.90901,0.114164,-1.0,-1.0,21.459,1.87226,1555,4080175
165,delete,30.365,-1.0,-1.0,-1.0,-1.0,-1.0,-1.0,-1.0,-1.0,-1.0,-1.0,105.488,1.86473,1549,4047313
166,search,5104.63,2606.38,1884.37,0.940985,166.942,-nan,-nan,0.90922,0.113894,-1.0,-1.0,21.046,1.86473,1549,4047313
167,delete,6.923,-1.0,-1.0,-1.0,-1.0,-1.0,-1.0,-1.0,-1.0,-1.0,-1.0,20.665,1.8645,1549,4040738
168,search,5013.91,2601.87,1825.3,1.01188,149.682,-nan,-nan,0.90932,0.113879,-1.0,-1.0,21.053,1.8645,1549,4040738
169,delete,22.424,-1.0,-1.0,-1.0,-1.0,-1.0,-1.0,-1.0,-1.0,-1.0,-1.0,48.181,1.86229,1547,4022674
170,search,5083.86,2590.93,1876.55,0.939891,164.343,-nan,-nan,0.90937,0.113885,-1.0,-1.0,21.122,1.86229,1547,4022674
171,delete,6.422,-1.0,-1.0,-1.0,-1.0,-1.0,-1.0,-1.0,-1.0,-1.0,-1.0,20.966,1.86229,1547,4015835
172,search,5083.46,2584.95,1874.79,0.911814,162.678,-nan,-nan,0.90922,0.113929,-1.0,-1.0,21.08,1.86229,1547,4015835
173,delete,35.471,-1.0,-1.0,-1.0,-1.0,-1.0,-1.0,-1.0,-1.0,-1.0,-1.0,32.943,1.85826,1546,3986424
174,search,4968.43,2557.32,1780.44,1.00246,156.052,-nan,-nan,0.9087,0.114186,-1.0,-1.0,22.524,1.85826,1546,3986424
175,delete,196.307,-1.0,-1.0,-1.0,-1.0,-1.0,-1.0,-1.0,-1.0,-1.0,-1.0,667.664,1.77137,1467,3804693
176,search,4788.91,2585.27,1747.98,0.999854,149.163,-nan,-nan,0.90692,0.115298,-1.0,-1.0,67.559,1.77212,1472,3804693
177,delete,19.12,-1.0,-1.0,-1.0,-1.0,-1.0,-1.0,-1.0,-1.0,-1.0,-1.0,79.175,1.76656,1467,3786352
178,search,4822.86,2567.41,1780.5,0.960918,155.313,-nan,-nan,0.9067,0.11531,-1.0,-1.0,32.461,1.76676,1468,3786352
179,delete,277.027,-1.0,-1.0,-1.0,-1.0,-1.0,-1.0,-1.0,-1.0,-1.0,-1.0,1056.85,1.63374,1319,3556994
180,search,4273.56,2659.04,1532.45,1.05382,128.427,-nan,-nan,0.89591,0.121702,-1.0,-1.0,90.475,1.6356,1327,3556994
181,delete,27.897,-1.0,-1.0,-1.0,-1.0,-1.0,-1.0,-1.0,-1.0,-1.0,-1.0,67.27,1.62952,1323,3526824
182,search,4409.88,2619.66,1642.78,0.97329,143.468,-nan,-nan,0.89651,0.121068,-1.0,-1.0,33.071,1.62965,1325,3526824
183,delete,177.725,-1.0,-1.0,-1.0,-1.0,-1.0,-1.0,-1.0,-1.0,-1.0,-1.0,766.07,1.54039,1215,3350245
184,search,4110.83,2703.35,1557.89,0.953996,134.8,-nan,-nan,0.8801,0.139869,-1.0,-1.0,74.203,1.54177,1224,3350245
185,delete,10.713,-1.0,-1.0,-1.0,-1.0,-1.0,-1.0,-1.0,-1.0,-1.0,-1.0,28.32,1.53979,1219,3340234
186,search,4088.08,2650.72,1525.64,0.909161,139.139,-nan,-nan,0.88494,0.131323,-1.0,-1.0,76.376,1.54156,1222,3340234
187,delete,208.538,-1.0,-1.0,-1.0,-1.0,-1.0,-1.0,-1.0,-1.0,-1.0,-1.0,293.087,1.44974,1179,3150857
188,search,3991.52,2669.46,1510.83,0.879377,133.039,-nan,-nan,0.88838,0.128941,-1.0,-1.0,51.964,1.45025,1183,3150857
189,delete,5.765,-1.0,-1.0,-1.0,-1.0,-1.0,-1.0,-1.0,-1.0,-1.0,-1.0,16.249,1.45025,1183,3143609
190,search,3947.97,2645.46,1480.44,0.928995,132.252,-nan,-nan,0.88771,0.129211,-1.0,-1.0,15.574,1.45025,1183,3143609
191,delete,3.72,-1.0,-1.0,-1.0,-1.0,-1.0,-1.0,-1.0,-1.0,-1.0,-1.0,14.248,1.44994,1183,3141038
192,search,3944.9,2642.42,1477.28,0.938585,134.787,-nan,-nan,0.88765,0.129279,-1.0,-1.0,15.468,1.44994,1183,3141038
193,delete,61.533,-1.0,-1.0,-1.0,-1.0,-1.0,-1.0,-1.0,-1.0,-1.0,-1.0,195.747,1.42745,1163,3081734
194,search,3822.43,2636.17,1408.42,0.985098,127.08,-nan,-nan,0.88646,0.130074,-1.0,-1.0,28.949,1.4277,1165,3081734
195,delete,41.773,-1.0,-1.0,-1.0,-1.0,-1.0,-1.0,-1.0,-1.0,-1.0,-1.0,181.97,1.41055,1148,3043966
196,search,3810.08,2631.49,1410.79,0.983833,126.422,-nan,-nan,0.88619,0.130706,-1.0,-1.0,56.306,1.41123,1152,3043966
197,delete,46.868,-1.0,-1.0,-1.0,-1.0,-1.0,-1.0,-1.0,-1.0,-1.0,-1.0,60.084,1.39985,1148,3008145
198,search,3791.53,2601.6,1390.59,0.993336,125.647,-nan,-nan,0.88571,0.130621,-1.0,-1.0,15.204,1.39985,1148,3008145
199,delete,11.049,-1.0,-1.0,-1.0,-1.0,-1.0,-1.0,-1.0,-1.0,-1.0,-1.0,34.533,1.3969,1146,2999384
200,search,3824.69,2602.5,1416.69,0.916913,128.082,-nan,-nan,0.88524,0.130848,-1.0,-1.0,15.232,1.3969,1146,2999384
201,delete,5.915,-1.0,-1.0,-1.0,-1.0,-1.0,-1.0,-1.0,-1.0,-1.0,-1.0,40.514,1.39463,1144,2993528
202,search,3831.01,2597.51,1417.67,0.953188,128.698,-nan,-nan,0.8851,0.130857,-1.0,-1.0,28.99,1.39499,1145,2993528
203,delete,12.204,-1.0,-1.0,-1.0,-1.0,-1.0,-1.0,-1.0,-1.0,-1.0,-1.0,13.984,1.39463,1145,2980973
204,search,3828.48,2583.25,1411.55,0.885326,128.193,-nan,-nan,0.88494,0.131202,-1.0,-1.0,24.844,1.39485,1146,2980973
205,delete,23.455,-1.0,-1.0,-1.0,-1.0,-1.0,-1.0,-1.0,-1.0,-1.0,-1.0,40.644,1.3891,1137,2960291
206,search,3793.82,2572.39,1401.72,0.944292,124.19,-nan,-nan,0.88421,0.131611,-1.0,-1.0,14.97,1.3891,1137,2960291
207,delete,47.035,-1.0,-1.0,-1.0,-1.0,-1.0,-1.0,-1.0,-1.0,-1.0,-1.0,127.458,1.3685,1091,2920620
208,search,3632.76,2585.86,1343.31,0.930398,117.831,-nan,-nan,0.88051,0.134818,-1.0,-1.0,18.274,1.3685,1091,2920620
209,delete,23.518,-1.0,-1.0,-1.0,-1.0,-1.0,-1.0,-1.0,-1.0,-1.0,-1.0,52.039,1.36027,1084,2900501
210,search,3241.03,2581.93,1331.42,0.92744,115.644,-nan,-nan,0.87964,0.135081,-1.0,-1.0,12.16,1.36027,1084,2900501
211,delete,5.549,-1.0,-1.0,-1.0,-1.0,-1.0,-1.0,-1.0,-1.0,-1.0,-1.0,19.726,1.35739,1083,2891660
212,search,3451.61,2575.67,1270.13,0.992371,111.12,-nan,-nan,0.87942,0.13526,-1.0,-1.0,27.299,1.35742,1084,2891660
213,delete,20.776,-1.0,-1.0,-1.0,-1.0,-1.0,-1.0,-1.0,-1.0,-1.0,-1.0,77.62,1.35031,1078,2873257
214,search,3454.82,2563.77,1320.7,0.944427,114.247,-nan,-nan,0.8783,0.13611,-1.0,-1.0,13.176,1.35031,1078,2873257
215,delete,242.353,-1.0,-1.0,-1.0,-1.0,-1.0,-1.0,-1.0,-1.0,-1.0,-1.0,1494.38,1.14861,879,2537571
216,search,2819.05,2831.25,1086.51,0.997684,89.8229,-nan,-nan,0.87291,0.139252,-1.0,-1.0,283.342,1.15486,915,2537571
217,delete,124.286,-1.0,-1.0,-1.0,-1.0,-1.0,-1.0,-1.0,-1.0,-1.0,-1.0,614.541,1.03598,777,2308194
218,search,2242.3,2886.24,973.77,1.05279,82.8769,-nan,-nan,0.86617,0.144809,-1.0,-1.0,208.54,1.0438,816,2308194
219,delete,10.622,-1.0,-1.0,-1.0,-1.0,-1.0,-1.0,-1.0,-1.0,-1.0,-1.0,35.81,1.03865,811,2285820
220,search,2258.81,2664.37,937.309,1.0087,84.0616,-nan,-nan,0.8636,0.146864,-1.0,-1.0,54.036,1.0392,820,2285820
221,delete,116.315,-1.0,-1.0,-1.0,-1.0,-1.0,-1.0,-1.0,-1.0,-1.0,-1.0,432.079,0.92963,679,2082858
222,search,2236.92,2784.41,826.658,1.07193,73.2636,-nan,-nan,0.85355,0.153915,-1.0,-1.0,72.805,0.930751,687,2082858
223,delete,9.198,-1.0,-1.0,-1.0,-1.0,-1.0,-1.0,-1.0,-1.0,-1.0,-1.0,28.679,0.927826,683,2071207
224,search,2195.84,2728.25,859.636,1.05604,75.1523,-nan,-nan,0.8511,0.155631,-1.0,-1.0,25.913,0.928493,684,2071207
225,delete,4.851,-1.0,-1.0,-1.0,-1.0,-1.0,-1.0,-1.0,-1.0,-1.0,-1.0,12.223,0.927506,683,2065400
226,search,2325.03,2719.38,897.337,0.944892,84.1392,-nan,-nan,0.85107,0.155546,-1.0,-1.0,10.974,0.927506,683,2065400
227,delete,3.13,-1.0,-1.0,-1.0,-1.0,-1.0,-1.0,-1.0,-1.0,-1.0,-1.0,10.145,0.927506,683,2062105
228,search,2250.82,2713.96,906.232,0.928092,83.1459,-nan,-nan,0.85072,0.15576,-1.0,-1.0,10.109,0.927506,683,2062105
229,delete,23.204,-1.0,-1.0,-1.0,-1.0,-1.0,-1.0,-1.0,-1.0,-1.0,-1.0,52.131,0.921084,677,2039610
230,search,2362.79,2703.35,907.629,0.923592,82.8306,-nan,-nan,0.84902,0.156903,-1.0,-1.0,19.165,0.92136,678,2039610
231,delete,12.669,-1.0,-1.0,-1.0,-1.0,-1.0,-1.0,-1.0,-1.0,-1.0,-1.0,50.528,0.916266,672,2027795
232,search,2275.71,2712.62,858.851,0.978512,78.9798,-nan,-nan,0.84977,0.1567,-1.0,-1.0,40.02,0.916559,675,2027795
233,delete,5.004,-1.0,-1.0,-1.0,-1.0,-1.0,-1.0,-1.0,-1.0,-1.0,-1.0,15.083,0.915492,674,2022859
234,search,2361.8,2689.37,903.813,0.872645,90.1896,-nan,-nan,0.84893,0.157088,-1.0,-1.0,8.291,0.915492,674,2022859
235,delete,4.035,-1.0,-1.0,-1.0,-1.0,-1.0,-1.0,-1.0,-1.0,-1.0,-1.0,9.819,0.915136,673,2016264
236,search,2241.97,2684.54,838.206,1.04464,76.3599,-nan,-nan,0.84875,0.157118,-1.0,-1.0,11.084,0.915136,673,2016264
237,delete,300.516,-1.0,-1.0,-1.0,-1.0,-1.0,-1.0,-1.0,-1.0,-1.0,-1.0,741.319,0.792515,551,1782866
238,search,1970.75,2928.14,758.2,0.966397,66.7084,-nan,-nan,0.84117,0.164179,-1.0,-1.0,168.095,0.796057,568,1782866
239,delete,19.763,-1.0,-1.0,-1.0,-1.0,-1.0,-1.0,-1.0,-1.0,-1.0,-1.0,63.324,0.786082,558,1758931
240,search,1961.31,2822.31,744.12,1.04752,66.199,-nan,-nan,0.8384,0.164827,-1.0,-1.0,56.02,0.786385,563,1758931
241,delete,6.942,-1.0,-1.0,-1.0,-1.0,-1.0,-1.0,-1.0,-1.0,-1.0,-1.0,34.026,0.782659,560,1751275
242,search,1958.21,2792.76,733.607,1.01614,68.7278,-nan,-nan,0.83696,0.165016,-1.0,-1.0,28.018,0.782948,562,1751275
243,delete,19.528,-1.0,-1.0,-1.0,-1.0,-1.0,-1.0,-1.0,-1.0,-1.0,-1.0,26.667,0.779254,559,1733264
244,search,2014.6,2762.46,784.075,0.891631,75.9705,-nan,-nan,0.83554,0.166284,-1.0,-1.0,16.458,0.779466,560,1733264
245,delete,9.118,-1.0,-1.0,-1.0,-1.0,-1.0,-1.0,-1.0,-1.0,-1.0,-1.0,9.89,0.7777,559,1722658
246,search,1877.35,2739.45,745.89,1.00469,66.3436,-nan,-nan,0.83478,0.166521,-1.0,-1.0,8.38,0.7777,559,1722658
247,delete,2.398,-1.0,-1.0,-1.0,-1.0,-1.0,-1.0,-1.0,-1.0,-1.0,-1.0,8.024,0.7777,559,1719601
248,search,1999.46,2735.36,768.661,0.968369,71.9837,-nan,-nan,0.83448,0.166603,-1.0,-1.0,8.833,0.7777,559,1719601
249,delete,9.259,-1.0,-1.0,-1.0,-1.0,-1.0,-1.0,-1.0,-1.0,-1.0,-1.0,21.894,0.774906,557,1711648
250,search,1782.66,2729.12,744.329,0.989099,65.7997,-nan,-nan,0.83288,0.167399,-1.0,-1.0,6.575,0.774906,557,1711648
251,delete,182.878,-1.0,-1.0,-1.0,-1.0,-1.0,-1.0,-1.0,-1.0,-1.0,-1.0,309.894,0.654489,462,1470624
252,search,1712.59,2899.67,691.328,0.815954,63.6184,-nan,-nan,0.82899,0.168827,-1.0,-1.0,113.097,0.657254,474,1470624
253,delete,17.523,-1.0,-1.0,-1.0,-1.0,-1.0,-1.0,-1.0,-1.0,-1.0,-1.0,33.714,0.648981,467,1442070
254,search,1657.67,2772.52,650.173,0.905936,59.6014,-nan,-nan,0.82805,0.169312,-1.0,-1.0,9.59,0.648981,467,1442070
255,delete,38.396,-1.0,-1.0,-1.0,-1.0,-1.0,-1.0,-1.0,-1.0,-1.0,-1.0,108.01,0.631023,448,1405549
256,search,1607.2,2827.02,608.059,1.0469,54.6439,-nan,-nan,0.82206,0.17264,-1.0,-1.0,21.74,0.631206,450,1405549
257,insert,12.883,-1.0,-1.0,-1.0,-1.0,-1.0,-1.0,-1.0,-1.0,-1.0,-1.0,7.83,0.634335,450,1416288
258,search,1679.41,2822.47,658.116,0.848679,58.8,-nan,-nan,0.82329,0.172639,-1.0,-1.0,15.503,0.634382,451,1416288
259,insert,31.684,-1.0,-1.0,-1.0,-1.0,-1.0,-1.0,-1.0,-1.0,-1.0,-1.0,53.947,0.645258,456,1443010
260,search,1684.51,2829.23,670.994,0.949099,63.0048,-nan,-nan,0.82194,0.173316,-1.0,-1.0,6.224,0.645258,456,1443010
261,insert,5.011,-1.0,-1.0,-1.0,-1.0,-1.0,-1.0,-1.0,-1.0,-1.0,-1.0,13.508,0.647009,458,1447529
262,search,1474.77,2822.5,640.758,0.892868,57.7263,-nan,-nan,0.8238,0.172442,-1.0,-1.0,6.118,0.647009,458,1447529
263,insert,83.539,-1.0,-1.0,-1.0,-1.0,-1.0,-1.0,-1.0,-1.0,-1.0,-1.0,78.918,0.697252,466,1569110
264,search,1525.41,3022.32,687.238,0.896871,60.5443,-nan,-nan,0.82631,0.17282,-1.0,-1.0,48.836,0.697488,470,1569110
265,insert,50.39,-1.0,-1.0,-1.0,-1.0,-1.0,-1.0,-1.0,-1.0,-1.0,-1.0,89.455,0.72656,488,1636119
266,search,1771.95,3007.27,711.995,0.936005,67.3647,-nan,-nan,0.83096,0.1699,-1.0,-1.0,110.28,0.7266,496,1636119
267,insert,32.684,-1.0,-1.0,-1.0,-1.0,-1.0,-1.0,-1.0,-1.0,-1.0,-1.0,65.499,0.740769,502,1665152
268,search,1881.52,2988.14,767.584,0.861896,68.0138,-nan,-nan,0.83476,0.168296,-1.0,-1.0,65.923,0.74091,508,1665152
269,insert,301.231,-1.0,-1.0,-1.0,-1.0,-1.0,-1.0,-1.0,-1.0,-1.0,-1.0,297.547,0.85372,536,1916952
270,search,2050,3189.22,859.202,0.901939,76.5703,-nan,-nan,0.83636,0.166429,-1.0,-1.0,155.045,0.854696,549,1916952
271,insert,5.159,-1.0,-1.0,-1.0,-1.0,-1.0,-1.0,-1.0,-1.0,-1.0,-1.0,22.066,0.855858,551,1920898
272,search,2000.86,3101.84,862.519,0.910505,77.5885,-nan,-nan,0.83768,0.165902,-1.0,-1.0,37.579,0.856075,556,1920898
273,insert,10.793,-1.0,-1.0,-1.0,-1.0,-1.0,-1.0,-1.0,-1.0,-1.0,-1.0,31.858,0.864167,562,1942757
274,search,2053.78,3078.13,843.481,0.91838,74.443,-nan,-nan,0.8402,0.164089,-1.0,-1.0,29.238,0.864406,564,1942757
275,insert,379.972,-1.0,-1.0,-1.0,-1.0,-1.0,-1.0,-1.0,-1.0,-1.0,-1.0,565.93,1.04288,639,2328372
276,search,2336.01,3271.08,993.646,0.975758,86.1996,-nan,-nan,0.84997,0.158664,-1.0,-1.0,226.884,1.04488,665,2328372
277,insert,37.932,-1.0,-1.0,-1.0,-1.0,-1.0,-1.0,-1.0,-1.0,-1.0,-1.0,58.403,1.05856,673,2363257
278,search,2460.17,3131.63,1008.49,0.97955,88.1646,-nan,-nan,0.85234,0.157049,-1.0,-1.0,67.228,1.05894,677,2363257
279,insert,31.067,-1.0,-1.0,-1.0,-1.0,-1.0,-1.0,-1.0,-1.0,-1.0,-1.0,27.569,1.06985,679,2388933
280,search,2520.9,3142.43,1045.16,0.931414,97.2971,-nan,-nan,0.85343,0.156073,-1.0,-1.0,53.05,1.06985,683,2388933
281,insert,298.475,-1.0,-1.0,-1.0,-1.0,-1.0,-1.0,-1.0,-1.0,-1.0,-1.0,389.568,1.20574,718,2684315
282,search,2672.5,3253.24,1122.57,0.899991,102.917,-nan,-nan,0.85521,0.156094,-1.0,-1.0,151.358,1.20709,731,2684315
283,insert,463.968,-1.0,-1.0,-1.0,-1.0,-1.0,-1.0,-1.0,-1.0,-1.0,-1.0,632.265,1.40051,821,3109157
284,search,3023.2,3313.63,1278.21,0.935867,112.351,-nan,-nan,0.86272,0.151953,-1.0,-1.0,235.403,1.40196,850,3109157
285,insert,13.913,-1.0,-1.0,-1.0,-1.0,-1.0,-1.0,-1.0,-1.0,-1.0,-1.0,22.436,1.40656,852,3122751
286,search,3119.25,3205.68,1297.79,0.887082,115.605,-nan,-nan,0.86484,0.150778,-1.0,-1.0,71.309,1.40759,857,3122751
287,insert,41.042,-1.0,-1.0,-1.0,-1.0,-1.0,-1.0,-1.0,-1.0,-1.0,-1.0,68.449,1.42637,863,3163679
288,search,3173.1,3206.3,1316,0.852168,114.964,-nan,-nan,0.86478,0.1509,-1.0,-1.0,44.762,1.4271,867,3163679
289,insert,358.136,-1.0,-1.0,-1.0,-1.0,-1.0,-1.0,-1.0,-1.0,-1.0,-1.0,481.725,1.56119,918,3472031
290,search,3380.11,3305.24,1429.79,0.93077,127.844,-nan,-nan,0.8675,0.149583,-1.0,-1.0,244.059,1.56208,934,3472031
291,insert,27.425,-1.0,-1.0,-1.0,-1.0,-1.0,-1.0,-1.0,-1.0,-1.0,-1.0,63.04,1.57295,943,3495577
292,search,3475.38,3232.06,1458.91,0.880425,129.647,-nan,-nan,0.86951,0.147906,-1.0,-1.0,94.5,1.57296,951,3495577
293,insert,19.206,-1.0,-1.0,-1.0,-1.0,-1.0,-1.0,-1.0,-1.0,-1.0,-1.0,45.569,1.58128,955,3515193
294,search,3348.67,3209.65,1448.97,0.925965,128.635,-nan,-nan,0.86933,0.148408,-1.0,-1.0,32.365,1.58128,957,3515193
295,insert,243.151,-1.0,-1.0,-1.0,-1.0,-1.0,-1.0,-1.0,-1.0,-1.0,-1.0,353.285,1.66991,1000,3723063
296,search,3613.18,3267.32,1482.85,1.02531,131.682,-nan,-nan,0.87427,0.145541,-1.0,-1.0,154.276,1.67165,1021,3723063
297,insert,3.672,-1.0,-1.0,-1.0,-1.0,-1.0,-1.0,-1.0,-1.0,-1.0,-1.0,20.66,1.6729,1022,3727399
298,search,3679.88,3195.06,1516.01,0.93827,135.027,-nan,-nan,0.87476,0.145191,-1.0,-1.0,51.892,1.67363,1027,3727399
299,insert,76.237,-1.0,-1.0,-1.0,-1.0,-1.0,-1.0,-1.0,-1.0,-1.0,-1.0,125.217,1.69647,1047,3788002
300,search,3641.7,3171.8,1455.56,1.03589,123.293,-nan,-nan,0.87695,0.142589,-1.0,-1.0,20.079,1.69647,1048,3788002
301,insert,726.209,-1.0,-1.0,-1.0,-1.0,-1.0,-1.0,-1.0,-1.0,-1.0,-1.0,1123.27,1.9695,1193,4370866
302,search,4327.18,3343.84,1834.65,0.945757,157.284,-nan,-nan,0.90184,0.122855,-1.0,-1.0,213.132,1.96994,1223,4370866
303,insert,57.755,-1.0,-1.0,-1.0,-1.0,-1.0,-1.0,-1.0,-1.0,-1.0,-1.0,91.145,1.99022,1233,4420306
304,search,4354.31,3221.57,1776.23,0.996096,146.162,-nan,-nan,0.90056,0.123259,-1.0,-1.0,22.087,1.99022,1235,4420306
305,insert,389.532,-1.0,-1.0,-1.0,-1.0,-1.0,-1.0,-1.0,-1.0,-1.0,-1.0,487.363,2.15567,1282,4789669
306,search,4670.03,3317.69,1969.46,0.90406,174.906,-nan,-nan,0.90337,0.121587,-1.0,-1.0,234.755,2.15679,1300,4789669
307,insert,28.818,-1.0,-1.0,-1.0,-1.0,-1.0,-1.0,-1.0,-1.0,-1.0,-1.0,39.672,2.16441,1304,4815550
308,search,4570.46,3281.93,1853.73,1.02517,154.763,-nan,-nan,0.90379,0.121146,-1.0,-1.0,120.304,2.16472,1314,4815550
309,insert,9.142,-1.0,-1.0,-1.0,-1.0,-1.0,-1.0,-1.0,-1.0,-1.0,-1.0,18.184,2.1675,1315,4823345
310,search,4599.27,3262.17,1847.45,1.06239,155.242,-nan,-nan,0.90476,0.120367,-1.0,-1.0,41.025,2.1675,1318,4823345
311,insert,21.887,-1.0,-1.0,-1.0,-1.0,-1.0,-1.0,-1.0,-1.0,-1.0,-1.0,17.995,2.17652,1319,4843493
312,search,4743.15,3259.62,1991.83,0.931453,175.201,-nan,-nan,0.90413,0.120811,-1.0,-1.0,12.58,2.17652,1319,4843493
313,insert,45.049,-1.0,-1.0,-1.0,-1.0,-1.0,-1.0,-1.0,-1.0,-1.0,-1.0,62.42,2.19327,1325,4885489
314,search,4593.04,3273.18,1828.36,1.08159,146.448,-nan,-nan,0.90448,0.120895,-1.0,-1.0,54.135,2.19378,1330,4885489
315,insert,7.759,-1.0,-1.0,-1.0,-1.0,-1.0,-1.0,-1.0,-1.0,-1.0,-1.0,12.028,2.19653,1330,4892335
316,search,4695.79,3265.1,1927.02,1.01447,159.444,-nan,-nan,0.90464,0.120699,-1.0,-1.0,28.56,2.19677,1332,4892335
317,insert,46.084,-1.0,-1.0,-1.0,-1.0,-1.0,-1.0,-1.0,-1.0,-1.0,-1.0,75.319,2.2123,1340,4932996
318,search,4691.72,3274.45,1903.16,0.998541,157.142,-nan,-nan,0.90497,0.120457,-1.0,-1.0,24.507,2.21274,1341,4932996
319,insert,619.613,-1.0,-1.0,-1.0,-1.0,-1.0,-1.0,-1.0,-1.0,-1.0,-1.0,849.439,2.4253,1450,5430684
320,search,5150.5,3367.53,2157.44,0.971539,181.974,-nan,-nan,0.90971,0.115656,-1.0,-1.0,348.74,2.43284,1498,5430684
321,insert,48.216,-1.0,-1.0,-1.0,-1.0,-1.0,-1.0,-1.0,-1.0,-1.0,-1.0,78.077,2.44999,1507,5471239
322,search,5396.26,3253.34,2251.74,0.980214,203.623,-nan,-nan,0.90969,0.115915,-1.0,-1.0,70.375,2.4501,1511,5471239
323,insert,110.738,-1.0,-1.0,-1.0,-1.0,-1.0,-1.0,-1.0,-1.0,-1.0,-1.0,163.358,2.49315,1534,5575560
324,search,5372.27,3262.58,2197.35,1.01611,187.663,-nan,-nan,0.91074,0.114487,-1.0,-1.0,64.482,2.49331,1540,5575560
325,insert,1350.21,-1.0,-1.0,-1.0,-1.0,-1.0,-1.0,-1.0,-1.0,-1.0,-1.0,744.909,2.72229,1607,6069499
326,search,5819.25,3387.17,2488.83,0.885272,222.315,-nan,-nan,0.91389,0.112886,-1.0,-1.0,356.899,2.72298,1637,6069499
327,insert,74.622,-1.0,-1.0,-1.0,-1.0,-1.0,-1.0,-1.0,-1.0,-1.0,-1.0,135.3,2.75082,1652,6139647
328,search,5961.96,3329.96,2517.82,0.890001,224.411,-nan,-nan,0.91588,0.111257,-1.0,-1.0,195.588,2.75146,1670,6139647
329,insert,12.29,-1.0,-1.0,-1.0,-1.0,-1.0,-1.0,-1.0,-1.0,-1.0,-1.0,20.56,2.75487,1671,6146884
330,search,5994.27,3296.34,2510.96,0.933243,224.867,-nan,-nan,0.91578,0.111413,-1.0,-1.0,79.178,2.75487,1677,6146884
331,insert,52.508,-1.0,-1.0,-1.0,-1.0,-1.0,-1.0,-1.0,-1.0,-1.0,-1.0,65.245,2.77313,1683,6188816
332,search,5812.49,3297.48,2411.6,0.997272,203.743,-nan,-nan,0.91598,0.111387,-1.0,-1.0,53.674,2.77336,1687,6188816
333,insert,3.445,-1.0,-1.0,-1.0,-1.0,-1.0,-1.0,-1.0,-1.0,-1.0,-1.0,20.552,2.774,1688,6190810
334,search,5887.92,3286.63,2408.84,1.01514,205.762,-nan,-nan,0.916,0.111293,-1.0,-1.0,16.24,2.774,1688,6190810
335,insert,53.085,-1.0,-1.0,-1.0,-1.0,-1.0,-1.0,-1.0,-1.0,-1.0,-1.0,125.146,2.79201,1705,6230108
336,search,6047.76,3275.75,2503.97,0.947008,216.864,-nan,-nan,0.91662,0.110599,-1.0,-1.0,24.521,2.79213,1706,6230108
337,insert,23.83,-1.0,-1.0,-1.0,-1.0,-1.0,-1.0,-1.0,-1.0,-1.0,-1.0,53.62,2.80041,1710,6249699
338,search,6015.1,3277.55,2464.29,0.969751,209.416,-nan,-nan,0.91734,0.109968,-1.0,-1.0,34.473,2.80082,1712,6249699
339,insert,55.837,-1.0,-1.0,-1.0,-1.0,-1.0,-1.0,-1.0,-1.0,-1.0,-1.0,71.357,2.8143,1721,6290226
340,search,5897.39,3273.64,2369.4,1.04496,199.284,-nan,-nan,0.91768,0.109371,-1.0,-1.0,24.682,2.81446,1722,6290226
341,insert,10.201,-1.0,-1.0,-1.0,-1.0,-1.0,-1.0,-1.0,-1.0,-1.0,-1.0,32.565,2.81807,1724,6297556
342,search,5910.98,3271.67,2356.73,1.03452,189.78,-nan,-nan,0.91811,0.109216,-1.0,-1.0,33.96,2.81816,1726,6297556
343,insert,37.572,-1.0,-1.0,-1.0,-1.0,-1.0,-1.0,-1.0,-1.0,-1.0,-1.0,97.79,2.83089,1739,6330843
344,search,6093.56,3267.8,2504.03,0.956056,212.847,-nan,-nan,0.91839,0.109113,-1.0,-1.0,16.161,2.83089,1739,6330843
345,insert,47.194,-1.0,-1.0,-1.0,-1.0,-1.0,-1.0,-1.0,-1.0,-1.0,-1.0,99.111,2.84804,1751,6370265
346,search,6133.34,3270.59,2510.62,1.06201,213.915,-nan,-nan,0.91898,0.108793,-1.0,-1.0,32.223,2.84845,1753,6370265
347,insert,576.613,-1.0,-1.0,-1.0,-1.0,-1.0,-1.0,-1.0,-1.0,-1.0,-1.0,1024.4,3.0527,1892,6831086
348,search,6572.64,3264.31,2682.5,1.01507,230.679,-nan,-nan,0.92245,0.10564,-1.0,-1.0,158.023,3.05492,1911,6831086
349,insert,46.141,-1.0,-1.0,-1.0,-1.0,-1.0,-1.0,-1.0,-1.0,-1.0,-1.0,94.702,3.071,1922,6876154
350,search,6686.96,3240,2705.34,1.01986,233.088,-nan,-nan,0.92341,0.105273,-1.0,-1.0,91.691,3.07265,1931,6876154
351,insert,511.096,-1.0,-1.0,-1.0,-1.0,-1.0,-1.0,-1.0,-1.0,-1.0,-1.0,590.774,3.25412,2004,7288266
352,search,7007.87,3269.66,2866.06,1.02988,242.647,-nan,-nan,0.92153,0.107744,-1.0,-1.0,255.957,3.2571,2032,7288266
353,insert,53.329,-1.0,-1.0,-1.0,-1.0,-1.0,-1.0,-1.0,-1.0,-1.0,-1.0,112.764,3.27437,2044,7333132
354,search,7216.24,3227.19,2964.49,0.950497,261.174,-nan,-nan,0.92235,0.107172,-1.0,-1.0,92.679,3.27452,2050,7333132
355,insert,420.443,-1.0,-1.0,-1.0,-1.0,-1.0,-1.0,-1.0,-1.0,-1.0,-1.0,572.177,3.4318,2118,7696838
356,search,7260.17,3276.21,2901.06,1.07277,235.65,-nan,-nan,0.9243,0.105546,-1.0,-1.0,229.617,3.43481,2139,7696838
357,insert,22.523,-1.0,-1.0,-1.0,-1.0,-1.0,-1.0,-1.0,-1.0,-1.0,-1.0,24.438,3.44102,2139,7714498
358,search,7425,3251.61,2986.2,0.998383,251.154,-nan,-nan,0.92479,0.105277,-1.0,-1.0,69.872,3.44118,2143,7714498
359,insert,14.244,-1.0,-1.0,-1.0,-1.0,-1.0,-1.0,-1.0,-1.0,-1.0,-1.0,64.194,3.44596,2148,7725755
360,search,7417.76,3242.59,2992.08,1.0052,244.118,-nan,-nan,0.92497,0.105267,-1.0,-1.0,63.994,3.44655,2152,7725755
361,insert,70.044,-1.0,-1.0,-1.0,-1.0,-1.0,-1.0,-1.0,-1.0,-1.0,-1.0,103.542,3.47145,2162,7789312
362,search,7601.94,3245.29,3117.35,0.923066,263.508,-nan,-nan,0.92538,0.104971,-1.0,-1.0,57.172,3.4719,2165,7789312
363,insert,22.973,-1.0,-1.0,-1.0,-1.0,-1.0,-1.0,-1.0,-1.0,-1.0,-1.0,63.568,3.47686,2169,7803163
364,search,7621.73,3241.9,3132.04,0.942892,270.597,-nan,-nan,0.9255,0.104621,-1.0,-1.0,33.343,3.47698,2170,7803163
365,insert,70.156,-1.0,-1.0,-1.0,-1.0,-1.0,-1.0,-1.0,-1.0,-1.0,-1.0,153.612,3.50109,2184,7863722
366,search,7647.05,3246.73,3118.19,0.965928,269.034,-nan,-nan,0.92613,0.103962,-1.0,-1.0,75.502,3.50161,2189,7863722
367,insert,37.557,-1.0,-1.0,-1.0,-1.0,-1.0,-1.0,-1.0,-1.0,-1.0,-1.0,99.471,3.51436,2199,7895271
368,search,6683.07,3238.16,3017.39,1.09757,254.009,-nan,-nan,0.92648,0.103757,-1.0,-1.0,39.418,3.51474,2204,7895271
369,insert,37.727,-1.0,-1.0,-1.0,-1.0,-1.0,-1.0,-1.0,-1.0,-1.0,-1.0,50.886,3.53846,2213,7961194
370,search,7339.35,3241.68,2964.15,1.12009,235.826,-nan,-nan,0.92691,0.103002,-1.0,-1.0,25.758,3.5386,2214,7961194
371,insert,9.048,-1.0,-1.0,-1.0,-1.0,-1.0,-1.0,-1.0,-1.0,-1.0,-1.0,23.53,3.54207,2215,7970239
372,search,6519.07,3244.53,3064.67,1.02654,250.138,-nan,-nan,0.92707,0.102901,-1.0,-1.0,29.001,3.54244,2217,7970239
373,insert,30.932,-1.0,-1.0,-1.0,-1.0,-1.0,-1.0,-1.0,-1.0,-1.0,-1.0,50.014,3.55884,2225,8010868
374,search,7336.98,3249.95,3090.05,1.00083,252.335,-nan,-nan,0.92739,0.102535,-1.0,-1.0,34.458,3.55898,2226,8010868
375,insert,42.219,-1.0,-1.0,-1.0,-1.0,-1.0,-1.0,-1.0,-1.0,-1.0,-1.0,93.999,3.57271,2235,8040698
376,search,7581.04,3244.14,2997.68,1.07074,247.267,-nan,-nan,0.92744,0.102489,-1.0,-1.0,42.693,3.57301,2237,8040698
377,insert,72.714,-1.0,-1.0,-1.0,-1.0,-1.0,-1.0,-1.0,-1.0,-1.0,-1.0,177.459,3.60131,2256,8104748
378,search,7513.57,3237.15,3154.38,1.01857,266.033,-nan,-nan,0.92808,0.1021,-1.0,-1.0,31.998,3.60174,2258,8104748
379,insert,3.647,-1.0,-1.0,-1.0,-1.0,-1.0,-1.0,-1.0,-1.0,-1.0,-1.0,28.455,3.60404,2261,8109755
380,search,7364.77,3231.13,2987.09,1.12252,236.187,-nan,-nan,0.92815,0.102041,-1.0,-1.0,40.443,3.60412,2262,8109755
381,insert,29.792,-1.0,-1.0,-1.0,-1.0,-1.0,-1.0,-1.0,-1.0,-1.0,-1.0,27.958,3.61216,2262,8130382
382,search,7798.09,3235.2,3134.42,1.03693,262.457,-nan,-nan,0.92813,0.102121,-1.0,-1.0,48.38,3.61223,2263,8130382
383,insert,45.598,-1.0,-1.0,-1.0,-1.0,-1.0,-1.0,-1.0,-1.0,-1.0,-1.0,75.628,3.62141,2268,8153290
384,search,7966.5,3237.25,3245.31,0.97257,274.341,-nan,-nan,0.92847,0.101723,-1.0,-1.0,38.161,3.62163,2269,8153290
385,delete,28.269,-1.0,-1.0,-1.0,-1.0,-1.0,-1.0,-1.0,-1.0,-1.0,-1.0,71.244,3.61938,2267,8138873
386,search,7664.89,3231.25,3021.7,1.05249,252.126,-nan,-nan,0.92853,0.101602,-1.0,-1.0,29.353,3.61938,2267,8138873
387,delete,33.958,-1.0,-1.0,-1.0,-1.0,-1.0,-1.0,-1.0,-1.0,-1.0,-1.0,172.401,3.61055,2260,8115069
388,search,7726.69,3231.92,3220.18,0.963919,275.844,-nan,-nan,0.92851,0.101499,-1.0,-1.0,26.995,3.61059,2261,8115069
389,delete,12.182,-1.0,-1.0,-1.0,-1.0,-1.0,-1.0,-1.0,-1.0,-1.0,-1.0,79.7,3.60667,2255,8101157
390,search,7391.48,3233.11,2963.31,1.09291,236.608,-nan,-nan,0.92851,0.101745,-1.0,-1.0,47.989,3.60692,2257,8101157
391,delete,118.449,-1.0,-1.0,-1.0,-1.0,-1.0,-1.0,-1.0,-1.0,-1.0,-1.0,507.92,3.57028,2222,8014644
392,search,7563.68,3244.09,2995.7,1.06331,240.643,-nan,-nan,0.92826,0.101543,-1.0,-1.0,130.327,3.57251,2235,8014644
393,delete,33.51,-1.0,-1.0,-1.0,-1.0,-1.0,-1.0,-1.0,-1.0,-1.0,-1.0,76.213,3.56852,2232,7978358
394,search,7751.33,3206.08,3138.53,0.985914,264.828,-nan,-nan,0.92772,0.101938,-1.0,-1.0,38.174,3.56871,2233,7978358
395,delete,22.898,-1.0,-1.0,-1.0,-1.0,-1.0,-1.0,-1.0,-1.0,-1.0,-1.0,268.689,3.55564,2221,7957094
396,search,7704.65,3211.25,3096.29,1.04991,258.24,-nan,-nan,0.92721,0.102259,-1.0,-1.0,71.18,3.55647,2226,7957094
397,delete,125.734,-1.0,-1.0,-1.0,-1.0,-1.0,-1.0,-1.0,-1.0,-1.0,-1.0,967.34,3.49258,2179,7823916
398,search,7174.57,3224.18,2858.87,1.12191,228.633,-nan,-nan,0.92698,0.102485,-1.0,-1.0,82.525,3.49517,2191,7823916
399,delete,3.406,-1.0,-1.0,-1.0,-1.0,-1.0,-1.0,-1.0,-1.0,-1.0,-1.0,37.283,3.49282,2189,7818430
400,search,7138.88,3206.27,2907.31,1.04754,235.689,-nan,-nan,0.92682,0.102751,-1.0,-1.0,53.717,3.49359,2192,7818430
401,delete,23.358,-1.0,-1.0,-1.0,-1.0,-1.0,-1.0,-1.0,-1.0,-1.0,-1.0,93.92,3.4873,2187,7800702
402,search,7439.94,3200.29,2942.05,1.08446,240.888,-nan,-nan,0.92615,0.103543,-1.0,-1.0,27.273,3.4873,2187,7800702
403,delete,318.744,-1.0,-1.0,-1.0,-1.0,-1.0,-1.0,-1.0,-1.0,-1.0,-1.0,1971.26,3.35721,2066,7517858
404,search,7318.57,3259.51,3021.14,0.966763,260.4,-nan,-nan,0.92413,0.104666,-1.0,-1.0,345.83,3.36418,2103,7517858
405,delete,57.87,-1.0,-1.0,-1.0,-1.0,-1.0,-1.0,-1.0,-1.0,-1.0,-1.0,349.815,3.34562,2087,7451637
406,search,7316.51,3199.82,2979.55,0.929866,259.63,-nan,-nan,0.9246,0.104458,-1.0,-1.0,48.129,3.34573,2089,7451637
407,delete,119.526,-1.0,-1.0,-1.0,-1.0,-1.0,-1.0,-1.0,-1.0,-1.0,-1.0,727.889,3.29527,2050,7360417
408,search,6820.57,3215.4,2999.82,0.940746,268.129,-nan,-nan,0.924,0.105083,-1.0,-1.0,61.222,3.29728,2058,7360417
409,delete,123.392,-1.0,-1.0,-1.0,-1.0,-1.0,-1.0,-1.0,-1.0,-1.0,-1.0,548.886,3.19649,2015,7131620
410,search,6648.72,3207.76,2740.55,1.08397,226.292,-nan,-nan,0.9239,0.10507,-1.0,-1.0,142.863,3.19919,2027,7131620
411,delete,264.933,-1.0,-1.0,-1.0,-1.0,-1.0,-1.0,-1.0,-1.0,-1.0,-1.0,1700.66,3.07728,1909,6867617
412,search,5593.06,3259.32,2669.2,1.08803,217.401,-nan,-nan,0.9227,0.105923,-1.0,-1.0,181.132,3.08294,1942,6867617
413,delete,8.448,-1.0,-1.0,-1.0,-1.0,-1.0,-1.0,-1.0,-1.0,-1.0,-1.0,50.516,3.07899,1940,6850098
414,search,6411.45,3189.65,2667.6,1.04305,219.436,-nan,-nan,0.92311,0.105568,-1.0,-1.0,54.791,3.07974,1945,6850098
415,delete,46.648,-1.0,-1.0,-1.0,-1.0,-1.0,-1.0,-1.0,-1.0,-1.0,-1.0,469.809,3.04976,1920,6782921
416,search,5909.27,3193.23,2604.48,1.0886,212.761,-nan,-nan,0.92253,0.105951,-1.0,-1.0,24.338,3.05014,1922,6782921
417,delete,132.022,-1.0,-1.0,-1.0,-1.0,-1.0,-1.0,-1.0,-1.0,-1.0,-1.0,803.787,2.95764,1853,6562039
418,search,6111.72,3201.93,2558.21,1.06611,207.496,-nan,-nan,0.92219,0.106296,-1.0,-1.0,182.306,2.96093,1870,6562039
419,delete,23.63,-1.0,-1.0,-1.0,-1.0,-1.0,-1.0,-1.0,-1.0,-1.0,-1.0,75.679,2.95761,1866,6536285
420,search,5556.45,3168.45,2531.05,1.09674,207.653,-nan,-nan,0.92306,0.10547,-1.0,-1.0,36.236,2.95802,1869,6536285
421,delete,11.328,-1.0,-1.0,-1.0,-1.0,-1.0,-1.0,-1.0,-1.0,-1.0,-1.0,88.129,2.94541,1860,6510820
422,search,6001.67,3168.88,2316.04,1.17717,182.709,-nan,-nan,0.92304,0.105414,-1.0,-1.0,42.363,2.94554,1862,6510820
423,delete,170.011,-1.0,-1.0,-1.0,-1.0,-1.0,-1.0,-1.0,-1.0,-1.0,-1.0,739.241,2.8699,1799,6334168
424,search,6360.56,3182.36,2600.05,0.940237,221.347,-nan,-nan,0.92143,0.106491,-1.0,-1.0,97.606,2.87113,1807,6334168
425,delete,18.416,-1.0,-1.0,-1.0,-1.0,-1.0,-1.0,-1.0,-1.0,-1.0,-1.0,34.612,2.86931,1806,6316443
426,search,6253.94,3161.74,2506.7,1.0065,211.416,-nan,-nan,0.92151,0.106427,-1.0,-1.0,21.693,2.86931,1806,6316443
427,delete,50.857,-1.0,-1.0,-1.0,-1.0,-1.0,-1.0,-1.0,-1.0,-1.0,-1.0,75.528,2.86257,1802,6266345
428,search,6028.08,3132.44,2567.41,0.92593,220.994,-nan,-nan,0.92139,0.10683,-1.0,-1.0,14.319,2.86257,1802,6266345
429,delete,295.611,-1.0,-1.0,-1.0,-1.0,-1.0,-1.0,-1.0,-1.0,-1.0,-1.0,1903.53,2.64175,1548,5883847
430,search,5328.28,3497.19,2354.47,1.003,190.465,-nan,-nan,0.90995,0.116189,-1.0,-1.0,554.999,2.65396,1623,5883847
431,delete,63.918,-1.0,-1.0,-1.0,-1.0,-1.0,-1.0,-1.0,-1.0,-1.0,-1.0,326.193,2.61605,1597,5801380
432,search,4857.96,3296.31,2196.26,1.1097,178.81,-nan,-nan,0.90944,0.116149,-1.0,-1.0,54.862,2.61728,1608,5801380
433,delete,117.794,-1.0,-1.0,-1.0,-1.0,-1.0,-1.0,-1.0,-1.0,-1.0,-1.0,678.466,2.52854,1534,5607567
434,search,4978.56,3302.96,2200.51,1.06557,179.068,-nan,-nan,0.9066,0.118421,-1.0,-1.0,286.748,2.53286,1550,5607567
435,delete,108.783,-1.0,-1.0,-1.0,-1.0,-1.0,-1.0,-1.0,-1.0,-1.0,-1.0,382.521,2.49578,1517,5512176
436,search,5266.66,3283.45,2195.8,1.02103,186.471,-nan,-nan,0.90601,0.118772,-1.0,-1.0,167.033,2.49699,1525,5512176
437,delete,10.078,-1.0,-1.0,-1.0,-1.0,-1.0,-1.0,-1.0,-1.0,-1.0,-1.0,61.464,2.4925,1522,5501141
438,search,5481.27,3262.13,2259.23,1.0075,200.761,-nan,-nan,0.90592,0.118847,-1.0,-1.0,109.563,2.49249,1525,5501141
439,delete,111.867,-1.0,-1.0,-1.0,-1.0,-1.0,-1.0,-1.0,-1.0,-1.0,-1.0,446.088,2.42841,1505,5369822
440,search,5320.47,3260.99,2178.06,1.02306,191.051,-nan,-nan,0.90804,0.116471,-1.0,-1.0,194.688,2.43167,1518,5369822
441,delete,26.272,-1.0,-1.0,-1.0,-1.0,-1.0,-1.0,-1.0,-1.0,-1.0,-1.0,95.35,2.42335,1513,5338985
442,search,5320.39,3220.76,2165.24,0.999202,186.557,-nan,-nan,0.9074,0.116871,-1.0,-1.0,42.142,2.42366,1515,5338985
443,delete,30.05,-1.0,-1.0,-1.0,-1.0,-1.0,-1.0,-1.0,-1.0,-1.0,-1.0,72.807,2.40932,1510,5307279
444,search,5405.07,3223,2234.82,0.931145,196.857,-nan,-nan,0.90823,0.116297,-1.0,-1.0,41.614,2.40992,1513,5307279
445,delete,40.164,-1.0,-1.0,-1.0,-1.0,-1.0,-1.0,-1.0,-1.0,-1.0,-1.0,101.597,2.39975,1509,5268382
446,search,4683.97,3202.52,2119.25,1.04606,180.897,-nan,-nan,0.90795,0.116547,-1.0,-1.0,18.87,2.39994,1510,5268382
447,delete,248.542,-1.0,-1.0,-1.0,-1.0,-1.0,-1.0,-1.0,-1.0,-1.0,-1.0,1031.85,2.22482,1344,4922787
448,search,4541.22,3348.01,1974.92,0.932628,163.588,-nan,-nan,0.90048,0.121312,-1.0,-1.0,210.619,2.22825,1368,4922787
449,delete,34.397,-1.0,-1.0,-1.0,-1.0,-1.0,-1.0,-1.0,-1.0,-1.0,-1.0,143.694,2.21642,1357,4887227
450,search,4870.89,3276.33,2023.3,0.985415,177.908,-nan,-nan,0.90037,0.120997,-1.0,-1.0,145.681,2.2198,1366,4887227
451,delete,99.202,-1.0,-1.0,-1.0,-1.0,-1.0,-1.0,-1.0,-1.0,-1.0,-1.0,346.317,2.17986,1329,4795082
452,search,4721.15,3270.38,1926.78,0.99336,161.347,-nan,-nan,0.90048,0.120866,-1.0,-1.0,137.706,2.18065,1338,4795082
453,delete,329.461,-1.0,-1.0,-1.0,-1.0,-1.0,-1.0,-1.0,-1.0,-1.0,-1.0,1442.69,2.03676,1209,4500175
454,search,4420.59,3342.82,1857.81,0.925934,168.886,-nan,-nan,0.89464,0.125924,-1.0,-1.0,301.371,2.04091,1233,4500175
455,delete,27.789,-1.0,-1.0,-1.0,-1.0,-1.0,-1.0,-1.0,-1.0,-1.0,-1.0,113.083,2.03225,1227,4462648
456,search,4306.75,3290.96,1734.81,1.02701,145.63,-nan,-nan,0.89481,0.12525,-1.0,-1.0,155.158,2.03378,1235,4462648
457,delete,5.562,-1.0,-1.0,-1.0,-1.0,-1.0,-1.0,-1.0,-1.0,-1.0,-1.0,13.765,2.03339,1235,4456761
458,search,4269.38,3260.06,1689.96,0.993304,140.033,-nan,-nan,0.89492,0.125163,-1.0,-1.0,70.001,2.03339,1237,4456761
459,delete,37.797,-1.0,-1.0,-1.0,-1.0,-1.0,-1.0,-1.0,-1.0,-1.0,-1.0,192.458,2.01224,1222,4419992
460,search,4459.62,3268.48,1858.21,0.891393,166.899,-nan,-nan,0.89516,0.124989,-1.0,-1.0,92.441,2.01284,1228,4419992
461,delete,3.852,-1.0,-1.0,-1.0,-1.0,-1.0,-1.0,-1.0,-1.0,-1.0,-1.0,14.341,2.01284,1228,4415725
462,search,4442.84,3251.87,1847.68,0.942499,165.987,-nan,-nan,0.89501,0.125028,-1.0,-1.0,14.627,2.01284,1228,4415725
463,delete,59.055,-1.0,-1.0,-1.0,-1.0,-1.0,-1.0,-1.0,-1.0,-1.0,-1.0,308.44,1.98591,1196,4370609
464,search,4366.06,3318.33,1836.73,0.91728,163.494,-nan,-nan,0.89476,0.124912,-1.0,-1.0,102.767,1.98709,1206,4370609
465,delete,19.726,-1.0,-1.0,-1.0,-1.0,-1.0,-1.0,-1.0,-1.0,-1.0,-1.0,79.21,1.97564,1199,4345244
466,search,4369.32,3293.81,1822.88,0.939983,163.672,-nan,-nan,0.89366,0.125433,-1.0,-1.0,46.321,1.97577,1202,4345244
467,delete,43.129,-1.0,-1.0,-1.0,-1.0,-1.0,-1.0,-1.0,-1.0,-1.0,-1.0,73.013,1.96762,1198,4319734
468,search,4330.04,3268.19,1812.18,0.879917,153.832,-nan,-nan,0.89333,0.125693,-1.0,-1.0,35.585,1.96823,1200,4319734
469,delete,17.339,-1.0,-1.0,-1.0,-1.0,-1.0,-1.0,-1.0,-1.0,-1.0,-1.0,40.855,1.95915,1196,4298361
470,search,4341.33,3258.25,1802.04,0.891265,157.429,-nan,-nan,0.89268,0.126084,-1.0,-1.0,32.088,1.95943,1197,4298361
471,delete,138.787,-1.0,-1.0,-1.0,-1.0,-1.0,-1.0,-1.0,-1.0,-1.0,-1.0,351.396,1.90577,1155,4188315
472,search,4204.73,3283.2,1752.54,0.927696,154.141,-nan,-nan,0.89105,0.127821,-1.0,-1.0,95.806,1.90754,1165,4188315
473,delete,79.44,-1.0,-1.0,-1.0,-1.0,-1.0,-1.0,-1.0,-1.0,-1.0,-1.0,481.991,1.85001,1115,4074567
474,search,4086.5,3300.73,1711.85,0.930999,153.052,-nan,-nan,0.88992,0.12902,-1.0,-1.0,197.874,1.85301,1135,4074567
475,delete,425.331,-1.0,-1.0,-1.0,-1.0,-1.0,-1.0,-1.0,-1.0,-1.0,-1.0,1660.32,1.65476,960,3691698
476,search,3523.61,3483.51,1460.97,1.03829,125.974,-nan,-nan,0.88364,0.133768,-1.0,-1.0,416.558,1.66312,1005,3691698
477,delete,42.84,-1.0,-1.0,-1.0,-1.0,-1.0,-1.0,-1.0,-1.0,-1.0,-1.0,209.953,1.64053,988,3642619
478,search,3524.29,3319.99,1437.12,1.01488,118.959,-nan,-nan,0.88312,0.134124,-1.0,-1.0,109.978,1.6417,997,3642619
479,delete,255.693,-1.0,-1.0,-1.0,-1.0,-1.0,-1.0,-1.0,-1.0,-1.0,-1.0,1164.04,1.53338,904,3421368
480,search,3485.2,3626.92,1543.99,0.865196,127.066,-nan,-nan,0.89538,0.123596,-1.0,-1.0,495.089,1.54338,938,3421368
481,delete,50.333,-1.0,-1.0,-1.0,-1.0,-1.0,-1.0,-1.0,-1.0,-1.0,-1.0,141.596,1.52656,924,3378034
482,search,3450.14,3298.65,1449.3,0.86281,125.651,-nan,-nan,0.8883,0.129703,-1.0,-1.0,81.255,1.52738,930,3378034
483,delete,318.314,-1.0,-1.0,-1.0,-1.0,-1.0,-1.0,-1.0,-1.0,-1.0,-1.0,1133.11,1.3873,803,3115682
484,search,3066.05,3472.48,1322.41,0.895326,117.215,-nan,-nan,0.88012,0.135622,-1.0,-1.0,368.188,1.39393,842,3115682
485,delete,18.781,-1.0,-1.0,-1.0,-1.0,-1.0,-1.0,-1.0,-1.0,-1.0,-1.0,41.006,1.38961,839,3094629
486,search,3117.72,3278.94,1315.78,0.868895,116.71,-nan,-nan,0.88154,0.134697,-1.0,-1.0,78.613,1.39016,844,3094629
487,delete,6.788,-1.0,-1.0,-1.0,-1.0,-1.0,-1.0,-1.0,-1.0,-1.0,-1.0,14.138,1.39016,844,3086025
488,search,3135.63,3251.99,1316.74,0.893284,111.673,-nan,-nan,0.882,0.133896,-1.0,-1.0,14.172,1.39016,844,3086025
489,delete,36.173,-1.0,-1.0,-1.0,-1.0,-1.0,-1.0,-1.0,-1.0,-1.0,-1.0,152.789,1.37753,833,3052105
490,search,3062.95,3259.06,1273.43,0.868054,113.733,-nan,-nan,0.88072,0.135296,-1.0,-1.0,37.515,1.37774,835,3052105
491,delete,14.971,-1.0,-1.0,-1.0,-1.0,-1.0,-1.0,-1.0,-1.0,-1.0,-1.0,27.361,1.37463,833,3038974
492,search,2874.97,3244.8,1251.84,0.931173,103.951,-nan,-nan,0.88044,0.13549,-1.0,-1.0,11.328,1.37463,833,3038974
493,delete,103.237,-1.0,-1.0,-1.0,-1.0,-1.0,-1.0,-1.0,-1.0,-1.0,-1.0,421.812,1.30586,780,2911063
494,search,2920.62,3320.84,1236.47,0.948831,108.147,-nan,-nan,0.87808,0.136384,-1.0,-1.0,115.199,1.30818,791,2911063
495,delete,21.528,-1.0,-1.0,-1.0,-1.0,-1.0,-1.0,-1.0,-1.0,-1.0,-1.0,65.277,1.2991,784,2888785
496,search,2797.64,3267.04,1209.24,0.914553,107.277,-nan,-nan,0.87664,0.137255,-1.0,-1.0,16.476,1.29913,785,2888785
497,delete,39.008,-1.0,-1.0,-1.0,-1.0,-1.0,-1.0,-1.0,-1.0,-1.0,-1.0,128.743,1.27627,768,2829718
498,search,2830.1,3261.38,1194.34,0.907964,105.703,-nan,-nan,0.87503,0.138125,-1.0,-1.0,33.781,1.27684,770,2829718
499,delete,16.216,-1.0,-1.0,-1.0,-1.0,-1.0,-1.0,-1.0,-1.0,-1.0,-1.0,11.746,1.27684,770,2816082
500,search,2702.68,3229.99,1093.33,0.991909,94.7944,-nan,-nan,0.87498,0.138244,-1.0,-1.0,12.873,1.27684,770,2816082
501,delete,27.868,-1.0,-1.0,-1.0,-1.0,-1.0,-1.0,-1.0,-1.0,-1.0,-1.0,73.406,1.26517,761,2790880
502,search,2830.65,3239.62,1181.66,0.85648,107.407,-nan,-nan,0.87437,0.138568,-1.0,-1.0,12.431,1.26517,761,2790880
503,delete,18.896,-1.0,-1.0,-1.0,-1.0,-1.0,-1.0,-1.0,-1.0,-1.0,-1.0,45.387,1.26025,757,2774459
504,search,2776.97,3234.33,1154.66,0.886522,101.472,-nan,-nan,0.87338,0.13908,-1.0,-1.0,11.914,1.26025,757,2774459
505,delete,71.802,-1.0,-1.0,-1.0,-1.0,-1.0,-1.0,-1.0,-1.0,-1.0,-1.0,153.495,1.2286,739,2714683
506,search,2678.03,3238,1085.57,1.03208,91.0106,-nan,-nan,0.87194,0.139822,-1.0,-1.0,31.474,1.22915,741,2714683
507,delete,40.973,-1.0,-1.0,-1.0,-1.0,-1.0,-1.0,-1.0,-1.0,-1.0,-1.0,70.144,1.21642,733,2680986
508,search,2644.47,3225.37,1067.41,1.00653,93.7509,-nan,-nan,0.87144,0.139895,-1.0,-1.0,22.687,1.21655,734,2680986
509,delete,22.05,-1.0,-1.0,-1.0,-1.0,-1.0,-1.0,-1.0,-1.0,-1.0,-1.0,100.48,1.20635,728,2662966
510,search,2555.58,3229.94,1104.99,1.05744,94.2531,-nan,-nan,0.87039,0.14035,-1.0,-1.0,40.91,1.20711,731,2662966
511,delete,14.743,-1.0,-1.0,-1.0,-1.0,-1.0,-1.0,-1.0,-1.0,-1.0,-1.0,56.617,1.19964,725,2642855
512,search,2669.19,3215.05,1124.77,0.894691,97.1487,-nan,-nan,0.86934,0.141055,-1.0,-1.0,8.295,1.19964,725,2642855
513,insert,195.502,-1.0,-1.0,-1.0,-1.0,-1.0,-1.0,-1.0,-1.0,-1.0,-1.0,254.596,1.30471,762,2906838
514,search,2416.3,3328.46,1149.99,0.964045,97.2351,-nan,-nan,0.87251,0.139927,-1.0,-1.0,27.752,1.30485,765,2906838
515,insert,3.077,-1.0,-1.0,-1.0,-1.0,-1.0,-1.0,-1.0,-1.0,-1.0,-1.0,16.523,1.30655,767,2913746
516,search,2737.19,3317.83,1147.62,1.01443,99.5861,-nan,-nan,0.87328,0.139457,-1.0,-1.0,27.153,1.30677,769,2913746
517,insert,25.525,-1.0,-1.0,-1.0,-1.0,-1.0,-1.0,-1.0,-1.0,-1.0,-1.0,27.33,1.31227,771,2936862
518,search,2728.04,3344.85,1200.94,0.935599,105.289,-nan,-nan,0.87356,0.13903,-1.0,-1.0,11.367,1.31227,771,2936862
519,insert,82.086,-1.0,-1.0,-1.0,-1.0,-1.0,-1.0,-1.0,-1.0,-1.0,-1.0,116.43,1.34433,780,3009732
520,search,2836.87,3386.3,1177.05,1.05478,95.9398,-nan,-nan,0.87595,0.138859,-1.0,-1.0,71.62,1.34441,785,3009732
521,insert,21.068,-1.0,-1.0,-1.0,-1.0,-1.0,-1.0,-1.0,-1.0,-1.0,-1.0,62.293,1.35021,789,3025906
522,search,2980.94,3374.04,1274.3,0.951973,117.037,-nan,-nan,0.87668,0.138098,-1.0,-1.0,22.975,1.35021,790,3025906
523,insert,51.085,-1.0,-1.0,-1.0,-1.0,-1.0,-1.0,-1.0,-1.0,-1.0,-1.0,92.046,1.36607,797,3061899
524,search,2913.28,3385.74,1212.04,0.996898,101.61,-nan,-nan,0.87733,0.13801,-1.0,-1.0,41.261,1.36614,800,3061899
525,insert,61.289,-1.0,-1.0,-1.0,-1.0,-1.0,-1.0,-1.0,-1.0,-1.0,-1.0,93,1.38449,808,3101209
526,search,3059.52,3378.99,1302.23,0.926886,117.73,-nan,-nan,0.87841,0.137317,-1.0,-1.0,40.447,1.38489,811,3101209
527,insert,632.079,-1.0,-1.0,-1.0,-1.0,-1.0,-1.0,-1.0,-1.0,-1.0,-1.0,943.075,1.57427,929,3522334
528,search,3290.57,3368.9,1333.65,1.08197,108.472,-nan,-nan,0.88664,0.131366,-1.0,-1.0,204.792,1.57645,949,3522334
529,insert,360.872,-1.0,-1.0,-1.0,-1.0,-1.0,-1.0,-1.0,-1.0,-1.0,-1.0,570.691,1.69686,1014,3797294
530,search,3607.5,3364.32,1481.83,1.08783,120.726,-nan,-nan,0.89122,0.129196,-1.0,-1.0,199.66,1.69771,1030,3797294
531,insert,97.791,-1.0,-1.0,-1.0,-1.0,-1.0,-1.0,-1.0,-1.0,-1.0,-1.0,144.098,1.72301,1044,3853781
532,search,3857.6,3310.69,1636.18,0.896864,146.149,-nan,-nan,0.89321,0.12743,-1.0,-1.0,125.415,1.72333,1053,3853781
533,insert,24.94,-1.0,-1.0,-1.0,-1.0,-1.0,-1.0,-1.0,-1.0,-1.0,-1.0,56.771,1.73058,1058,3873352
534,search,3887.09,3285.75,1636.73,0.920917,148.222,-nan,-nan,0.89371,0.126638,-1.0,-1.0,103.111,1.73064,1065,3873352
535,insert,25.506,-1.0,-1.0,-1.0,-1.0,-1.0,-1.0,-1.0,-1.0,-1.0,-1.0,70.745,1.73762,1072,3893308
536,search,3896.47,3265,1643.05,0.911835,145.753,-nan,-nan,0.89457,0.126209,-1.0,-1.0,77.399,1.73852,1077,3893308
537,insert,7.53,-1.0,-1.0,-1.0,-1.0,-1.0,-1.0,-1.0,-1.0,-1.0,-1.0,26.423,1.74185,1078,3901271
538,search,3886.99,3247.83,1619.63,0.935806,141.383,-nan,-nan,0.89409,0.12659,-1.0,-1.0,15.509,1.74185,1078,3901271
539,insert,27.201,-1.0,-1.0,-1.0,-1.0,-1.0,-1.0,-1.0,-1.0,-1.0,-1.0,42.022,1.74886,1081,3925164
540,search,3904.94,3262.73,1624.96,0.957087,141.7,-nan,-nan,0.89496,0.125682,-1.0,-1.0,41.966,1.74897,1084,3925164
541,insert,541.349,-1.0,-1.0,-1.0,-1.0,-1.0,-1.0,-1.0,-1.0,-1.0,-1.0,810.14,1.93325,1175,4320915
542,search,4294.68,3330.28,1823.84,0.940486,161.564,-nan,-nan,0.89872,0.123679,-1.0,-1.0,318.031,1.93665,1208,4320915
543,insert,58.958,-1.0,-1.0,-1.0,-1.0,-1.0,-1.0,-1.0,-1.0,-1.0,-1.0,88.189,1.95324,1218,4360814
544,search,4383.73,3235.13,1818.1,0.921105,162.295,-nan,-nan,0.89994,0.122732,-1.0,-1.0,117.234,1.95376,1231,4360814
545,insert,13.054,-1.0,-1.0,-1.0,-1.0,-1.0,-1.0,-1.0,-1.0,-1.0,-1.0,22.251,1.95761,1232,4370220
546,search,4335.78,3192.1,1756.79,1.10201,147.775,-nan,-nan,0.90014,0.122741,-1.0,-1.0,22.882,1.9577,1233,4370220
547,insert,200.853,-1.0,-1.0,-1.0,-1.0,-1.0,-1.0,-1.0,-1.0,-1.0,-1.0,306.213,2.02076,1275,4510675
548,search,4555.29,3202.21,1889.69,0.970138,161.03,-nan,-nan,0.90249,0.121012,-1.0,-1.0,46.641,2.02076,1280,4510675
549,insert,284.665,-1.0,-1.0,-1.0,-1.0,-1.0,-1.0,-1.0,-1.0,-1.0,-1.0,322.286,2.12186,1308,4744845
550,search,4624.74,3229.6,1891.05,0.989333,159.109,-nan,-nan,0.89802,0.1265,-1.0,-1.0,100.958,2.12202,1313,4744845
551,insert,33.162,-1.0,-1.0,-1.0,-1.0,-1.0,-1.0,-1.0,-1.0,-1.0,-1.0,49.424,2.13498,1316,4771433
552,search,4621.49,3227.45,1869.98,0.987076,153.509,-nan,-nan,0.89837,0.12565,-1.0,-1.0,41.662,2.13498,1317,4771433
553,insert,11.263,-1.0,-1.0,-1.0,-1.0,-1.0,-1.0,-1.0,-1.0,-1.0,-1.0,29.049,2.13784,1319,4782909
554,search,4757.75,3220.34,1963.82,0.904206,172.122,-nan,-nan,0.89903,0.124551,-1.0,-1.0,37.499,2.13784,1320,4782909
555,insert,549.768,-1.0,-1.0,-1.0,-1.0,-1.0,-1.0,-1.0,-1.0,-1.0,-1.0,793.104,2.31015,1440,5180322
556,search,5117.88,3235.65,2122.06,0.927396,181.356,-nan,-nan,0.90436,0.119942,-1.0,-1.0,115.84,2.31125,1451,5180322
557,insert,24.254,-1.0,-1.0,-1.0,-1.0,-1.0,-1.0,-1.0,-1.0,-1.0,-1.0,34.509,2.31758,1454,5203220
558,search,5196.07,3224.55,2166.88,0.92585,192.478,-nan,-nan,0.90495,0.119581,-1.0,-1.0,41.523,2.31758,1456,5203220
559,insert,6.812,-1.0,-1.0,-1.0,-1.0,-1.0,-1.0,-1.0,-1.0,-1.0,-1.0,35.477,2.31965,1458,5210154
560,search,5087.95,3221.71,2066.14,1.02345,171.341,-nan,-nan,0.90543,0.1195,-1.0,-1.0,36.149,2.32,1460,5210154
561,insert,9.354,-1.0,-1.0,-1.0,-1.0,-1.0,-1.0,-1.0,-1.0,-1.0,-1.0,14.334,2.32314,1460,5215426
562,search,5185.32,3219.45,2153.78,0.986308,186.755,-nan,-nan,0.90535,0.119572,-1.0,-1.0,16.395,2.32314,1460,5215426
563,insert,61.564,-1.0,-1.0,-1.0,-1.0,-1.0,-1.0,-1.0,-1.0,-1.0,-1.0,97.79,2.33689,1470,5252726
564,search,5209.55,3220.33,2148.85,0.950768,187.635,-nan,-nan,0.90526,0.120055,-1.0,-1.0,29.443,2.33725,1471,5252726
565,insert,269.718,-1.0,-1.0,-1.0,-1.0,-1.0,-1.0,-1.0,-1.0,-1.0,-1.0,290.897,2.41953,1495,5447274
566,search,5376.48,3267.05,2264.47,0.96646,199.791,-nan,-nan,0.90562,0.119668,-1.0,-1.0,168.679,2.42028,1505,5447274
567,insert,14.908,-1.0,-1.0,-1.0,-1.0,-1.0,-1.0,-1.0,-1.0,-1.0,-1.0,22.658,2.42666,1506,5463135
568,search,5298.81,3238.46,2177.32,1.02302,182.77,-nan,-nan,0.90516,0.119967,-1.0,-1.0,70.124,2.42666,1508,5463135
569,insert,23.048,-1.0,-1.0,-1.0,-1.0,-1.0,-1.0,-1.0,-1.0,-1.0,-1.0,24.035,2.43331,1509,5478168
570,search,5401.51,3243.65,2256.06,0.905999,193.525,-nan,-nan,0.90599,0.119095,-1.0,-1.0,67.514,2.43379,1513,5478168
571,insert,15.332,-1.0,-1.0,-1.0,-1.0,-1.0,-1.0,-1.0,-1.0,-1.0,-1.0,15.442,2.43966,1513,5492309
572,search,5321.92,3236.52,2184.71,0.98884,183.577,-nan,-nan,0.90528,0.119742,-1.0,-1.0,29.056,2.43966,1514,5492309
573,insert,85.703,-1.0,-1.0,-1.0,-1.0,-1.0,-1.0,-1.0,-1.0,-1.0,-1.0,126.855,2.463,1527,5554599
574,search,5367.89,3246.75,2195.59,0.979563,185.358,-nan,-nan,0.90623,0.118705,-1.0,-1.0,36.847,2.46332,1529,5554599
575,insert,70.111,-1.0,-1.0,-1.0,-1.0,-1.0,-1.0,-1.0,-1.0,-1.0,-1.0,98.898,2.4839,1538,5604500
576,search,5561,3253.36,2316.89,0.923053,206.188,-nan,-nan,0.90647,0.11878,-1.0,-1.0,58.285,2.48492,1542,5604500
577,insert,47.359,-1.0,-1.0,-1.0,-1.0,-1.0,-1.0,-1.0,-1.0,-1.0,-1.0,107.951,2.49914,1556,5638834
578,search,5456.52,3237.65,2232.55,1.03513,185.643,-nan,-nan,0.90686,0.118668,-1.0,-1.0,30.767,2.49953,1557,5638834
579,insert,880.001,-1.0,-1.0,-1.0,-1.0,-1.0,-1.0,-1.0,-1.0,-1.0,-1.0,1218.2,2.77831,1710,6229778
580,search,6020.95,3289.3,2481.6,0.980136,208.252,-nan,-nan,0.91188,0.113878,-1.0,-1.0,171.488,2.78084,1731,6229778
581,insert,40.896,-1.0,-1.0,-1.0,-1.0,-1.0,-1.0,-1.0,-1.0,-1.0,-1.0,82.969,2.79687,1739,6261240
582,search,6092.58,3245.73,2484.98,0.990595,206.871,-nan,-nan,0.9123,0.113578,-1.0,-1.0,26.224,2.79699,1740,6261240
583,insert,25.523,-1.0,-1.0,-1.0,-1.0,-1.0,-1.0,-1.0,-1.0,-1.0,-1.0,44.306,2.80489,1743,6283315
584,search,6177.28,3251.56,2538.72,0.937662,220.15,-nan,-nan,0.91255,0.113324,-1.0,-1.0,29.244,2.80508,1744,6283315
585,insert,335.267,-1.0,-1.0,-1.0,-1.0,-1.0,-1.0,-1.0,-1.0,-1.0,-1.0,470.112,2.93011,1796,6556101
586,search,6351.27,3285.48,2622.21,1.01137,221.724,-nan,-nan,0.91435,0.112005,-1.0,-1.0,181.241,2.93203,1816,6556101
587,insert,43.185,-1.0,-1.0,-1.0,-1.0,-1.0,-1.0,-1.0,-1.0,-1.0,-1.0,59.765,2.9446,1821,6587187
588,search,6479.2,3250.62,2695.91,0.964076,234.471,-nan,-nan,0.91431,0.11221,-1.0,-1.0,21.193,2.9446,1821,6587187
589,insert,66.944,-1.0,-1.0,-1.0,-1.0,-1.0,-1.0,-1.0,-1.0,-1.0,-1.0,93.11,2.95949,1830,6631526
590,search,6508.61,3260.34,2711.98,0.920957,234.645,-nan,-nan,0.9154,0.111066,-1.0,-1.0,33.831,2.9596,1831,6631526
591,insert,631.616,-1.0,-1.0,-1.0,-1.0,-1.0,-1.0,-1.0,-1.0,-1.0,-1.0,766.511,3.16777,1932,7108942
592,search,6889.86,3344.43,2864.48,0.988992,239.442,-nan,-nan,0.91832,0.10931,-1.0,-1.0,210.849,3.16954,1956,7108942
593,insert,223.933,-1.0,-1.0,-1.0,-1.0,-1.0,-1.0,-1.0,-1.0,-1.0,-1.0,311.76,3.25236,1986,7303976
594,search,7057.03,3325.76,2925.93,0.959346,246.421,-nan,-nan,0.91982,0.108437,-1.0,-1.0,169.082,3.25365,2001,7303976
595,insert,6.419,-1.0,-1.0,-1.0,-1.0,-1.0,-1.0,-1.0,-1.0,-1.0,-1.0,38.514,3.25597,2003,7309244
596,search,7055.58,3296.36,2901.17,1.00031,241.156,-nan,-nan,0.9196,0.108593,-1.0,-1.0,91.327,3.25615,2008,7309244
597,insert,289.991,-1.0,-1.0,-1.0,-1.0,-1.0,-1.0,-1.0,-1.0,-1.0,-1.0,385.055,3.35893,2056,7542477
598,search,7243.73,3323.32,2986.39,0.990598,249.285,-nan,-nan,0.92169,0.107232,-1.0,-1.0,171.463,3.36043,2071,7542477
599,insert,136.018,-1.0,-1.0,-1.0,-1.0,-1.0,-1.0,-1.0,-1.0,-1.0,-1.0,244.52,3.4069,2103,7654438
600,search,7506.33,3291.79,3143.12,0.925781,271.656,-nan,-nan,0.92225,0.10684,-1.0,-1.0,95.268,3.40767,2110,7654438
601,insert,73.423,-1.0,-1.0,-1.0,-1.0,-1.0,-1.0,-1.0,-1.0,-1.0,-1.0,132.068,3.43467,2123,7717936
602,search,7610.74,3294.55,3195.13,0.928727,279.136,-nan,-nan,0.92304,0.106142,-1.0,-1.0,73.587,3.43538,2128,7717936
603,insert,7.882,-1.0,-1.0,-1.0,-1.0,-1.0,-1.0,-1.0,-1.0,-1.0,-1.0,25.409,3.4372,2128,7723521
604,search,7200.54,3289.43,2853.97,1.08113,225.357,-nan,-nan,0.92296,0.106217,-1.0,-1.0,26.176,3.4372,2128,7723521
605,insert,59.984,-1.0,-1.0,-1.0,-1.0,-1.0,-1.0,-1.0,-1.0,-1.0,-1.0,96.315,3.45308,2137,7767404
606,search,7586.58,3294.9,3164.64,0.942439,267.742,-nan,-nan,0.92347,0.105808,-1.0,-1.0,45.502,3.45338,2139,7767404
607,insert,111.187,-1.0,-1.0,-1.0,-1.0,-1.0,-1.0,-1.0,-1.0,-1.0,-1.0,253.392,3.4791,2143,7826115
608,search,7688.8,3300.04,3209.88,0.911506,278.456,-nan,-nan,0.9232,0.106089,-1.0,-1.0,44.442,3.47936,2144,7826115
609,insert,296.191,-1.0,-1.0,-1.0,-1.0,-1.0,-1.0,-1.0,-1.0,-1.0,-1.0,446.524,3.5665,2193,8036351
610,search,7580.56,3320.81,3070.59,1.09276,245.937,-nan,-nan,0.92499,0.104082,-1.0,-1.0,164.089,3.56864,2207,8036351
611,insert,26.523,-1.0,-1.0,-1.0,-1.0,-1.0,-1.0,-1.0,-1.0,-1.0,-1.0,68.695,3.57696,2212,8060364
612,search,7769.11,3300.26,3195.35,1.07089,276.979,-nan,-nan,0.92495,0.104065,-1.0,-1.0,34.344,3.57697,2213,8060364
613,insert,260.877,-1.0,-1.0,-1.0,-1.0,-1.0,-1.0,-1.0,-1.0,-1.0,-1.0,361.691,3.66201,2256,8256083
614,search,7957.98,3306.31,3278.48,0.969623,274.814,-nan,-nan,0.92589,0.1035,-1.0,-1.0,98.291,3.66374,2265,8256083
615,insert,449.977,-1.0,-1.0,-1.0,-1.0,-1.0,-1.0,-1.0,-1.0,-1.0,-1.0,650.5,3.83651,2331,8625707
616,search,8194.06,3331.6,3381.48,1.0007,279.662,-nan,-nan,0.92772,0.102026,-1.0,-1.0,217.908,3.83863,2353,8625707
617,insert,384.552,-1.0,-1.0,-1.0,-1.0,-1.0,-1.0,-1.0,-1.0,-1.0,-1.0,591.813,3.98468,2409,8949227
618,search,8346.97,3350.24,3409.64,1.02301,276.429,-nan,-nan,0.9304,0.0993631,-1.0,-1.0,244.827,3.98732,2435,8949227
619,insert,283.327,-1.0,-1.0,-1.0,-1.0,-1.0,-1.0,-1.0,-1.0,-1.0,-1.0,418.714,4.08879,2484,9195551
620,search,8770.52,3319.01,3652.06,0.979456,308.381,-nan,-nan,0.93131,0.0988982,-1.0,-1.0,224.755,4.09265,2509,9195551
621,insert,43.127,-1.0,-1.0,-1.0,-1.0,-1.0,-1.0,-1.0,-1.0,-1.0,-1.0,67.125,4.10566,2516,9232372
622,search,8816.77,3289.65,3647.23,0.95471,308.845,-nan,-nan,0.93183,0.0985834,-1.0,-1.0,80.485,4.10638,2522,9232372
623,insert,24.303,-1.0,-1.0,-1.0,-1.0,-1.0,-1.0,-1.0,-1.0,-1.0,-1.0,63.535,4.11548,2528,9253561
624,search,8855.14,3283,3690.23,0.958383,310.701,-nan,-nan,0.93194,0.0984911,-1.0,-1.0,42.076,4.11585,2530,9253561
625,insert,91.121,-1.0,-1.0,-1.0,-1.0,-1.0,-1.0,-1.0,-1.0,-1.0,-1.0,170.833,4.14724,2545,9331230
626,search,8847.04,3288.19,3624.09,1.03692,295.504,-nan,-nan,0.93248,0.0980937,-1.0,-1.0,84.096,4.14776,2551,9331230
627,insert,75.572,-1.0,-1.0,-1.0,-1.0,-1.0,-1.0,-1.0,-1.0,-1.0,-1.0,94.628,4.16479,2560,9374063
628,search,8948.65,3284.76,3669.7,0.980996,307.108,-nan,-nan,0.93258,0.0979593,-1.0,-1.0,65.597,4.16537,2564,9374063
629,insert,23.527,-1.0,-1.0,-1.0,-1.0,-1.0,-1.0,-1.0,-1.0,-1.0,-1.0,33.121,4.17065,2565,9387598
630,search,9115.21,3280.88,3800.65,0.946131,331.027,-nan,-nan,0.93279,0.0978494,-1.0,-1.0,23.063,4.17065,2565,9387598
631,insert,67.558,-1.0,-1.0,-1.0,-1.0,-1.0,-1.0,-1.0,-1.0,-1.0,-1.0,72.66,4.1864,2570,9421724
632,search,9095.11,3283.66,3807.36,0.981128,326.061,-nan,-nan,0.93269,0.0978042,-1.0,-1.0,42.644,4.18651,2572,9421724
633,insert,67.904,-1.0,-1.0,-1.0,-1.0,-1.0,-1.0,-1.0,-1.0,-1.0,-1.0,98.937,4.20004,2582,9461430
634,search,9159,3282.43,3832.8,0.92092,336.461,-nan,-nan,0.93299,0.0974583,-1.0,-1.0,34.94,4.20014,2584,9461430
635,insert,34.397,-1.0,-1.0,-1.0,-1.0,-1.0,-1.0,-1.0,-1.0,-1.0,-1.0,51.556,4.2067,2587,9479469
636,search,9097.27,3281.65,3765.01,0.964946,318.965,-nan,-nan,0.9331,0.0973854,-1.0,-1.0,38.435,4.20685,2589,9479469
637,insert,636.425,-1.0,-1.0,-1.0,-1.0,-1.0,-1.0,-1.0,-1.0,-1.0,-1.0,863.023,4.3964,2692,9885997
638,search,9415.43,3311.95,3899.64,0.954167,329.644,-nan,-nan,0.9351,0.0958871,-1.0,-1.0,216.011,4.39911,2714,9885997
639,insert,565.677,-1.0,-1.0,-1.0,-1.0,-1.0,-1.0,-1.0,-1.0,-1.0,-1.0,740.376,4.57865,2808,10292043
640,search,9941.9,3307.56,4179.87,0.91994,359.217,-nan,-nan,0.93724,0.0939594,-1.0,-1.0,139.276,4.57969,2820,10292043
641,delete,217.588,-1.0,-1.0,-1.0,-1.0,-1.0,-1.0,-1.0,-1.0,-1.0,-1.0,1833.86,4.49654,2758,10096584
642,search,9645.97,3306.26,4007.03,0.985974,337.27,-nan,-nan,0.93667,0.0943049,-1.0,-1.0,277.994,4.49996,2780,10096584
643,delete,13.049,-1.0,-1.0,-1.0,-1.0,-1.0,-1.0,-1.0,-1.0,-1.0,-1.0,45.929,4.49915,2779,10084840
644,search,9315.37,3287.58,3893.13,0.999192,318.117,-nan,-nan,0.93685,0.0942236,-1.0,-1.0,31.665,4.49944,2781,10084840
645,delete,17.857,-1.0,-1.0,-1.0,-1.0,-1.0,-1.0,-1.0,-1.0,-1.0,-1.0,18.44,4.49944,2781,10069802
646,search,9710.94,3277.38,4009.11,0.953299,344.175,-nan,-nan,0.93676,0.094291,-1.0,-1.0,25.873,4.49944,2781,10069802
647,delete,108.264,-1.0,-1.0,-1.0,-1.0,-1.0,-1.0,-1.0,-1.0,-1.0,-1.0,746.711,4.45895,2743,9990953
648,search,9745.07,3292.77,4083.91,0.926413,354.58,-nan,-nan,0.93599,0.0946826,-1.0,-1.0,122.649,4.46073,2752,9990953
649,delete,47.061,-1.0,-1.0,-1.0,-1.0,-1.0,-1.0,-1.0,-1.0,-1.0,-1.0,153.143,4.45433,2747,9951625
650,search,9597.89,3275.16,3955.58,0.97772,340.551,-nan,-nan,0.93601,0.0947069,-1.0,-1.0,26.18,4.45433,2747,9951625
651,delete,32.124,-1.0,-1.0,-1.0,-1.0,-1.0,-1.0,-1.0,-1.0,-1.0,-1.0,237.751,4.44308,2737,9927065
652,search,9674.43,3278.14,4048.95,0.952878,349.319,-nan,-nan,0.93563,0.0950678,-1.0,-1.0,42.675,4.44332,2738,9927065
653,delete,111.208,-1.0,-1.0,-1.0,-1.0,-1.0,-1.0,-1.0,-1.0,-1.0,-1.0,767.84,4.39339,2699,9831098
654,search,9559.78,3296.82,3997.68,0.923438,343.085,-nan,-nan,0.93507,0.0955935,-1.0,-1.0,97.221,4.39493,2706,9831098
655,delete,393.376,-1.0,-1.0,-1.0,-1.0,-1.0,-1.0,-1.0,-1.0,-1.0,-1.0,2648,4.22352,2553,9462172
656,search,9088.8,3337.81,3819.4,0.939661,323.689,-nan,-nan,0.93215,0.0989428,-1.0,-1.0,441.031,4.23052,2598,9462172
657,delete,248.831,-1.0,-1.0,-1.0,-1.0,-1.0,-1.0,-1.0,-1.0,-1.0,-1.0,805.843,4.14089,2500,9218902
658,search,8785.22,3312.64,3621.88,1.01696,306.948,-nan,-nan,0.92901,0.101543,-1.0,-1.0,121.603,4.14251,2510,9218902
659,delete,158.515,-1.0,-1.0,-1.0,-1.0,-1.0,-1.0,-1.0,-1.0,-1.0,-1.0,686.806,4.08757,2470,9106546
660,search,8589.87,3310.2,3516.63,1.01436,291.557,-nan,-nan,0.92807,0.102185,-1.0,-1.0,71.996,4.08802,2474,9106546
661,delete,62.917,-1.0,-1.0,-1.0,-1.0,-1.0,-1.0,-1.0,-1.0,-1.0,-1.0,177.053,4.07751,2466,9059776
662,search,8689.94,3292.71,3591.6,0.995117,308.226,-nan,-nan,0.92799,0.102562,-1.0,-1.0,24.414,4.07751,2466,9059776
663,delete,111.783,-1.0,-1.0,-1.0,-1.0,-1.0,-1.0,-1.0,-1.0,-1.0,-1.0,360.318,4.05513,2447,8990616
664,search,8712.99,3288.01,3651.25,0.900074,321.137,-nan,-nan,0.92703,0.10347,-1.0,-1.0,49.393,4.05522,2449,8990616
665,delete,61.884,-1.0,-1.0,-1.0,-1.0,-1.0,-1.0,-1.0,-1.0,-1.0,-1.0,368.893,4.03409,2437,8937437
666,search,8673.75,3284.6,3623.98,0.962454,319.77,-nan,-nan,0.9271,0.103282,-1.0,-1.0,56.773,4.03447,2440,8937437
667,delete,221.628,-1.0,-1.0,-1.0,-1.0,-1.0,-1.0,-1.0,-1.0,-1.0,-1.0,1216.57,3.94932,2368,8766390
668,search,8459.26,3307.04,3552.03,0.909869,310.033,-nan,-nan,0.92629,0.104205,-1.0,-1.0,162.889,3.95188,2382,8766390
669,delete,258.568,-1.0,-1.0,-1.0,-1.0,-1.0,-1.0,-1.0,-1.0,-1.0,-1.0,2073.57,3.83919,2268,8532008
670,search,8140.76,3360.68,3426.4,0.946264,293.12,-nan,-nan,0.92603,0.104299,-1.0,-1.0,383.893,3.84421,2304,8532008
671,delete,42.679,-1.0,-1.0,-1.0,-1.0,-1.0,-1.0,-1.0,-1.0,-1.0,-1.0,232.255,3.82834,2293,8489178
672,search,8180.28,3297.18,3408.37,0.931198,297.496,-nan,-nan,0.9259,0.104167,-1.0,-1.0,103.511,3.82927,2297,8489178
673,delete,81.055,-1.0,-1.0,-1.0,-1.0,-1.0,-1.0,-1.0,-1.0,-1.0,-1.0,319.232,3.79866,2276,8421866
674,search,8046.67,3295.45,3332.28,1.00095,287.387,-nan,-nan,0.92554,0.104397,-1.0,-1.0,86.08,3.79943,2281,8421866
675,delete,181.053,-1.0,-1.0,-1.0,-1.0,-1.0,-1.0,-1.0,-1.0,-1.0,-1.0,842.799,3.74487,2235,8288319
676,search,7904.63,3299.38,3254.47,0.975021,280.612,-nan,-nan,0.92489,0.105515,-1.0,-1.0,79.637,3.74522,2239,8288319
677,delete,246.514,-1.0,-1.0,-1.0,-1.0,-1.0,-1.0,-1.0,-1.0,-1.0,-1.0,454.167,3.66822,2213,8072197
678,search,7796.11,3264.86,3202.44,0.925357,275.602,-nan,-nan,0.92749,0.102292,-1.0,-1.0,102.958,3.66904,2219,8072197
679,delete,39.997,-1.0,-1.0,-1.0,-1.0,-1.0,-1.0,-1.0,-1.0,-1.0,-1.0,328.588,3.65016,2209,8036947
680,search,7760.4,3260.04,3169.25,0.9914,270.976,-nan,-nan,0.92761,0.102059,-1.0,-1.0,56.248,3.65058,2211,8036947
681,delete,12.87,-1.0,-1.0,-1.0,-1.0,-1.0,-1.0,-1.0,-1.0,-1.0,-1.0,31.684,3.65058,2211,8026197
682,search,7788.1,3254.69,3192.28,0.949667,273.708,-nan,-nan,0.92772,0.10182,-1.0,-1.0,31.897,3.65058,2211,8026197
683,delete,344.993,-1.0,-1.0,-1.0,-1.0,-1.0,-1.0,-1.0,-1.0,-1.0,-1.0,1739.17,3.53022,2099,7744229
684,search,7446.18,3308.5,3064.19,1.01988,267.961,-nan,-nan,0.92699,0.103042,-1.0,-1.0,233.063,3.53481,2123,7744229
685,delete,255.497,-1.0,-1.0,-1.0,-1.0,-1.0,-1.0,-1.0,-1.0,-1.0,-1.0,1413.79,3.43509,2027,7541066
686,search,7075.42,3338.17,2877.98,1.04052,236.815,-nan,-nan,0.92403,0.105621,-1.0,-1.0,449.89,3.44371,2073,7541066
687,delete,14.792,-1.0,-1.0,-1.0,-1.0,-1.0,-1.0,-1.0,-1.0,-1.0,-1.0,100.752,3.43771,2069,7522190
688,search,7141.55,3253.29,2879.69,1.08136,239.199,-nan,-nan,0.92397,0.105999,-1.0,-1.0,74.399,3.4378,2072,7522190
689,delete,152.383,-1.0,-1.0,-1.0,-1.0,-1.0,-1.0,-1.0,-1.0,-1.0,-1.0,550.761,3.38116,2034,7409400
690,search,7184.57,3265.98,2951.58,0.964671,250.458,-nan,-nan,0.92259,0.106918,-1.0,-1.0,112.715,3.38232,2041,7409400
691,delete,48.128,-1.0,-1.0,-1.0,-1.0,-1.0,-1.0,-1.0,-1.0,-1.0,-1.0,92.759,3.37629,2036,7375648
692,search,7133.73,3246.25,2904.7,0.989166,249.998,-nan,-nan,0.92278,0.106719,-1.0,-1.0,39.792,3.37637,2037,7375648
693,delete,227.718,-1.0,-1.0,-1.0,-1.0,-1.0,-1.0,-1.0,-1.0,-1.0,-1.0,591.912,3.30543,2007,7222068
694,search,6878.86,3228.44,2745.95,1.0217,229.58,-nan,-nan,0.9227,0.106788,-1.0,-1.0,41.252,3.30544,2008,7222068
695,delete,34.577,-1.0,-1.0,-1.0,-1.0,-1.0,-1.0,-1.0,-1.0,-1.0,-1.0,224.431,3.29162,2003,7196331
696,search,6997.54,3237.2,2837.33,0.98719,241.093,-nan,-nan,0.92377,0.105733,-1.0,-1.0,86.885,3.29243,2007,7196331
697,delete,33.48,-1.0,-1.0,-1.0,-1.0,-1.0,-1.0,-1.0,-1.0,-1.0,-1.0,170.132,3.28305,1999,7170716
698,search,7102.67,3224.74,2928.48,0.928866,264.564,-nan,-nan,0.92339,0.106288,-1.0,-1.0,40.712,3.28317,2000,7170716
699,delete,14.509,-1.0,-1.0,-1.0,-1.0,-1.0,-1.0,-1.0,-1.0,-1.0,-1.0,89.675,3.27644,1997,7155255
700,search,6927.19,3227.36,2785.67,0.967335,234.12,-nan,-nan,0.92383,0.105874,-1.0,-1.0,70.937,3.27691,2001,7155255
701,delete,74.228,-1.0,-1.0,-1.0,-1.0,-1.0,-1.0,-1.0,-1.0,-1.0,-1.0,135.817,3.26529,1994,7097733
702,search,6835.54,3201.78,2711.68,1.08648,225.869,-nan,-nan,0.92316,0.106502,-1.0,-1.0,37.848,3.26548,1995,7097733
703,delete,262.506,-1.0,-1.0,-1.0,-1.0,-1.0,-1.0,-1.0,-1.0,-1.0,-1.0,856.063,3.17323,1934,6924172
704,search,6632.87,3218.5,2642.62,1.0407,216.845,-nan,-nan,0.92275,0.106903,-1.0,-1.0,153.93,3.17563,1945,6924172
705,delete,27.772,-1.0,-1.0,-1.0,-1.0,-1.0,-1.0,-1.0,-1.0,-1.0,-1.0,127.647,3.1674,1936,6896276
706,search,6802.06,3205.79,2759.98,0.973302,236.047,-nan,-nan,0.92327,0.106137,-1.0,-1.0,60.425,3.16774,1939,6896276
707,delete,638.581,-1.0,-1.0,-1.0,-1.0,-1.0,-1.0,-1.0,-1.0,-1.0,-1.0,3396.94,2.8861,1661,6385507
708,search,6175.15,3510.99,2659.52,0.915727,234.345,-nan,-nan,0.91978,0.107625,-1.0,-1.0,916.921,2.90278,1773,6385507
709,delete,178.742,-1.0,-1.0,-1.0,-1.0,-1.0,-1.0,-1.0,-1.0,-1.0,-1.0,979.522,2.80925,1690,6207658
710,search,5934.96,3276.84,2517.29,0.936159,221.821,-nan,-nan,0.91581,0.110963,-1.0,-1.0,324.571,2.81528,1724,6207658
711,delete,49.498,-1.0,-1.0,-1.0,-1.0,-1.0,-1.0,-1.0,-1.0,-1.0,-1.0,241.066,2.79655,1713,6162720
712,search,5716.21,3182.24,2292.91,1.07444,183.238,-nan,-nan,0.91483,0.1117,-1.0,-1.0,86.556,2.79725,1719,6162720
713,delete,329.933,-1.0,-1.0,-1.0,-1.0,-1.0,-1.0,-1.0,-1.0,-1.0,-1.0,1253.69,2.67509,1639,5927803
714,search,5628.29,3209.1,2302.97,1.05357,196.002,-nan,-nan,0.91193,0.114737,-1.0,-1.0,99.351,2.67708,1651,5927803
715,delete,23.293,-1.0,-1.0,-1.0,-1.0,-1.0,-1.0,-1.0,-1.0,-1.0,-1.0,146.326,2.66421,1639,5895666
716,search,5657.55,3189.56,2399.94,0.941059,212.49,-nan,-nan,0.91173,0.115093,-1.0,-1.0,98.142,2.66562,1644,5895666
717,delete,31.932,-1.0,-1.0,-1.0,-1.0,-1.0,-1.0,-1.0,-1.0,-1.0,-1.0,100.692,2.65694,1637,5868774
718,search,5643.63,3182.37,2282.38,0.994469,190.666,-nan,-nan,0.91138,0.115746,-1.0,-1.0,25.864,2.65699,1639,5868774
719,delete,281.875,-1.0,-1.0,-1.0,-1.0,-1.0,-1.0,-1.0,-1.0,-1.0,-1.0,1706.61,2.49714,1470,5533540
720,search,5215.64,3365.4,2151.1,0.956341,182.325,-nan,-nan,0.90702,0.118125,-1.0,-1.0,460.029,2.50549,1515,5533540
721,delete,99.453,-1.0,-1.0,-1.0,-1.0,-1.0,-1.0,-1.0,-1.0,-1.0,-1.0,303.756,2.45168,1485,5418387
722,search,5066.1,3255.83,2205.46,0.923712,189.657,-nan,-nan,0.90554,0.119664,-1.0,-1.0,202.548,2.45331,1499,5418387
723,delete,18.613,-1.0,-1.0,-1.0,-1.0,-1.0,-1.0,-1.0,-1.0,-1.0,-1.0,76.981,2.44739,1494,5398291
724,search,5277.47,3209.83,2152.41,0.952442,188.22,-nan,-nan,0.90587,0.119432,-1.0,-1.0,140.266,2.44772,1500,5398291
725,delete,146.883,-1.0,-1.0,-1.0,-1.0,-1.0,-1.0,-1.0,-1.0,-1.0,-1.0,640.088,2.39318,1452,5273546
726,search,4987.36,3204.66,2116.23,0.919338,181.374,-nan,-nan,0.90319,0.121324,-1.0,-1.0,206.113,2.39437,1466,5273546
727,delete,104.103,-1.0,-1.0,-1.0,-1.0,-1.0,-1.0,-1.0,-1.0,-1.0,-1.0,559.546,2.34976,1420,5180937
728,search,5005.79,3224.46,2056.94,1.01626,178.183,-nan,-nan,0.90313,0.120974,-1.0,-1.0,205.656,2.35276,1443,5180937
729,delete,123.701,-1.0,-1.0,-1.0,-1.0,-1.0,-1.0,-1.0,-1.0,-1.0,-1.0,362.516,2.30332,1402,5079524
730,search,4861.51,3173.26,2036.11,0.941638,179.697,-nan,-nan,0.90119,0.121815,-1.0,-1.0,71.166,2.30503,1412,5079524
731,delete,42.817,-1.0,-1.0,-1.0,-1.0,-1.0,-1.0,-1.0,-1.0,-1.0,-1.0,206.033,2.28547,1396,5019265
732,search,4792.51,3131.57,2019.15,0.948738,175.901,-nan,-nan,0.90094,0.122367,-1.0,-1.0,32.216,2.28554,1398,5019265
733,delete,81.285,-1.0,-1.0,-1.0,-1.0,-1.0,-1.0,-1.0,-1.0,-1.0,-1.0,189.133,2.26634,1385,4955565
734,search,4810.11,3102.42,1925.99,0.990051,165.545,-nan,-nan,0.89995,0.123379,-1.0,-1.0,49.28,2.26686,1387,4955565
735,delete,200.653,-1.0,-1.0,-1.0,-1.0,-1.0,-1.0,-1.0,-1.0,-1.0,-1.0,593.938,2.17991,1340,4776948
736,search,4686.78,3217.05,1973.6,0.92489,168.102,-nan,-nan,0.90812,0.115023,-1.0,-1.0,97.832,2.18202,1351,4776948
737,delete,87.326,-1.0,-1.0,-1.0,-1.0,-1.0,-1.0,-1.0,-1.0,-1.0,-1.0,487.88,2.12778,1312,4654026
738,search,4519.28,3131.25,1901.16,0.945156,166.783,-nan,-nan,0.90378,0.118179,-1.0,-1.0,124.719,2.12884,1323,4654026
739,delete,65.781,-1.0,-1.0,-1.0,-1.0,-1.0,-1.0,-1.0,-1.0,-1.0,-1.0,310.02,2.09967,1304,4589888
740,search,4520.29,3103.79,1821.12,1.02824,154.008,-nan,-nan,0.90319,0.118758,-1.0,-1.0,73.66,2.10051,1308,4589888
741,delete,223.343,-1.0,-1.0,-1.0,-1.0,-1.0,-1.0,-1.0,-1.0,-1.0,-1.0,687.337,2.01808,1254,4430862
742,search,4355.51,3123.65,1732.2,1.02468,144.42,-nan,-nan,0.90281,0.119315,-1.0,-1.0,144.062,2.02066,1268,4430862
743,delete,130.975,-1.0,-1.0,-1.0,-1.0,-1.0,-1.0,-1.0,-1.0,-1.0,-1.0,882.123,1.9235,1194,4237049
744,search,4199.5,3158.27,1740.92,0.896037,151.911,-nan,-nan,0.90151,0.120762,-1.0,-1.0,317.96,1.92923,1219,4237049
745,delete,282.582,-1.0,-1.0,-1.0,-1.0,-1.0,-1.0,-1.0,-1.0,-1.0,-1.0,1143.26,1.80541,1119,4000195
746,search,3950,3219.77,1605.8,0.985772,137.949,-nan,-nan,0.8976,0.122308,-1.0,-1.0,255.591,1.80837,1142,4000195
747,delete,208.048,-1.0,-1.0,-1.0,-1.0,-1.0,-1.0,-1.0,-1.0,-1.0,-1.0,957.105,1.70946,1073,3803954
748,search,3915.35,3200.49,1621.58,0.913101,146.957,-nan,-nan,0.8953,0.123325,-1.0,-1.0,193.268,1.7128,1089,3803954
749,delete,82.513,-1.0,-1.0,-1.0,-1.0,-1.0,-1.0,-1.0,-1.0,-1.0,-1.0,212.06,1.68856,1069,3733214
750,search,3836.31,3154.33,1578.78,0.877801,135.642,-nan,-nan,0.89344,0.124756,-1.0,-1.0,52.054,1.68907,1071,3733214
751,delete,29.689,-1.0,-1.0,-1.0,-1.0,-1.0,-1.0,-1.0,-1.0,-1.0,-1.0,114.009,1.67885,1062,3709324
752,search,3770.38,3158.88,1523.88,0.964586,133.075,-nan,-nan,0.89302,0.12482,-1.0,-1.0,31.356,1.67912,1063,3709324
753,delete,84.481,-1.0,-1.0,-1.0,-1.0,-1.0,-1.0,-1.0,-1.0,-1.0,-1.0,254.955,1.64869,1041,3649123
754,search,3729.84,3172.58,1536.94,0.971186,133.044,-nan,-nan,0.89149,0.126626,-1.0,-1.0,46.117,1.64889,1043,3649123
755,delete,35.269,-1.0,-1.0,-1.0,-1.0,-1.0,-1.0,-1.0,-1.0,-1.0,-1.0,105.989,1.63976,1036,3621475
756,search,3679.84,3162.32,1481.41,1.02511,127.971,-nan,-nan,0.89225,0.125695,-1.0,-1.0,85.422,1.64084,1040,3621475
757,delete,32.849,-1.0,-1.0,-1.0,-1.0,-1.0,-1.0,-1.0,-1.0,-1.0,-1.0,89.63,1.62761,1034,3594479
758,search,3722.8,3149.65,1532.03,0.885333,136.826,-nan,-nan,0.89126,0.12634,-1.0,-1.0,42.611,1.62761,1035,3594479
759,delete,30.204,-1.0,-1.0,-1.0,-1.0,-1.0,-1.0,-1.0,-1.0,-1.0,-1.0,149.995,1.61305,1024,3569055
760,search,3711.2,3162.86,1532.54,0.920926,134.638,-nan,-nan,0.89122,0.126015,-1.0,-1.0,63.03,1.61392,1028,3569055
761,delete,52.999,-1.0,-1.0,-1.0,-1.0,-1.0,-1.0,-1.0,-1.0,-1.0,-1.0,107.032,1.59909,1018,3527896
762,search,3674.31,3141.54,1509.6,0.966863,129.099,-nan,-nan,0.89026,0.126915,-1.0,-1.0,18.227,1.59909,1018,3527896
763,delete,26.175,-1.0,-1.0,-1.0,-1.0,-1.0,-1.0,-1.0,-1.0,-1.0,-1.0,75.447,1.59218,1013,3509970
764,search,3641.66,3133.94,1495.75,0.907093,131.236,-nan,-nan,0.88937,0.127486,-1.0,-1.0,18.18,1.59218,1013,3509970
765,delete,510.968,-1.0,-1.0,-1.0,-1.0,-1.0,-1.0,-1.0,-1.0,-1.0,-1.0,1063.08,1.42964,881,3187549
766,search,3295.33,3320.29,1393.79,0.893897,124.094,-nan,-nan,0.88662,0.128795,-1.0,-1.0,197.499,1.43297,900,3187549
767,delete,490.407,-1.0,-1.0,-1.0,-1.0,-1.0,-1.0,-1.0,-1.0,-1.0,-1.0,1365.86,1.24934,733,2822906
768,search,2716.7,3527.14,1137.09,0.977732,97.0231,-nan,-nan,0.87531,0.138129,-1.0,-1.0,473.138,1.25893,783,2822906
769,insert,15.111,-1.0,-1.0,-1.0,-1.0,-1.0,-1.0,-1.0,-1.0,-1.0,-1.0,10.802,1.26179,783,2832899
770,search,2872.49,3271.73,1198.58,0.995883,101.445,-nan,-nan,0.87683,0.137203,-1.0,-1.0,56.456,1.26225,787,2832899
771,insert,46.494,-1.0,-1.0,-1.0,-1.0,-1.0,-1.0,-1.0,-1.0,-1.0,-1.0,87.718,1.27537,794,2863523
772,search,2948.49,3262.69,1238.96,0.881719,109.559,-nan,-nan,0.87816,0.136004,-1.0,-1.0,31.475,1.27553,796,2863523
773,insert,93.552,-1.0,-1.0,-1.0,-1.0,-1.0,-1.0,-1.0,-1.0,-1.0,-1.0,115.638,1.29805,806,2925169
774,search,2990.84,3303.88,1272.32,0.930932,109.366,-nan,-nan,0.87943,0.135069,-1.0,-1.0,58.015,1.29815,811,2925169
775,insert,53.55,-1.0,-1.0,-1.0,-1.0,-1.0,-1.0,-1.0,-1.0,-1.0,-1.0,89.013,1.31457,816,2961356
776,search,3037.12,3291.58,1285.71,0.905024,105.763,-nan,-nan,0.88021,0.135223,-1.0,-1.0,30.459,1.31474,818,2961356
777,insert,58.072,-1.0,-1.0,-1.0,-1.0,-1.0,-1.0,-1.0,-1.0,-1.0,-1.0,85.293,1.32966,826,2998678
778,search,3015.84,3299.7,1249.12,1.00098,109.006,-nan,-nan,0.88102,0.134273,-1.0,-1.0,25.782,1.32969,827,2998678
779,insert,20.436,-1.0,-1.0,-1.0,-1.0,-1.0,-1.0,-1.0,-1.0,-1.0,-1.0,36.608,1.33358,829,3011024
780,search,3014.03,3298.15,1246.7,0.976868,103.562,-nan,-nan,0.88197,0.133864,-1.0,-1.0,33.321,1.33396,831,3011024
781,insert,13.754,-1.0,-1.0,-1.0,-1.0,-1.0,-1.0,-1.0,-1.0,-1.0,-1.0,27.621,1.33712,833,3019515
782,search,3086.71,3288.45,1313.97,0.925489,110.587,-nan,-nan,0.88129,0.134572,-1.0,-1.0,14.607,1.33712,833,3019515
783,insert,107.026,-1.0,-1.0,-1.0,-1.0,-1.0,-1.0,-1.0,-1.0,-1.0,-1.0,158.094,1.36263,847,3082298
784,search,3149.25,3309.21,1339.96,0.937545,117.843,-nan,-nan,0.88256,0.133388,-1.0,-1.0,25.422,1.36274,848,3082298
785,insert,57.939,-1.0,-1.0,-1.0,-1.0,-1.0,-1.0,-1.0,-1.0,-1.0,-1.0,77.089,1.37973,853,3122090
786,search,3187.06,3331.58,1357.01,0.880487,121.091,-nan,-nan,0.88446,0.132369,-1.0,-1.0,51.038,1.3799,856,3122090
787,insert,44.613,-1.0,-1.0,-1.0,-1.0,-1.0,-1.0,-1.0,-1.0,-1.0,-1.0,66.366,1.38862,862,3140294
788,search,3203.84,3314.85,1363.36,0.879509,117.208,-nan,-nan,0.88468,0.132421,-1.0,-1.0,15.435,1.38862,862,3140294
789,insert,18.052,-1.0,-1.0,-1.0,-1.0,-1.0,-1.0,-1.0,-1.0,-1.0,-1.0,24.853,1.39165,863,3147819
790,search,3202.61,3319.15,1355.65,0.884131,114.052,-nan,-nan,0.88451,0.132673,-1.0,-1.0,13.812,1.39165,863,3147819
791,insert,59.499,-1.0,-1.0,-1.0,-1.0,-1.0,-1.0,-1.0,-1.0,-1.0,-1.0,56.935,1.40444,868,3180668
792,search,3151.96,3336.91,1303.25,1.02505,109.574,-nan,-nan,0.88512,0.132256,-1.0,-1.0,14.257,1.40444,868,3180668
793,insert,3.601,-1.0,-1.0,-1.0,-1.0,-1.0,-1.0,-1.0,-1.0,-1.0,-1.0,13.091,1.40549,868,3183235
794,search,3173.59,3338.48,1331.45,0.982895,112.068,-nan,-nan,0.8851,0.13227,-1.0,-1.0,14.158,1.40549,868,3183235
795,insert,108.945,-1.0,-1.0,-1.0,-1.0,-1.0,-1.0,-1.0,-1.0,-1.0,-1.0,138.501,1.43114,881,3242089
796,search,3273.06,3347.06,1396.94,0.917444,119.104,-nan,-nan,0.88497,0.132689,-1.0,-1.0,26.49,1.43122,882,3242089
797,insert,8.403,-1.0,-1.0,-1.0,-1.0,-1.0,-1.0,-1.0,-1.0,-1.0,-1.0,23.156,1.43276,883,3247192
798,search,3269.69,3343.06,1385.7,0.93564,124.171,-nan,-nan,0.88492,0.13288,-1.0,-1.0,14.171,1.43276,883,3247192
799,insert,21.171,-1.0,-1.0,-1.0,-1.0,-1.0,-1.0,-1.0,-1.0,-1.0,-1.0,24.446,1.4365,884,3254626
800,search,3239.99,3349.05,1364.26,0.928144,113.689,-nan,-nan,0.88496,0.13286,-1.0,-1.0,14.331,1.4365,884,3254626
801,insert,41.99,-1.0,-1.0,-1.0,-1.0,-1.0,-1.0,-1.0,-1.0,-1.0,-1.0,111.227,1.44574,893,3274953
802,search,3338.52,3334.96,1423.37,0.897877,121.546,-nan,-nan,0.88592,0.132115,-1.0,-1.0,61.6,1.44662,897,3274953
803,insert,1319.56,-1.0,-1.0,-1.0,-1.0,-1.0,-1.0,-1.0,-1.0,-1.0,-1.0,1492.12,1.80789,1045,4032688
804,search,3955.04,3586.04,1755.96,0.919145,151.07,-nan,-nan,0.89453,0.125222,-1.0,-1.0,599.469,1.81082,1107,4032688
805,insert,29.193,-1.0,-1.0,-1.0,-1.0,-1.0,-1.0,-1.0,-1.0,-1.0,-1.0,56.274,1.81963,1111,4050220
806,search,4107.15,3364.8,1751.44,0.923408,156.953,-nan,-nan,0.89566,0.124153,-1.0,-1.0,162.287,1.82008,1126,4050220
807,insert,24.215,-1.0,-1.0,-1.0,-1.0,-1.0,-1.0,-1.0,-1.0,-1.0,-1.0,70.174,1.82768,1131,4067940
808,search,4119.01,3317.57,1737,0.935885,147.661,-nan,-nan,0.89627,0.123533,-1.0,-1.0,66.288,1.82811,1137,4067940
809,insert,47.526,-1.0,-1.0,-1.0,-1.0,-1.0,-1.0,-1.0,-1.0,-1.0,-1.0,91.962,1.83993,1146,4099369
810,search,4110.38,3292.69,1707.16,0.962366,141.682,-nan,-nan,0.89647,0.12303,-1.0,-1.0,32.572,1.84028,1148,4099369
811,insert,47.788,-1.0,-1.0,-1.0,-1.0,-1.0,-1.0,-1.0,-1.0,-1.0,-1.0,66.324,1.8496,1155,4129509
812,search,4108.83,3297.03,1695.62,1.00192,139.028,-nan,-nan,0.8966,0.122933,-1.0,-1.0,35.432,1.85006,1157,4129509
813,insert,84.401,-1.0,-1.0,-1.0,-1.0,-1.0,-1.0,-1.0,-1.0,-1.0,-1.0,121.814,1.8675,1172,4178669
814,search,4247.29,3287.98,1779.47,0.909623,154.293,-nan,-nan,0.8984,0.121541,-1.0,-1.0,14.212,1.8675,1172,4178669
815,insert,4.012,-1.0,-1.0,-1.0,-1.0,-1.0,-1.0,-1.0,-1.0,-1.0,-1.0,12.159,1.86812,1172,4180960
816,search,4166.05,3288.41,1767.86,0.958176,153.946,-nan,-nan,0.89835,0.121585,-1.0,-1.0,9.166,1.86812,1172,4180960
817,insert,53.453,-1.0,-1.0,-1.0,-1.0,-1.0,-1.0,-1.0,-1.0,-1.0,-1.0,125.024,1.89503,1189,4255359
818,search,4173.4,3294.31,1824.37,0.930659,164.538,-nan,-nan,0.89893,0.121313,-1.0,-1.0,43.464,1.89565,1194,4255359
819,insert,23.605,-1.0,-1.0,-1.0,-1.0,-1.0,-1.0,-1.0,-1.0,-1.0,-1.0,27.929,1.90092,1196,4272706
820,search,4215.1,3291.88,1836.33,0.971918,156.09,-nan,-nan,0.89935,0.120874,-1.0,-1.0,35.885,1.90131,1198,4272706
821,insert,22.257,-1.0,-1.0,-1.0,-1.0,-1.0,-1.0,-1.0,-1.0,-1.0,-1.0,45.253,1.90882,1200,4287851
822,search,4232.66,3291.23,1843.67,0.917557,160.74,-nan,-nan,0.89988,0.120557,-1.0,-1.0,42.168,1.90929,1202,4287851
823,insert,46.029,-1.0,-1.0,-1.0,-1.0,-1.0,-1.0,-1.0,-1.0,-1.0,-1.0,73.245,1.92423,1207,4322788
824,search,4307.89,3295.01,1777.45,1.0256,151.129,-nan,-nan,0.89929,0.1212,-1.0,-1.0,45.685,1.92456,1209,4322788
825,insert,117.736,-1.0,-1.0,-1.0,-1.0,-1.0,-1.0,-1.0,-1.0,-1.0,-1.0,174.173,1.95508,1225,4396408
826,search,4356.31,3294.59,1792.33,1.02452,147.836,-nan,-nan,0.90016,0.12039,-1.0,-1.0,40.736,1.95556,1228,4396408
827,insert,24.769,-1.0,-1.0,-1.0,-1.0,-1.0,-1.0,-1.0,-1.0,-1.0,-1.0,32.727,1.96276,1230,4415721
828,search,4290.6,3287.46,1720.53,1.01926,139.704,-nan,-nan,0.89985,0.120601,-1.0,-1.0,29.51,1.96282,1231,4415721
829,insert,509.979,-1.0,-1.0,-1.0,-1.0,-1.0,-1.0,-1.0,-1.0,-1.0,-1.0,938.835,2.16135,1339,4832079
830,search,4720.21,3302.54,1933.5,0.98671,160.24,-nan,-nan,0.90402,0.119484,-1.0,-1.0,226.112,2.16324,1361,4832079
831,insert,46.498,-1.0,-1.0,-1.0,-1.0,-1.0,-1.0,-1.0,-1.0,-1.0,-1.0,74.658,2.17477,1368,4864525
832,search,4742.23,3249.95,2011.67,0.91734,172.355,-nan,-nan,0.90462,0.119129,-1.0,-1.0,33.322,2.17512,1371,4864525
833,insert,7.248,-1.0,-1.0,-1.0,-1.0,-1.0,-1.0,-1.0,-1.0,-1.0,-1.0,25.989,2.17674,1374,4874443
834,search,4810.25,3241.06,2082.09,0.923987,180.818,-nan,-nan,0.90469,0.11905,-1.0,-1.0,16.226,2.17674,1374,4874443
835,insert,101.847,-1.0,-1.0,-1.0,-1.0,-1.0,-1.0,-1.0,-1.0,-1.0,-1.0,153.998,2.20278,1391,4938267
836,search,4816.55,3248.8,1940.92,1.01293,163.212,-nan,-nan,0.90528,0.118381,-1.0,-1.0,27.586,2.20294,1392,4938267
837,insert,23.761,-1.0,-1.0,-1.0,-1.0,-1.0,-1.0,-1.0,-1.0,-1.0,-1.0,14.383,2.20761,1392,4961147
838,search,4831.9,3260.72,1946.46,1.00984,159.069,-nan,-nan,0.90517,0.118636,-1.0,-1.0,15.68,2.20761,1392,4961147
839,insert,77.766,-1.0,-1.0,-1.0,-1.0,-1.0,-1.0,-1.0,-1.0,-1.0,-1.0,96.515,2.24071,1409,5033740
840,search,4866.19,3276.73,2114.95,0.959087,180.5,-nan,-nan,0.907,0.117484,-1.0,-1.0,75.82,2.24136,1416,5033740
841,insert,71.438,-1.0,-1.0,-1.0,-1.0,-1.0,-1.0,-1.0,-1.0,-1.0,-1.0,60.774,2.25922,1421,5078736
842,search,4951.91,3274.4,2007.42,1.00925,169.264,-nan,-nan,0.90719,0.117427,-1.0,-1.0,37.296,2.25933,1423,5078736
843,insert,523.905,-1.0,-1.0,-1.0,-1.0,-1.0,-1.0,-1.0,-1.0,-1.0,-1.0,696.301,2.43231,1513,5467376
844,search,5310.44,3318.26,2185.3,0.983241,181.994,-nan,-nan,0.90989,0.115561,-1.0,-1.0,261.173,2.43513,1536,5467376
845,insert,403.395,-1.0,-1.0,-1.0,-1.0,-1.0,-1.0,-1.0,-1.0,-1.0,-1.0,671.019,2.59483,1618,5815547
846,search,5593.13,3317.35,2266.97,1.03329,185.94,-nan,-nan,0.91429,0.113114,-1.0,-1.0,152.873,2.59569,1632,5815547
847,insert,8.305,-1.0,-1.0,-1.0,-1.0,-1.0,-1.0,-1.0,-1.0,-1.0,-1.0,16.698,2.59744,1632,5821782
848,search,5513.69,3292.98,2256.71,1.03303,180.017,-nan,-nan,0.9143,0.11294,-1.0,-1.0,50.94,2.59744,1636,5821782
849,insert,3.287,-1.0,-1.0,-1.0,-1.0,-1.0,-1.0,-1.0,-1.0,-1.0,-1.0,16.437,2.59799,1636,5825594
850,search,4999.02,3284.82,2361.3,1.03238,190.633,-nan,-nan,0.91445,0.112822,-1.0,-1.0,16.462,2.59821,1637,5825594
851,insert,5.925,-1.0,-1.0,-1.0,-1.0,-1.0,-1.0,-1.0,-1.0,-1.0,-1.0,26.711,2.60192,1640,5834880
852,search,5576.8,3283.64,2332.64,1.05082,188.839,-nan,-nan,0.91452,0.112841,-1.0,-1.0,42.859,2.60244,1641,5834880
853,insert,41.654,-1.0,-1.0,-1.0,-1.0,-1.0,-1.0,-1.0,-1.0,-1.0,-1.0,45.563,2.61223,1643,5860274
854,search,5818.24,3292.92,2494.25,0.916033,225.314,-nan,-nan,0.9148,0.112683,-1.0,-1.0,30.451,2.61227,1644,5860274
855,insert,11.595,-1.0,-1.0,-1.0,-1.0,-1.0,-1.0,-1.0,-1.0,-1.0,-1.0,29.191,2.61362,1645,5866064
856,search,5809.71,3293.4,2398.37,0.962088,203.074,-nan,-nan,0.91484,0.112508,-1.0,-1.0,19.149,2.61362,1645,5866064
857,insert,26.349,-1.0,-1.0,-1.0,-1.0,-1.0,-1.0,-1.0,-1.0,-1.0,-1.0,46.176,2.61922,1648,5884456
858,search,5758.67,3299.35,2484.32,0.951832,221.426,-nan,-nan,0.91471,0.112715,-1.0,-1.0,19.522,2.61922,1648,5884456
859,insert,49.066,-1.0,-1.0,-1.0,-1.0,-1.0,-1.0,-1.0,-1.0,-1.0,-1.0,136.789,2.6314,1660,5916786
860,search,5845.32,3291.79,2408.54,0.977346,204.7,-nan,-nan,0.91482,0.112543,-1.0,-1.0,28.226,2.63157,1661,5916786
861,insert,15.435,-1.0,-1.0,-1.0,-1.0,-1.0,-1.0,-1.0,-1.0,-1.0,-1.0,16.76,2.63399,1661,5923467
862,search,5738.55,3294.19,2488.64,0.917706,218.751,-nan,-nan,0.9148,0.112568,-1.0,-1.0,36.327,2.63425,1662,5923467
863,insert,104.693,-1.0,-1.0,-1.0,-1.0,-1.0,-1.0,-1.0,-1.0,-1.0,-1.0,151.244,2.6673,1676,5997844
864,search,5818.18,3300.26,2422.45,0.953566,201.917,-nan,-nan,0.91374,0.114248,-1.0,-1.0,44.908,2.66783,1682,5997844
865,insert,10.728,-1.0,-1.0,-1.0,-1.0,-1.0,-1.0,-1.0,-1.0,-1.0,-1.0,32.945,2.67141,1685,6009561
866,search,5673.55,3289.61,2450.85,1.04521,208.034,-nan,-nan,0.91357,0.114376,-1.0,-1.0,18.144,2.67141,1685,6009561
867,insert,70.412,-1.0,-1.0,-1.0,-1.0,-1.0,-1.0,-1.0,-1.0,-1.0,-1.0,106.844,2.68983,1696,6052876
868,search,5831.31,3286.33,2422.45,1.06762,201.136,-nan,-nan,0.91408,0.11392,-1.0,-1.0,27.101,2.69001,1698,6052876
869,insert,5.054,-1.0,-1.0,-1.0,-1.0,-1.0,-1.0,-1.0,-1.0,-1.0,-1.0,20.128,2.692,1699,6059234
870,search,5941.35,3281.35,2565.06,0.949293,224.649,-nan,-nan,0.9139,0.114053,-1.0,-1.0,18.169,2.692,1699,6059234
871,insert,67.132,-1.0,-1.0,-1.0,-1.0,-1.0,-1.0,-1.0,-1.0,-1.0,-1.0,98.353,2.71167,1706,6098225
872,search,5918.17,3284.25,2484.84,0.987154,211.227,-nan,-nan,0.91391,0.11407,-1.0,-1.0,37.946,2.71191,1708,6098225
873,insert,65.028,-1.0,-1.0,-1.0,-1.0,-1.0,-1.0,-1.0,-1.0,-1.0,-1.0,65.355,2.728,1713,6137308
874,search,6093.23,3287.1,2548.37,0.944851,218.922,-nan,-nan,0.91415,0.113946,-1.0,-1.0,41.397,2.72831,1716,6137308
875,insert,27.522,-1.0,-1.0,-1.0,-1.0,-1.0,-1.0,-1.0,-1.0,-1.0,-1.0,41.383,2.73491,1718,6154089
876,search,5938.3,3280.18,2475.92,1.01872,207.334,-nan,-nan,0.91431,0.114022,-1.0,-1.0,43.872,2.73538,1720,6154089
877,insert,1.247,-1.0,-1.0,-1.0,-1.0,-1.0,-1.0,-1.0,-1.0,-1.0,-1.0,17.398,2.73538,1720,6156061
878,search,5996.48,3278.76,2446.63,1.02037,201.245,-nan,-nan,0.91432,0.11407,-1.0,-1.0,21.26,2.73538,1720,6156061
879,insert,381.713,-1.0,-1.0,-1.0,-1.0,-1.0,-1.0,-1.0,-1.0,-1.0,-1.0,562.948,2.86652,1774,6446004
880,search,6206.05,3323.15,2539.18,1.01071,211.29,-nan,-nan,0.91595,0.113047,-1.0,-1.0,252.891,2.86869,1800,6446004
881,insert,618.207,-1.0,-1.0,-1.0,-1.0,-1.0,-1.0,-1.0,-1.0,-1.0,-1.0,722.392,3.10055,1893,6969764
882,search,6544.4,3364.9,2859.76,0.957884,250.627,-nan,-nan,0.919,0.110036,-1.0,-1.0,295.054,3.10513,1925,6969764
883,insert,522.298,-1.0,-1.0,-1.0,-1.0,-1.0,-1.0,-1.0,-1.0,-1.0,-1.0,836.883,3.30137,2034,7422501
884,search,6926.79,3348.38,2916.95,1.03984,242.016,-nan,-nan,0.92245,0.107041,-1.0,-1.0,189.052,3.30575,2069,7422501
885,insert,7.92,-1.0,-1.0,-1.0,-1.0,-1.0,-1.0,-1.0,-1.0,-1.0,-1.0,15.374,3.30958,2069,7432053
886,search,7124.19,3296.04,2998.04,0.982795,253.085,-nan,-nan,0.92316,0.10638,-1.0,-1.0,66.484,3.31014,2074,7432053
887,insert,494.913,-1.0,-1.0,-1.0,-1.0,-1.0,-1.0,-1.0,-1.0,-1.0,-1.0,631.358,3.46521,2151,7789886
888,search,7693.01,3306.91,3241.41,0.952449,289.456,-nan,-nan,0.92506,0.105464,-1.0,-1.0,265.571,3.4691,2179,7789886
889,insert,563.434,-1.0,-1.0,-1.0,-1.0,-1.0,-1.0,-1.0,-1.0,-1.0,-1.0,780.283,3.65742,2275,8210883
890,search,8017.01,3292.22,3325.65,0.983852,287.081,-nan,-nan,0.92712,0.10434,-1.0,-1.0,259.332,3.66144,2306,8210883
891,insert,39.86,-1.0,-1.0,-1.0,-1.0,-1.0,-1.0,-1.0,-1.0,-1.0,-1.0,47.997,3.66902,2309,8240504
892,search,7992.98,3249.05,3252.46,0.974783,271.663,-nan,-nan,0.92737,0.104403,-1.0,-1.0,83.785,3.66996,2314,8240504
893,insert,60.129,-1.0,-1.0,-1.0,-1.0,-1.0,-1.0,-1.0,-1.0,-1.0,-1.0,75.148,3.686,2319,8299693
894,search,8117.78,3251.6,3317.01,0.999886,280.084,-nan,-nan,0.92751,0.104143,-1.0,-1.0,42.049,3.68622,2320,8299693
895,insert,69.983,-1.0,-1.0,-1.0,-1.0,-1.0,-1.0,-1.0,-1.0,-1.0,-1.0,136.821,3.70384,2333,8349126
896,search,8113.74,3253.71,3302.22,1.00195,276.903,-nan,-nan,0.92801,0.103786,-1.0,-1.0,32.913,3.70384,2333,8349126
897,delete,107.01,-1.0,-1.0,-1.0,-1.0,-1.0,-1.0,-1.0,-1.0,-1.0,-1.0,365.217,3.67093,2315,8268842
898,search,8074.13,3253.85,3288.01,0.999854,274.309,-nan,-nan,0.92779,0.104051,-1.0,-1.0,81.474,3.67193,2321,8268842
899,delete,22.77,-1.0,-1.0,-1.0,-1.0,-1.0,-1.0,-1.0,-1.0,-1.0,-1.0,108.085,3.6675,2317,8250527
900,search,8088.5,3242.6,3292.28,0.962454,281.626,-nan,-nan,0.92761,0.104164,-1.0,-1.0,30.915,3.6675,2317,8250527
901,delete,83.667,-1.0,-1.0,-1.0,-1.0,-1.0,-1.0,-1.0,-1.0,-1.0,-1.0,287.098,3.64756,2298,8185565
902,search,8154.12,3241.14,3387.37,0.908795,300.697,-nan,-nan,0.92688,0.104648,-1.0,-1.0,61.751,3.64789,2301,8185565
903,delete,69.543,-1.0,-1.0,-1.0,-1.0,-1.0,-1.0,-1.0,-1.0,-1.0,-1.0,218.688,3.61996,2283,8126915
904,search,8034.43,3238.69,3300.78,0.946933,285.974,-nan,-nan,0.92564,0.10492,-1.0,-1.0,29.656,3.61996,2283,8126915
905,delete,36.536,-1.0,-1.0,-1.0,-1.0,-1.0,-1.0,-1.0,-1.0,-1.0,-1.0,115.761,3.61443,2277,8098533
906,search,7945.63,3233.05,3247.51,0.939565,278.312,-nan,-nan,0.92546,0.104989,-1.0,-1.0,29.345,3.61443,2277,8098533
907,delete,29.764,-1.0,-1.0,-1.0,-1.0,-1.0,-1.0,-1.0,-1.0,-1.0,-1.0,225.379,3.6035,2270,8074833
908,search,7925.06,3233.93,3241.39,0.978235,280.245,-nan,-nan,0.92526,0.105143,-1.0,-1.0,115.45,3.60473,2276,8074833
909,delete,46.568,-1.0,-1.0,-1.0,-1.0,-1.0,-1.0,-1.0,-1.0,-1.0,-1.0,91.035,3.60011,2273,8035274
910,search,7785.41,3215.71,3106.96,1.06291,260.183,-nan,-nan,0.92549,0.105064,-1.0,-1.0,59.935,3.60048,2275,8035274
911,delete,119.353,-1.0,-1.0,-1.0,-1.0,-1.0,-1.0,-1.0,-1.0,-1.0,-1.0,241.704,3.58123,2261,7957223
912,search,7854.02,3197.13,3179.16,0.976882,274.541,-nan,-nan,0.92478,0.105723,-1.0,-1.0,31.974,3.58123,2261,7957223
913,delete,57.601,-1.0,-1.0,-1.0,-1.0,-1.0,-1.0,-1.0,-1.0,-1.0,-1.0,290.935,3.56155,2243,7917554
914,search,7864.08,3207.09,3205.65,0.979685,278.804,-nan,-nan,0.92357,0.106165,-1.0,-1.0,111.485,3.56304,2249,7917554
915,delete,81.007,-1.0,-1.0,-1.0,-1.0,-1.0,-1.0,-1.0,-1.0,-1.0,-1.0,313.246,3.53708,2227,7861503
916,search,7803.9,3202.53,3182.93,0.976423,278.074,-nan,-nan,0.92276,0.107216,-1.0,-1.0,62.28,3.53754,2230,7861503
917,delete,23.842,-1.0,-1.0,-1.0,-1.0,-1.0,-1.0,-1.0,-1.0,-1.0,-1.0,129.825,3.53248,2227,7844487
918,search,7632.59,3198.26,3128.41,0.997114,268.273,-nan,-nan,0.92286,0.107006,-1.0,-1.0,29.288,3.53248,2227,7844487
919,delete,37.034,-1.0,-1.0,-1.0,-1.0,-1.0,-1.0,-1.0,-1.0,-1.0,-1.0,85.072,3.5276,2223,7814993
920,search,7583.42,3188.16,3091.53,1.02796,264.319,-nan,-nan,0.92292,0.107079,-1.0,-1.0,40.259,3.52784,2224,7814993
921,delete,29.02,-1.0,-1.0,-1.0,-1.0,-1.0,-1.0,-1.0,-1.0,-1.0,-1.0,190.299,3.5179,2218,7793855
922,search,7596.54,3189.39,3111.35,0.963566,267.746,-nan,-nan,0.9229,0.10725,-1.0,-1.0,42.209,3.51818,2219,7793855
923,delete,69.475,-1.0,-1.0,-1.0,-1.0,-1.0,-1.0,-1.0,-1.0,-1.0,-1.0,248.205,3.50086,2206,7736054
924,search,7521.33,3177.53,3082.05,0.961771,258.391,-nan,-nan,0.92273,0.107332,-1.0,-1.0,46.193,3.5013,2208,7736054
925,delete,177.43,-1.0,-1.0,-1.0,-1.0,-1.0,-1.0,-1.0,-1.0,-1.0,-1.0,765.301,3.42751,2151,7587942
926,search,7351.42,3190.16,2988.32,0.992236,251.693,-nan,-nan,0.92175,0.107907,-1.0,-1.0,149.963,3.42879,2160,7587942
927,delete,33.092,-1.0,-1.0,-1.0,-1.0,-1.0,-1.0,-1.0,-1.0,-1.0,-1.0,60.499,3.42569,2157,7565670
928,search,7385.68,3171.99,3020.81,0.965283,251.215,-nan,-nan,0.92136,0.10823,-1.0,-1.0,30.691,3.42569,2157,7565670
929,delete,61.15,-1.0,-1.0,-1.0,-1.0,-1.0,-1.0,-1.0,-1.0,-1.0,-1.0,180.051,3.41487,2148,7529948
930,search,7296.59,3168.95,2964.01,1.03978,256.231,-nan,-nan,0.92134,0.108231,-1.0,-1.0,26.125,3.41487,2148,7529948
931,delete,478.48,-1.0,-1.0,-1.0,-1.0,-1.0,-1.0,-1.0,-1.0,-1.0,-1.0,3311.49,3.16362,1892,7016700
932,search,6697.84,3342.03,2877.13,0.903922,254.159,-nan,-nan,0.91973,0.10893,-1.0,-1.0,568.619,3.1745,1954,7016700
933,delete,23.057,-1.0,-1.0,-1.0,-1.0,-1.0,-1.0,-1.0,-1.0,-1.0,-1.0,119.944,3.16085,1946,6980979
934,search,6714.43,3222.34,2858.92,0.921249,254.983,-nan,-nan,0.92039,0.107853,-1.0,-1.0,145.23,3.16216,1957,6980979
935,delete,25.269,-1.0,-1.0,-1.0,-1.0,-1.0,-1.0,-1.0,-1.0,-1.0,-1.0,248.98,3.14955,1948,6954250
936,search,6709.16,3208.5,2775.81,0.985029,237.485,-nan,-nan,0.92031,0.107893,-1.0,-1.0,90.886,3.15102,1952,6954250
937,delete,32.051,-1.0,-1.0,-1.0,-1.0,-1.0,-1.0,-1.0,-1.0,-1.0,-1.0,133.949,3.14085,1944,6924596
938,search,6663.56,3205.81,2744.8,1.01366,228.985,-nan,-nan,0.92017,0.108189,-1.0,-1.0,43.405,3.14133,1947,6924596
939,delete,129.532,-1.0,-1.0,-1.0,-1.0,-1.0,-1.0,-1.0,-1.0,-1.0,-1.0,605.188,3.0938,1902,6784831
940,search,6521.43,3200.31,2599.81,1.0319,213.406,-nan,-nan,0.91993,0.108758,-1.0,-1.0,62.355,3.09503,1910,6784831
941,delete,25.125,-1.0,-1.0,-1.0,-1.0,-1.0,-1.0,-1.0,-1.0,-1.0,-1.0,28.633,3.09278,1908,6745819
942,search,6057.95,3160.23,2638.82,1.00439,224.668,-nan,-nan,0.91899,0.109367,-1.0,-1.0,15.516,3.09278,1908,6745819
943,delete,2.633,-1.0,-1.0,-1.0,-1.0,-1.0,-1.0,-1.0,-1.0,-1.0,-1.0,25.605,3.09182,1907,6740944
944,search,5504.76,3158.82,2594.97,0.966075,208.419,-nan,-nan,0.91863,0.109577,-1.0,-1.0,15.307,3.09182,1907,6740944
945,delete,76.567,-1.0,-1.0,-1.0,-1.0,-1.0,-1.0,-1.0,-1.0,-1.0,-1.0,681.426,3.01797,1844,6627202
946,search,6479.5,3215.93,2687.87,0.941706,227.006,-nan,-nan,0.91736,0.110218,-1.0,-1.0,204.152,3.02129,1862,6627202
947,delete,25.394,-1.0,-1.0,-1.0,-1.0,-1.0,-1.0,-1.0,-1.0,-1.0,-1.0,47.344,3.0179,1860,6607194
948,search,6027.77,3167.16,2668.15,0.91248,227.992,-nan,-nan,0.91686,0.110702,-1.0,-1.0,42.133,3.01857,1863,6607194
949,delete,40.603,-1.0,-1.0,-1.0,-1.0,-1.0,-1.0,-1.0,-1.0,-1.0,-1.0,141.827,2.99561,1851,6551065
950,search,6404.01,3155.74,2612.58,0.940302,221.198,-nan,-nan,0.91657,0.110803,-1.0,-1.0,35.622,2.99588,1852,6551065
951,delete,42.784,-1.0,-1.0,-1.0,-1.0,-1.0,-1.0,-1.0,-1.0,-1.0,-1.0,151.022,2.97454,1839,6506798
952,search,6362.57,3157.42,2665.3,0.89236,233.043,-nan,-nan,0.9171,0.110359,-1.0,-1.0,52.017,2.97467,1841,6506798
953,delete,68.291,-1.0,-1.0,-1.0,-1.0,-1.0,-1.0,-1.0,-1.0,-1.0,-1.0,209.461,2.95841,1833,6459301
954,search,6194.95,3148.65,2540.95,0.956064,214.564,-nan,-nan,0.91648,0.110686,-1.0,-1.0,23.784,2.95841,1833,6459301
955,delete,24.091,-1.0,-1.0,-1.0,-1.0,-1.0,-1.0,-1.0,-1.0,-1.0,-1.0,32.782,2.95034,1831,6440069
956,search,6374.56,3147.56,2579.81,0.96323,216.39,-nan,-nan,0.91687,0.110172,-1.0,-1.0,22.646,2.95034,1831,6440069
957,delete,370.613,-1.0,-1.0,-1.0,-1.0,-1.0,-1.0,-1.0,-1.0,-1.0,-1.0,1512.16,2.79081,1703,6132470
958,search,5997.66,3222.53,2436.98,0.979421,203.501,-nan,-nan,0.91351,0.112397,-1.0,-1.0,269.536,2.79636,1728,6132470
959,delete,50.178,-1.0,-1.0,-1.0,-1.0,-1.0,-1.0,-1.0,-1.0,-1.0,-1.0,82.837,2.78235,1718,6086241
960,search,5663.35,3166.32,2371.64,1.01319,195.826,-nan,-nan,0.91224,0.113599,-1.0,-1.0,53.578,2.78275,1721,6086241
961,delete,26.244,-1.0,-1.0,-1.0,-1.0,-1.0,-1.0,-1.0,-1.0,-1.0,-1.0,77.374,2.77777,1716,6064734
962,search,5330.47,3158.4,2401.35,1.00028,197.055,-nan,-nan,0.91262,0.113105,-1.0,-1.0,23.055,2.77777,1717,6064734
963,delete,105.844,-1.0,-1.0,-1.0,-1.0,-1.0,-1.0,-1.0,-1.0,-1.0,-1.0,670.609,2.7184,1663,5967543
964,search,5522.16,3215.08,2440.74,0.924841,210.347,-nan,-nan,0.91166,0.113295,-1.0,-1.0,82.222,2.72035,1677,5967543
965,delete,40.779,-1.0,-1.0,-1.0,-1.0,-1.0,-1.0,-1.0,-1.0,-1.0,-1.0,170.586,2.69087,1655,5906381
966,search,5595.88,3184.75,2305.39,0.980491,194.997,-nan,-nan,0.9106,0.114366,-1.0,-1.0,91.981,2.69247,1664,5906381
967,delete,49.146,-1.0,-1.0,-1.0,-1.0,-1.0,-1.0,-1.0,-1.0,-1.0,-1.0,226.633,2.67365,1649,5851849
968,search,5579.82,3158.03,2366.47,0.909297,199.373,-nan,-nan,0.9098,0.114781,-1.0,-1.0,42.222,2.67401,1651,5851849
969,delete,66.303,-1.0,-1.0,-1.0,-1.0,-1.0,-1.0,-1.0,-1.0,-1.0,-1.0,170.778,2.64791,1640,5783023
970,search,5641.13,3146.2,2249.6,1.04527,183.558,-nan,-nan,0.90893,0.115404,-1.0,-1.0,19.418,2.64791,1640,5783023
971,delete,336.887,-1.0,-1.0,-1.0,-1.0,-1.0,-1.0,-1.0,-1.0,-1.0,-1.0,1244.59,2.51385,1518,5496517
972,search,5448.45,3230.97,2250.63,0.918068,186.2,-nan,-nan,0.90756,0.116626,-1.0,-1.0,349.087,2.51878,1552,5496517
973,delete,285.464,-1.0,-1.0,-1.0,-1.0,-1.0,-1.0,-1.0,-1.0,-1.0,-1.0,1018.7,2.39619,1449,5237981
974,search,4935.48,3210.28,2129.86,0.943171,185.561,-nan,-nan,0.9045,0.119436,-1.0,-1.0,350.097,2.40256,1482,5237981
975,delete,181.318,-1.0,-1.0,-1.0,-1.0,-1.0,-1.0,-1.0,-1.0,-1.0,-1.0,501.32,2.32805,1416,5099794
976,search,4721.16,3199.4,2038.06,1.01523,167.26,-nan,-nan,0.90304,0.119631,-1.0,-1.0,101.611,2.33056,1436,5099794
977,delete,38.095,-1.0,-1.0,-1.0,-1.0,-1.0,-1.0,-1.0,-1.0,-1.0,-1.0,177.039,2.30081,1415,5032210
978,search,4768.35,3141.31,1957.72,0.990747,161.444,-nan,-nan,0.90137,0.120592,-1.0,-1.0,39.032,2.30135,1419,5032210
979,delete,9.386,-1.0,-1.0,-1.0,-1.0,-1.0,-1.0,-1.0,-1.0,-1.0,-1.0,25.359,2.29791,1417,5020211
980,search,4681.12,3126.39,1953.15,0.982788,159.179,-nan,-nan,0.90147,0.120695,-1.0,-1.0,17.881,2.29791,1417,5020211
981,delete,151.79,-1.0,-1.0,-1.0,-1.0,-1.0,-1.0,-1.0,-1.0,-1.0,-1.0,500.331,2.23675,1377,4902291
982,search,4755.27,3141.65,1989.99,0.982125,165.793,-nan,-nan,0.89886,0.122328,-1.0,-1.0,63.963,2.23768,1381,4902291
983,delete,38.134,-1.0,-1.0,-1.0,-1.0,-1.0,-1.0,-1.0,-1.0,-1.0,-1.0,51.482,2.23312,1378,4872577
984,search,4784,3117.67,1920.96,1.05989,160.374,-nan,-nan,0.89864,0.122252,-1.0,-1.0,18,2.23312,1378,4872577
985,delete,51.766,-1.0,-1.0,-1.0,-1.0,-1.0,-1.0,-1.0,-1.0,-1.0,-1.0,148.472,2.22007,1367,4836730
986,search,4818.29,3112.1,1957.1,0.965964,169.206,-nan,-nan,0.89839,0.122823,-1.0,-1.0,38.186,2.22033,1369,4836730
987,delete,46.385,-1.0,-1.0,-1.0,-1.0,-1.0,-1.0,-1.0,-1.0,-1.0,-1.0,101.708,2.20976,1360,4797164
988,search,4780.68,3093.87,1931.25,0.944867,164.328,-nan,-nan,0.89798,0.123455,-1.0,-1.0,39.799,2.20997,1362,4797164
989,delete,16.727,-1.0,-1.0,-1.0,-1.0,-1.0,-1.0,-1.0,-1.0,-1.0,-1.0,15.561,2.20934,1362,4784789
990,search,4809.28,3082.73,1964.96,0.950913,163.932,-nan,-nan,0.89771,0.123738,-1.0,-1.0,16.827,2.20934,1362,4784789
991,delete,100.099,-1.0,-1.0,-1.0,-1.0,-1.0,-1.0,-1.0,-1.0,-1.0,-1.0,398.417,2.17137,1331,4705420
992,search,4739.41,3144.54,1933.05,0.938592,164.542,-nan,-nan,0.90188,0.121299,-1.0,-1.0,151.635,2.17357,1342,4705420
993,delete,103.314,-1.0,-1.0,-1.0,-1.0,-1.0,-1.0,-1.0,-1.0,-1.0,-1.0,249.255,2.13586,1321,4621807
994,search,4666.38,3088.42,1900.98,0.923779,165.871,-nan,-nan,0.89891,0.123056,-1.0,-1.0,93.2,2.13629,1329,4621807
995,delete,87.906,-1.0,-1.0,-1.0,-1.0,-1.0,-1.0,-1.0,-1.0,-1.0,-1.0,381.372,2.09667,1300,4555849
996,search,4604.49,3086.99,1880.12,0.907386,158.568,-nan,-nan,0.89785,0.123605,-1.0,-1.0,76.485,2.09763,1307,4555849
997,delete,31.707,-1.0,-1.0,-1.0,-1.0,-1.0,-1.0,-1.0,-1.0,-1.0,-1.0,144.24,2.08419,1301,4526975
998,search,4513.21,3064.2,1794.3,0.941411,149.117,-nan,-nan,0.89774,0.123485,-1.0,-1.0,66.534,2.08516,1305,4526975
999,delete,133.73,-1.0,-1.0,-1.0,-1.0,-1.0,-1.0,-1.0,-1.0,-1.0,-1.0,555.722,2.0225,1265,4408448
1000,search,4454.5,3062.53,1784.84,0.927572,151.794,-nan,-nan,0.89652,0.124518,-1.0,-1.0,123.834,2.02393,1275,4408448
1001,delete,129.242,-1.0,-1.0,-1.0,-1.0,-1.0,-1.0,-1.0,-1.0,-1.0,-1.0,568.33,1.96835,1232,4303257
1002,search,4356.01,3071.96,1763.27,0.933816,157.947,-nan,-nan,0.89421,0.126469,-1.0,-1.0,154.688,1.9708,1245,4303257
1003,delete,48.265,-1.0,-1.0,-1.0,-1.0,-1.0,-1.0,-1.0,-1.0,-1.0,-1.0,195.787,1.94868,1229,4259551
1004,search,4292.47,3048.88,1717.73,0.932801,142.078,-nan,-nan,0.89382,0.126572,-1.0,-1.0,59.265,1.9491,1233,4259551
1005,delete,23.494,-1.0,-1.0,-1.0,-1.0,-1.0,-1.0,-1.0,-1.0,-1.0,-1.0,61.493,1.94286,1229,4241434
1006,search,4277.17,3030.66,1709.1,0.943552,142.721,-nan,-nan,0.89363,0.126881,-1.0,-1.0,14.584,1.94286,1229,4241434
1007,delete,223.761,-1.0,-1.0,-1.0,-1.0,-1.0,-1.0,-1.0,-1.0,-1.0,-1.0,838.083,1.85308,1166,4052722
1008,search,4124.64,3059.54,1651.82,1.02057,140.536,-nan,-nan,0.88964,0.12993,-1.0,-1.0,190.751,1.85616,1179,4052722
1009,delete,382.663,-1.0,-1.0,-1.0,-1.0,-1.0,-1.0,-1.0,-1.0,-1.0,-1.0,1100.77,1.69755,1067,3738432
1010,search,3842.4,3130.69,1582.23,0.921132,134.401,-nan,-nan,0.88676,0.130735,-1.0,-1.0,243.024,1.70115,1084,3738432
1011,delete,515.85,-1.0,-1.0,-1.0,-1.0,-1.0,-1.0,-1.0,-1.0,-1.0,-1.0,1340.08,1.51095,932,3372539
1012,search,3293.24,3277.58,1317.42,1.068,110.161,-nan,-nan,0.88472,0.130929,-1.0,-1.0,313.144,1.51652,962,3372539
1013,delete,10.524,-1.0,-1.0,-1.0,-1.0,-1.0,-1.0,-1.0,-1.0,-1.0,-1.0,58.121,1.51169,956,3361432
1014,search,3365.78,3177.3,1343.29,0.989856,114.279,-nan,-nan,0.88478,0.131664,-1.0,-1.0,45.259,1.51191,959,3361432
1015,delete,340.819,-1.0,-1.0,-1.0,-1.0,-1.0,-1.0,-1.0,-1.0,-1.0,-1.0,1030.48,1.38205,853,3091692
1016,search,3188.14,3312.89,1350.37,0.902043,114.629,-nan,-nan,0.87991,0.134066,-1.0,-1.0,308.398,1.38728,881,3091692
1017,delete,373.018,-1.0,-1.0,-1.0,-1.0,-1.0,-1.0,-1.0,-1.0,-1.0,-1.0,1287.47,1.23363,757,2775418
1018,search,2870.8,3416.08,1241.73,0.893312,111.917,-nan,-nan,0.87557,0.137265,-1.0,-1.0,408.173,1.24009,796,2775418
1019,delete,18.313,-1.0,-1.0,-1.0,-1.0,-1.0,-1.0,-1.0,-1.0,-1.0,-1.0,75.69,1.23148,790,2754073
1020,search,2929.11,3253.59,1232.59,0.933021,112.664,-nan,-nan,0.8779,0.135259,-1.0,-1.0,85.616,1.23189,796,2754073
1021,delete,131.864,-1.0,-1.0,-1.0,-1.0,-1.0,-1.0,-1.0,-1.0,-1.0,-1.0,388.617,1.18381,754,2638917
1022,search,2811.92,3254.98,1189.04,0.904379,104.996,-nan,-nan,0.87558,0.137214,-1.0,-1.0,106.027,1.18544,762,2638917
1023,delete,102.543,-1.0,-1.0,-1.0,-1.0,-1.0,-1.0,-1.0,-1.0,-1.0,-1.0,268.055,1.1483,725,2556494
1024,search,2611.47,3276.68,1060.89,1.03394,90.1421,-nan,-nan,0.87272,0.139466,-1.0,-1.0,93.949,1.14961,733,2556494
1025,insert,56.576,-1.0,-1.0,-1.0,-1.0,-1.0,-1.0,-1.0,-1.0,-1.0,-1.0,97.452,1.16517,741,2594934
1026,search,2771.12,3256.75,1171.59,0.892604,100.597,-nan,-nan,0.87413,0.138497,-1.0,-1.0,34.325,1.16527,743,2594934
1027,insert,338.185,-1.0,-1.0,-1.0,-1.0,-1.0,-1.0,-1.0,-1.0,-1.0,-1.0,361.912,1.25338,771,2802105
1028,search,2890.78,3355.08,1246.93,0.915737,105.212,-nan,-nan,0.87483,0.139294,-1.0,-1.0,159.782,1.25447,784,2802105
1029,insert,679.525,-1.0,-1.0,-1.0,-1.0,-1.0,-1.0,-1.0,-1.0,-1.0,-1.0,860.88,1.43301,880,3203975
1030,search,3290.37,3374.04,1417.13,0.953309,120.618,-nan,-nan,0.88207,0.134455,-1.0,-1.0,202.648,1.43399,899,3203975
1031,insert,904.64,-1.0,-1.0,-1.0,-1.0,-1.0,-1.0,-1.0,-1.0,-1.0,-1.0,1065.05,1.72035,989,3830566
1032,search,3640.03,3520.22,1561,0.997386,126.064,-nan,-nan,0.88724,0.133039,-1.0,-1.0,517.892,1.72271,1017,3830566
1033,insert,646.268,-1.0,-1.0,-1.0,-1.0,-1.0,-1.0,-1.0,-1.0,-1.0,-1.0,840.538,1.90804,1109,4252669
1034,search,4096.61,3499.59,1770.55,0.975485,144.375,-nan,-nan,0.89499,0.127553,-1.0,-1.0,631.966,1.91164,1152,4252669
1035,insert,329.382,-1.0,-1.0,-1.0,-1.0,-1.0,-1.0,-1.0,-1.0,-1.0,-1.0,430.296,2.02542,1194,4512107
1036,search,4387.99,3422.38,1891.25,0.969788,160.763,-nan,-nan,0.89883,0.12461,-1.0,-1.0,475.673,2.02937,1234,4512107
1037,insert,14.99,-1.0,-1.0,-1.0,-1.0,-1.0,-1.0,-1.0,-1.0,-1.0,-1.0,26.813,2.03324,1236,4525815
1038,search,4378.77,3307.26,1794.6,0.988119,141.456,-nan,-nan,0.89988,0.123483,-1.0,-1.0,220.573,2.03326,1249,4525815
1039,insert,104.204,-1.0,-1.0,-1.0,-1.0,-1.0,-1.0,-1.0,-1.0,-1.0,-1.0,203.865,2.06433,1275,4599215
1040,search,4431.38,3283.4,1793.06,1.0504,140.956,-nan,-nan,0.90128,0.122274,-1.0,-1.0,139.77,2.06491,1286,4599215
1041,insert,13.857,-1.0,-1.0,-1.0,-1.0,-1.0,-1.0,-1.0,-1.0,-1.0,-1.0,59.278,2.0701,1290,4609851
1042,search,4664.4,3261.5,1930.29,0.916854,164.806,-nan,-nan,0.90235,0.121348,-1.0,-1.0,76.995,2.0707,1296,4609851
1043,insert,30.261,-1.0,-1.0,-1.0,-1.0,-1.0,-1.0,-1.0,-1.0,-1.0,-1.0,27.82,2.07747,1298,4627411
1044,search,4519.74,3246,1958.23,0.910254,170.97,-nan,-nan,0.90269,0.121305,-1.0,-1.0,25.951,2.07772,1299,4627411
1045,insert,62.088,-1.0,-1.0,-1.0,-1.0,-1.0,-1.0,-1.0,-1.0,-1.0,-1.0,123.901,2.09343,1311,4670607
1046,search,4742.83,3262.46,1993.84,0.889041,176.87,-nan,-nan,0.9032,0.121304,-1.0,-1.0,24.488,2.09345,1312,4670607
1047,insert,8.144,-1.0,-1.0,-1.0,-1.0,-1.0,-1.0,-1.0,-1.0,-1.0,-1.0,35.252,2.09553,1314,4675386
1048,search,4459.65,3255.48,1909.69,0.98907,157.457,-nan,-nan,0.90305,0.121356,-1.0,-1.0,9.929,2.09553,1314,4675386
1049,insert,10.894,-1.0,-1.0,-1.0,-1.0,-1.0,-1.0,-1.0,-1.0,-1.0,-1.0,13.334,2.10047,1315,4689998
1050,search,4506.8,3257.45,1873.52,1.0344,151.139,-nan,-nan,0.90369,0.120862,-1.0,-1.0,15.844,2.10047,1315,4689998
1051,insert,167.865,-1.0,-1.0,-1.0,-1.0,-1.0,-1.0,-1.0,-1.0,-1.0,-1.0,190.758,2.14225,1342,4783971
1052,search,4487.68,3250.86,1941.95,0.994664,158.679,-nan,-nan,0.90316,0.120919,-1.0,-1.0,34.815,2.14243,1344,4783971
1053,insert,63.391,-1.0,-1.0,-1.0,-1.0,-1.0,-1.0,-1.0,-1.0,-1.0,-1.0,72.781,2.15831,1352,4826219
1054,search,4542.87,3257.82,1955.95,0.976178,162.332,-nan,-nan,0.90373,0.120619,-1.0,-1.0,15.945,2.15848,1353,4826219
1055,insert,30.149,-1.0,-1.0,-1.0,-1.0,-1.0,-1.0,-1.0,-1.0,-1.0,-1.0,69.142,2.17345,1365,4862355
1056,search,4686.35,3257.97,1963.49,1.02686,165.31,-nan,-nan,0.90425,0.119892,-1.0,-1.0,47.518,2.17385,1368,4862355
1057,insert,9.905,-1.0,-1.0,-1.0,-1.0,-1.0,-1.0,-1.0,-1.0,-1.0,-1.0,26.848,2.17573,1369,4869564
1058,search,4811.14,3253.76,1956.75,1.04125,160.321,-nan,-nan,0.90433,0.119782,-1.0,-1.0,16.651,2.17573,1369,4869564
1059,insert,53.775,-1.0,-1.0,-1.0,-1.0,-1.0,-1.0,-1.0,-1.0,-1.0,-1.0,59.305,2.18792,1374,4898570
1060,search,4716.48,3263.84,1997.5,1.01339,168.056,-nan,-nan,0.90465,0.119572,-1.0,-1.0,21.518,2.18818,1376,4898570
1061,insert,5.383,-1.0,-1.0,-1.0,-1.0,-1.0,-1.0,-1.0,-1.0,-1.0,-1.0,19.502,2.19038,1378,4907501
1062,search,4409.23,3262.46,1993.16,0.944083,169.037,-nan,-nan,0.90439,0.11957,-1.0,-1.0,10.004,2.19038,1378,4907501
1063,insert,6.16,-1.0,-1.0,-1.0,-1.0,-1.0,-1.0,-1.0,-1.0,-1.0,-1.0,21.853,2.19332,1380,4916386
1064,search,4690.03,3263.34,2023.1,0.948156,169.685,-nan,-nan,0.90471,0.119431,-1.0,-1.0,29.833,2.19348,1381,4916386
1065,insert,446.955,-1.0,-1.0,-1.0,-1.0,-1.0,-1.0,-1.0,-1.0,-1.0,-1.0,556.525,2.31082,1438,5194839
1066,search,4648.48,3295.45,2152.48,0.957748,177.65,-nan,-nan,0.90691,0.118037,-1.0,-1.0,89.203,2.31207,1453,5194839
1067,insert,5.102,-1.0,-1.0,-1.0,-1.0,-1.0,-1.0,-1.0,-1.0,-1.0,-1.0,17.72,2.31435,1455,5200182
1068,search,4946.77,3259.49,2154.46,0.943549,186.496,-nan,-nan,0.90711,0.117932,-1.0,-1.0,42.406,2.31435,1457,5200182
1069,insert,57.449,-1.0,-1.0,-1.0,-1.0,-1.0,-1.0,-1.0,-1.0,-1.0,-1.0,91.841,2.32858,1468,5230883
1070,search,5148.51,3253.88,2113.89,0.999821,174.524,-nan,-nan,0.90804,0.117284,-1.0,-1.0,24.868,2.32863,1469,5230883
1071,insert,35.271,-1.0,-1.0,-1.0,-1.0,-1.0,-1.0,-1.0,-1.0,-1.0,-1.0,86.293,2.33848,1477,5255659
1072,search,4502.96,3244.5,2057.62,1.04338,167.686,-nan,-nan,0.90803,0.117259,-1.0,-1.0,34.878,2.339,1479,5255659
1073,insert,25.441,-1.0,-1.0,-1.0,-1.0,-1.0,-1.0,-1.0,-1.0,-1.0,-1.0,38.025,2.35012,1485,5281693
1074,search,5060.08,3244.52,2205.24,0.914463,192.152,-nan,-nan,0.90828,0.116864,-1.0,-1.0,33.511,2.35035,1486,5281693
1075,insert,16.838,-1.0,-1.0,-1.0,-1.0,-1.0,-1.0,-1.0,-1.0,-1.0,-1.0,43.232,2.35376,1490,5290081
1076,search,5037.78,3234.19,2215.5,0.962368,195.095,-nan,-nan,0.90841,0.116937,-1.0,-1.0,15.015,2.35397,1491,5290081
1077,insert,20.829,-1.0,-1.0,-1.0,-1.0,-1.0,-1.0,-1.0,-1.0,-1.0,-1.0,25.984,2.36417,1494,5316166
1078,search,4400.31,3241.65,2080.9,1.03782,169.265,-nan,-nan,0.90879,0.11668,-1.0,-1.0,15.938,2.36423,1495,5316166
1079,insert,20.597,-1.0,-1.0,-1.0,-1.0,-1.0,-1.0,-1.0,-1.0,-1.0,-1.0,39.112,2.37186,1500,5335531
1080,search,5157.45,3240.04,2151.48,0.9785,179.071,-nan,-nan,0.90901,0.116445,-1.0,-1.0,30.237,2.37205,1501,5335531
1081,insert,595.974,-1.0,-1.0,-1.0,-1.0,-1.0,-1.0,-1.0,-1.0,-1.0,-1.0,688.596,2.53025,1582,5678781
1082,search,5569.47,3262.67,2300.44,1.01978,187.238,-nan,-nan,0.91105,0.115299,-1.0,-1.0,97.589,2.53205,1590,5678781
1083,insert,2.178,-1.0,-1.0,-1.0,-1.0,-1.0,-1.0,-1.0,-1.0,-1.0,-1.0,15.574,2.53263,1590,5679848
1084,search,5689.33,3244.69,2375.64,0.925475,207.901,-nan,-nan,0.9111,0.115137,-1.0,-1.0,17.4,2.53263,1590,5679848
1085,insert,45.297,-1.0,-1.0,-1.0,-1.0,-1.0,-1.0,-1.0,-1.0,-1.0,-1.0,41.8,2.54305,1593,5702205
1086,search,5464.76,3255.26,2246.62,1.00452,185.484,-nan,-nan,0.91154,0.114971,-1.0,-1.0,22.107,2.5432,1595,5702205
1087,insert,12.058,-1.0,-1.0,-1.0,-1.0,-1.0,-1.0,-1.0,-1.0,-1.0,-1.0,21.502,2.54677,1597,5715514
1088,search,5680.85,3253.58,2404.37,0.902058,206.15,-nan,-nan,0.91145,0.114931,-1.0,-1.0,17.667,2.54677,1597,5715514
1089,insert,623.688,-1.0,-1.0,-1.0,-1.0,-1.0,-1.0,-1.0,-1.0,-1.0,-1.0,612.774,2.71882,1703,6103499
1090,search,6073.81,3261.48,2548.49,0.934832,222.431,-nan,-nan,0.91473,0.113361,-1.0,-1.0,82.197,2.71944,1712,6103499
1091,insert,75.685,-1.0,-1.0,-1.0,-1.0,-1.0,-1.0,-1.0,-1.0,-1.0,-1.0,128.193,2.74176,1728,6152505
1092,search,6077.19,3237.81,2508.04,0.967515,209.56,-nan,-nan,0.91513,0.113379,-1.0,-1.0,28.467,2.74193,1729,6152505
1093,insert,25.994,-1.0,-1.0,-1.0,-1.0,-1.0,-1.0,-1.0,-1.0,-1.0,-1.0,41.201,2.74881,1731,6171104
1094,search,6060.12,3239.69,2481.19,1.01685,207.841,-nan,-nan,0.91549,0.113125,-1.0,-1.0,14.463,2.74881,1731,6171104
1095,insert,480.729,-1.0,-1.0,-1.0,-1.0,-1.0,-1.0,-1.0,-1.0,-1.0,-1.0,837.857,2.92301,1833,6557850
1096,search,6388.65,3261.93,2604.18,0.95059,216.821,-nan,-nan,0.91765,0.111764,-1.0,-1.0,152.482,2.92361,1848,6557850
1097,insert,22.789,-1.0,-1.0,-1.0,-1.0,-1.0,-1.0,-1.0,-1.0,-1.0,-1.0,28.138,2.9302,1849,6579289
1098,search,6307.63,3234.51,2611.06,1.01043,222.265,-nan,-nan,0.91752,0.111966,-1.0,-1.0,28.286,2.93071,1851,6579289
1099,insert,10.906,-1.0,-1.0,-1.0,-1.0,-1.0,-1.0,-1.0,-1.0,-1.0,-1.0,29.924,2.93607,1854,6591442
1100,search,6573.15,3234.64,2747.61,0.898512,241.49,-nan,-nan,0.9178,0.111578,-1.0,-1.0,25.793,2.93607,1854,6591442
1101,insert,61.25,-1.0,-1.0,-1.0,-1.0,-1.0,-1.0,-1.0,-1.0,-1.0,-1.0,170.561,2.95584,1871,6633739
1102,search,6527.86,3226.18,2746.6,0.915327,240.705,-nan,-nan,0.91821,0.111188,-1.0,-1.0,32.683,2.95586,1872,6633739
1103,insert,132.34,-1.0,-1.0,-1.0,-1.0,-1.0,-1.0,-1.0,-1.0,-1.0,-1.0,227.155,2.9965,1900,6724357
1104,search,5952.23,3231.49,2670.39,1.016,218.682,-nan,-nan,0.92025,0.109731,-1.0,-1.0,40.499,2.99662,1904,6724357
1105,insert,3.487,-1.0,-1.0,-1.0,-1.0,-1.0,-1.0,-1.0,-1.0,-1.0,-1.0,25.005,2.99874,1906,6727059
1106,search,6605.25,3223.83,2729.5,0.983744,235.876,-nan,-nan,0.92011,0.109839,-1.0,-1.0,17.154,2.99874,1906,6727059
1107,insert,263.657,-1.0,-1.0,-1.0,-1.0,-1.0,-1.0,-1.0,-1.0,-1.0,-1.0,386.665,3.09005,1951,6950869
1108,search,6318.72,3267.2,2865.85,0.974536,244.294,-nan,-nan,0.92202,0.108309,-1.0,-1.0,63.686,3.09091,1960,6950869
1109,insert,6.359,-1.0,-1.0,-1.0,-1.0,-1.0,-1.0,-1.0,-1.0,-1.0,-1.0,14.755,3.09389,1960,6958173
1110,search,6765.47,3252.89,2864.33,0.960367,242.737,-nan,-nan,0.92208,0.108343,-1.0,-1.0,22.935,3.09389,1960,6958173
1111,insert,76.03,-1.0,-1.0,-1.0,-1.0,-1.0,-1.0,-1.0,-1.0,-1.0,-1.0,92.934,3.10972,1970,6995273
1112,search,6856.06,3256.74,2913.61,0.92153,249.335,-nan,-nan,0.92205,0.108126,-1.0,-1.0,32.376,3.10979,1971,6995273
1113,insert,86.557,-1.0,-1.0,-1.0,-1.0,-1.0,-1.0,-1.0,-1.0,-1.0,-1.0,106.605,3.13243,1982,7047862
1114,search,7071.38,3264.3,2945.77,0.928656,254.565,-nan,-nan,0.92269,0.107714,-1.0,-1.0,59.245,3.13307,1986,7047862
1115,insert,92.851,-1.0,-1.0,-1.0,-1.0,-1.0,-1.0,-1.0,-1.0,-1.0,-1.0,104.933,3.15978,1997,7110727
1116,search,7106.78,3272.86,2961.72,0.979007,251.075,-nan,-nan,0.92313,0.107396,-1.0,-1.0,68.3,3.16022,2001,7110727
1117,insert,19.325,-1.0,-1.0,-1.0,-1.0,-1.0,-1.0,-1.0,-1.0,-1.0,-1.0,41.622,3.1648,2003,7125591
1118,search,7115.06,3272.11,2963.47,0.980256,258.641,-nan,-nan,0.92335,0.107025,-1.0,-1.0,35.809,3.16501,2004,7125591
1119,insert,10.044,-1.0,-1.0,-1.0,-1.0,-1.0,-1.0,-1.0,-1.0,-1.0,-1.0,48.855,3.16745,2007,7134442
1120,search,7166.21,3269.02,2993.36,0.963582,255.281,-nan,-nan,0.92291,0.107377,-1.0,-1.0,26.659,3.16745,2007,7134442
1121,insert,40.499,-1.0,-1.0,-1.0,-1.0,-1.0,-1.0,-1.0,-1.0,-1.0,-1.0,82.465,3.17772,2013,7162109
1122,search,7196.69,3272.12,3004.92,0.920676,265.424,-nan,-nan,0.92307,0.107277,-1.0,-1.0,52.749,3.17786,2016,7162109
1123,insert,24.635,-1.0,-1.0,-1.0,-1.0,-1.0,-1.0,-1.0,-1.0,-1.0,-1.0,85.43,3.18388,2023,7179509
1124,search,7249.23,3258.97,3018.08,0.949831,264.103,-nan,-nan,0.92339,0.107001,-1.0,-1.0,73.501,3.18437,2026,7179509
1125,insert,18.534,-1.0,-1.0,-1.0,-1.0,-1.0,-1.0,-1.0,-1.0,-1.0,-1.0,40.492,3.18868,2028,7186372
1126,search,7203.99,3254.27,3004.16,0.967837,261.618,-nan,-nan,0.92327,0.106982,-1.0,-1.0,24.278,3.18868,2028,7186372
1127,insert,65.978,-1.0,-1.0,-1.0,-1.0,-1.0,-1.0,-1.0,-1.0,-1.0,-1.0,145.384,3.20768,2038,7231450
1128,search,7168.64,3258.19,2943.62,0.928387,248.795,-nan,-nan,0.92369,0.106766,-1.0,-1.0,70.547,3.2085,2043,7231450
1129,insert,21.146,-1.0,-1.0,-1.0,-1.0,-1.0,-1.0,-1.0,-1.0,-1.0,-1.0,43.16,3.21306,2045,7243215
1130,search,7102.41,3251.91,2859.07,1.00815,233.279,-nan,-nan,0.92377,0.106834,-1.0,-1.0,44.489,3.21348,2047,7243215
1131,insert,69.413,-1.0,-1.0,-1.0,-1.0,-1.0,-1.0,-1.0,-1.0,-1.0,-1.0,68.444,3.22643,2051,7276107
1132,search,6909.54,3253.76,2943,1.0144,243.564,-nan,-nan,0.92378,0.106792,-1.0,-1.0,27.183,3.22667,2053,7276107
1133,insert,19.731,-1.0,-1.0,-1.0,-1.0,-1.0,-1.0,-1.0,-1.0,-1.0,-1.0,44.37,3.23416,2060,7292577
1134,search,6950.39,3244.6,2862.07,0.999231,231.775,-nan,-nan,0.92364,0.106976,-1.0,-1.0,29.465,3.23433,2061,7292577
1135,insert,9.737,-1.0,-1.0,-1.0,-1.0,-1.0,-1.0,-1.0,-1.0,-1.0,-1.0,29.656,3.23812,2063,7299867
1136,search,6648.65,3243.02,2915.51,0.986755,239.622,-nan,-nan,0.92358,0.106998,-1.0,-1.0,15.808,3.23812,2063,7299867
1137,insert,22.685,-1.0,-1.0,-1.0,-1.0,-1.0,-1.0,-1.0,-1.0,-1.0,-1.0,33.283,3.24807,2067,7323342
1138,search,6963.59,3247.64,2866.57,1.01621,229.424,-nan,-nan,0.92372,0.107019,-1.0,-1.0,59.286,3.24848,2069,7323342
1139,insert,3.063,-1.0,-1.0,-1.0,-1.0,-1.0,-1.0,-1.0,-1.0,-1.0,-1.0,23.056,3.24897,2069,7325844
1140,search,7111.16,3246.78,2958.38,0.994153,243.608,-nan,-nan,0.92375,0.106985,-1.0,-1.0,38.727,3.24908,2070,7325844
1141,insert,315.751,-1.0,-1.0,-1.0,-1.0,-1.0,-1.0,-1.0,-1.0,-1.0,-1.0,279.657,3.34656,2115,7540761
1142,search,7118.12,3267.28,3004.05,0.984749,245.614,-nan,-nan,0.92434,0.106285,-1.0,-1.0,275.121,3.34934,2139,7540761
1143,insert,33.736,-1.0,-1.0,-1.0,-1.0,-1.0,-1.0,-1.0,-1.0,-1.0,-1.0,59.202,3.35755,2143,7561926
1144,search,7434.27,3225.77,2995.35,1.04848,248.808,-nan,-nan,0.92443,0.106309,-1.0,-1.0,98.442,3.35775,2146,7561926
1145,insert,16.451,-1.0,-1.0,-1.0,-1.0,-1.0,-1.0,-1.0,-1.0,-1.0,-1.0,45.04,3.36165,2148,7571861
1146,search,7617.27,3226.28,3151.85,0.94853,276.629,-nan,-nan,0.92445,0.106244,-1.0,-1.0,75.937,3.36165,2151,7571861
1147,insert,34.911,-1.0,-1.0,-1.0,-1.0,-1.0,-1.0,-1.0,-1.0,-1.0,-1.0,53.829,3.3673,2154,7590881
1148,search,7156.31,3227.89,3171.91,0.911265,276.094,-nan,-nan,0.92466,0.106063,-1.0,-1.0,41.454,3.36779,2158,7590881
1149,insert,4.727,-1.0,-1.0,-1.0,-1.0,-1.0,-1.0,-1.0,-1.0,-1.0,-1.0,24.529,3.37033,2160,7595507
1150,search,7468.62,3219.49,3094.68,0.97557,260.237,-nan,-nan,0.92476,0.106112,-1.0,-1.0,27.908,3.37033,2160,7595507
1151,insert,11.826,-1.0,-1.0,-1.0,-1.0,-1.0,-1.0,-1.0,-1.0,-1.0,-1.0,25.111,3.37268,2160,7601664
1152,search,7195.41,3222.43,3105.43,0.987124,258.673,-nan,-nan,0.92474,0.106103,-1.0,-1.0,17.886,3.37268,2160,7601664
1153,delete,24.689,-1.0,-1.0,-1.0,-1.0,-1.0,-1.0,-1.0,-1.0,-1.0,-1.0,143.198,3.36327,2153,7566707
1154,search,7183.88,3217.59,3128.36,0.948217,265,-nan,-nan,0.9246,0.106044,-1.0,-1.0,24.316,3.3635,2154,7566707
1155,delete,106.129,-1.0,-1.0,-1.0,-1.0,-1.0,-1.0,-1.0,-1.0,-1.0,-1.0,621.12,3.29238,2104,7396192
1156,search,6139.06,3221.54,2931.38,0.978245,234.878,-nan,-nan,0.92428,0.105736,-1.0,-1.0,69.353,3.29436,2112,7396192
1157,delete,209.255,-1.0,-1.0,-1.0,-1.0,-1.0,-1.0,-1.0,-1.0,-1.0,-1.0,1416.08,3.15616,1962,7079041
1158,search,5755.24,3300.25,2807.52,1.01444,221.403,-nan,-nan,0.92245,0.107878,-1.0,-1.0,276.835,3.16314,2007,7079041
1159,delete,298.805,-1.0,-1.0,-1.0,-1.0,-1.0,-1.0,-1.0,-1.0,-1.0,-1.0,914.855,2.95198,1854,6597115
1160,search,6442.25,3253.84,2724.99,0.916236,227.551,-nan,-nan,0.91762,0.110606,-1.0,-1.0,320.283,2.95888,1879,6597115
1161,delete,307.372,-1.0,-1.0,-1.0,-1.0,-1.0,-1.0,-1.0,-1.0,-1.0,-1.0,1690.45,2.82687,1761,6308902
1162,search,6270.04,3268.33,2589.96,0.966959,217.986,-nan,-nan,0.91569,0.112064,-1.0,-1.0,303.483,2.83197,1791,6308902
1163,delete,130.781,-1.0,-1.0,-1.0,-1.0,-1.0,-1.0,-1.0,-1.0,-1.0,-1.0,865.752,2.76526,1745,6164514
1164,search,6227.98,3241.27,2578.49,0.918979,222.166,-nan,-nan,0.91585,0.11117,-1.0,-1.0,204.427,2.76905,1764,6164514
1165,delete,39.004,-1.0,-1.0,-1.0,-1.0,-1.0,-1.0,-1.0,-1.0,-1.0,-1.0,160.526,2.75753,1755,6133412
1166,search,6165.8,3210.83,2505.95,0.956245,209.22,-nan,-nan,0.91567,0.111051,-1.0,-1.0,42.35,2.75783,1757,6133412
1167,delete,93.827,-1.0,-1.0,-1.0,-1.0,-1.0,-1.0,-1.0,-1.0,-1.0,-1.0,231.887,2.73848,1743,6057218
1168,search,6151.53,3186.24,2526.36,0.927492,213.602,-nan,-nan,0.91522,0.110819,-1.0,-1.0,21.899,2.73848,1743,6057218
1169,delete,30.204,-1.0,-1.0,-1.0,-1.0,-1.0,-1.0,-1.0,-1.0,-1.0,-1.0,155.105,2.72194,1729,6028053
1170,search,6172.31,3194.29,2542.87,0.939943,220.614,-nan,-nan,0.91234,0.11275,-1.0,-1.0,52.536,2.7225,1732,6028053
1171,delete,31.925,-1.0,-1.0,-1.0,-1.0,-1.0,-1.0,-1.0,-1.0,-1.0,-1.0,111.514,2.71635,1727,6001880
1172,search,6038.26,3181.57,2446.36,0.960407,204.136,-nan,-nan,0.91182,0.112911,-1.0,-1.0,33.931,2.71649,1728,6001880
1173,delete,56.354,-1.0,-1.0,-1.0,-1.0,-1.0,-1.0,-1.0,-1.0,-1.0,-1.0,103.256,2.70904,1723,5957180
1174,search,6055.06,3161.52,2466.21,0.971374,209.902,-nan,-nan,0.91156,0.113488,-1.0,-1.0,20.88,2.70904,1723,5957180
1175,delete,22.667,-1.0,-1.0,-1.0,-1.0,-1.0,-1.0,-1.0,-1.0,-1.0,-1.0,19.906,2.70875,1723,5939326
1176,search,5995.23,3150.14,2408.66,1.00837,196.479,-nan,-nan,0.91173,0.11335,-1.0,-1.0,20.197,2.70875,1723,5939326
1177,delete,14.492,-1.0,-1.0,-1.0,-1.0,-1.0,-1.0,-1.0,-1.0,-1.0,-1.0,35.417,2.70529,1722,5924145
1178,search,5922.97,3145.89,2352,1.06397,190.117,-nan,-nan,0.91183,0.113314,-1.0,-1.0,20.726,2.70529,1722,5924145
1179,delete,77.339,-1.0,-1.0,-1.0,-1.0,-1.0,-1.0,-1.0,-1.0,-1.0,-1.0,347.724,2.67395,1699,5863334
1180,search,5996.46,3150.76,2442.67,0.924563,206.308,-nan,-nan,0.9112,0.113941,-1.0,-1.0,32.157,2.67419,1700,5863334
1181,delete,45.501,-1.0,-1.0,-1.0,-1.0,-1.0,-1.0,-1.0,-1.0,-1.0,-1.0,35.964,2.67101,1699,5822703
1182,search,5961.94,3122.92,2424.82,0.955642,207.795,-nan,-nan,0.91114,0.114233,-1.0,-1.0,19.629,2.67101,1699,5822703
1183,delete,53.213,-1.0,-1.0,-1.0,-1.0,-1.0,-1.0,-1.0,-1.0,-1.0,-1.0,150.948,2.65428,1690,5775807
1184,search,5909.32,3111.49,2401.8,0.923841,205.977,-nan,-nan,0.91062,0.114719,-1.0,-1.0,19.47,2.65428,1690,5775807
1185,delete,34.728,-1.0,-1.0,-1.0,-1.0,-1.0,-1.0,-1.0,-1.0,-1.0,-1.0,156.138,2.64394,1682,5750627
1186,search,5913.77,3110.13,2404.08,0.909585,210.614,-nan,-nan,0.91058,0.114688,-1.0,-1.0,19.326,2.64394,1682,5750627
1187,delete,188.726,-1.0,-1.0,-1.0,-1.0,-1.0,-1.0,-1.0,-1.0,-1.0,-1.0,955.969,2.57096,1618,5601207
1188,search,5720.59,3139.71,2321.65,0.941009,199.815,-nan,-nan,0.90976,0.115495,-1.0,-1.0,154.904,2.57369,1629,5601207
1189,delete,16.61,-1.0,-1.0,-1.0,-1.0,-1.0,-1.0,-1.0,-1.0,-1.0,-1.0,34.297,2.57213,1628,5586425
1190,search,5616.57,3115.07,2226.75,1.01029,186.865,-nan,-nan,0.90968,0.115659,-1.0,-1.0,21.036,2.57213,1628,5586425
1191,delete,19.747,-1.0,-1.0,-1.0,-1.0,-1.0,-1.0,-1.0,-1.0,-1.0,-1.0,41.819,2.56958,1626,5574023
1192,search,5746.12,3113.22,2346.6,0.93763,207.346,-nan,-nan,0.90971,0.115562,-1.0,-1.0,19.297,2.56958,1626,5574023
1193,delete,289.465,-1.0,-1.0,-1.0,-1.0,-1.0,-1.0,-1.0,-1.0,-1.0,-1.0,1200.74,2.46405,1545,5356157
1194,search,5434.01,3148.92,2208.42,0.961239,189.746,-nan,-nan,0.90702,0.117283,-1.0,-1.0,164.887,2.46635,1558,5356157
1195,delete,18.397,-1.0,-1.0,-1.0,-1.0,-1.0,-1.0,-1.0,-1.0,-1.0,-1.0,28.134,2.46485,1557,5340404
1196,search,5488.29,3115.33,2240.06,0.893272,192.986,-nan,-nan,0.90753,0.11643,-1.0,-1.0,18.838,2.46485,1557,5340404
1197,delete,64.915,-1.0,-1.0,-1.0,-1.0,-1.0,-1.0,-1.0,-1.0,-1.0,-1.0,58.101,2.45771,1553,5293259
1198,search,5326.07,3085.46,2095.62,0.994595,171.471,-nan,-nan,0.90728,0.117008,-1.0,-1.0,18.294,2.45771,1553,5293259
1199,delete,16.95,-1.0,-1.0,-1.0,-1.0,-1.0,-1.0,-1.0,-1.0,-1.0,-1.0,61.415,2.45164,1551,5279787
1200,search,5472.43,3083.22,2213.28,0.929211,193.071,-nan,-nan,0.90727,0.117018,-1.0,-1.0,18.251,2.45164,1551,5279787
1201,delete,88.592,-1.0,-1.0,-1.0,-1.0,-1.0,-1.0,-1.0,-1.0,-1.0,-1.0,426.6,2.42044,1521,5216567
1202,search,5217.55,3110.43,2060.61,1.06206,171.817,-nan,-nan,0.90614,0.117881,-1.0,-1.0,83.186,2.42172,1527,5216567
1203,delete,28.438,-1.0,-1.0,-1.0,-1.0,-1.0,-1.0,-1.0,-1.0,-1.0,-1.0,16.577,2.41959,1527,5196947
1204,search,5311.89,3080.49,2122.38,0.920915,181.444,-nan,-nan,0.90601,0.118062,-1.0,-1.0,27.649,2.4197,1528,5196947
1205,delete,31.689,-1.0,-1.0,-1.0,-1.0,-1.0,-1.0,-1.0,-1.0,-1.0,-1.0,44.234,2.41344,1526,5168447
1206,search,5270.82,3064.76,2092.17,0.937265,173.691,-nan,-nan,0.90571,0.118337,-1.0,-1.0,17.3,2.41344,1526,5168447
1207,delete,26.511,-1.0,-1.0,-1.0,-1.0,-1.0,-1.0,-1.0,-1.0,-1.0,-1.0,120.599,2.40283,1518,5146927
1208,search,5149.93,3066.41,2001.98,1.00931,162.524,-nan,-nan,0.90454,0.119549,-1.0,-1.0,56.278,2.40367,1521,5146927
1209,delete,337.631,-1.0,-1.0,-1.0,-1.0,-1.0,-1.0,-1.0,-1.0,-1.0,-1.0,923.496,2.27413,1451,4887612
1210,search,5109.96,3066.35,2070.94,0.928789,176.315,-nan,-nan,0.90411,0.119034,-1.0,-1.0,100.6,2.27543,1459,4887612
1211,delete,6.629,-1.0,-1.0,-1.0,-1.0,-1.0,-1.0,-1.0,-1.0,-1.0,-1.0,29.618,2.2739,1458,4882301
1212,search,4987.77,3051.97,1950.87,0.997806,162.322,-nan,-nan,0.90448,0.118843,-1.0,-1.0,17.349,2.2739,1458,4882301
1213,delete,150.072,-1.0,-1.0,-1.0,-1.0,-1.0,-1.0,-1.0,-1.0,-1.0,-1.0,509.277,2.21203,1415,4780915
1214,search,4951.69,3075.11,1963.33,0.983012,165.743,-nan,-nan,0.90263,0.120879,-1.0,-1.0,62.163,2.21251,1418,4780915
1215,delete,25.264,-1.0,-1.0,-1.0,-1.0,-1.0,-1.0,-1.0,-1.0,-1.0,-1.0,58.672,2.20724,1415,4765751
1216,search,4916.88,3065.92,1947.45,0.990483,160.306,-nan,-nan,0.90277,0.120751,-1.0,-1.0,34.734,2.20753,1416,4765751
1217,delete,482.466,-1.0,-1.0,-1.0,-1.0,-1.0,-1.0,-1.0,-1.0,-1.0,-1.0,1601.91,2.03999,1263,4452306
1218,search,4426.29,3193.51,1778.91,1.00594,150.357,-nan,-nan,0.89656,0.125488,-1.0,-1.0,307.754,2.0457,1291,4452306
1219,delete,117.064,-1.0,-1.0,-1.0,-1.0,-1.0,-1.0,-1.0,-1.0,-1.0,-1.0,385.585,1.99903,1244,4362045
1220,search,4481.08,3180.58,1845.13,0.93269,161.292,-nan,-nan,0.89545,0.126907,-1.0,-1.0,180.052,2.0022,1259,4362045
1221,delete,38.735,-1.0,-1.0,-1.0,-1.0,-1.0,-1.0,-1.0,-1.0,-1.0,-1.0,104.012,1.99039,1251,4326917
1222,search,4476.12,3138.85,1831.19,0.909644,159.615,-nan,-nan,0.89542,0.126868,-1.0,-1.0,38.067,1.99054,1253,4326917
1223,delete,281.475,-1.0,-1.0,-1.0,-1.0,-1.0,-1.0,-1.0,-1.0,-1.0,-1.0,896.497,1.88366,1174,4109781
1224,search,4240.16,3180.96,1749,0.909114,150.806,-nan,-nan,0.8914,0.128912,-1.0,-1.0,180.441,1.8862,1189,4109781
1225,delete,33.502,-1.0,-1.0,-1.0,-1.0,-1.0,-1.0,-1.0,-1.0,-1.0,-1.0,189.55,1.87079,1179,4075879
1226,search,4236.22,3135.86,1730.99,0.949195,152.637,-nan,-nan,0.89087,0.129167,-1.0,-1.0,99.3,1.87257,1186,4075879
1227,delete,90.591,-1.0,-1.0,-1.0,-1.0,-1.0,-1.0,-1.0,-1.0,-1.0,-1.0,433.009,1.83105,1156,4006503
1228,search,4137.93,3168.59,1698.97,0.961493,146.321,-nan,-nan,0.89091,0.129308,-1.0,-1.0,152.246,1.83421,1168,4006503
1229,delete,103.67,-1.0,-1.0,-1.0,-1.0,-1.0,-1.0,-1.0,-1.0,-1.0,-1.0,505.966,1.78748,1123,3922625
1230,search,4051.45,3187.96,1670.47,0.951063,144.226,-nan,-nan,0.89014,0.129244,-1.0,-1.0,143.117,1.78983,1135,3922625
1231,delete,89.355,-1.0,-1.0,-1.0,-1.0,-1.0,-1.0,-1.0,-1.0,-1.0,-1.0,366.43,1.74898,1090,3844860
1232,search,3926.82,3223.18,1612.22,0.931313,137.361,-nan,-nan,0.88521,0.131135,-1.0,-1.0,139.671,1.75087,1103,3844860
1233,delete,13.009,-1.0,-1.0,-1.0,-1.0,-1.0,-1.0,-1.0,-1.0,-1.0,-1.0,57.114,1.74637,1101,3831414
1234,search,3987.85,3173.4,1633.71,0.885209,143.665,-nan,-nan,0.88513,0.131591,-1.0,-1.0,31.9,1.7466,1102,3831414
1235,delete,179.976,-1.0,-1.0,-1.0,-1.0,-1.0,-1.0,-1.0,-1.0,-1.0,-1.0,692.848,1.67096,1044,3684234
1236,search,3813.82,3201.5,1587.4,0.934488,140.292,-nan,-nan,0.88144,0.135014,-1.0,-1.0,133.629,1.67336,1055,3684234
1237,delete,14.063,-1.0,-1.0,-1.0,-1.0,-1.0,-1.0,-1.0,-1.0,-1.0,-1.0,21.137,1.67182,1054,3669074
1238,search,3793.04,3169.91,1560.75,0.933636,133.603,-nan,-nan,0.88167,0.134354,-1.0,-1.0,40.305,1.67211,1056,3669074
1239,delete,60.95,-1.0,-1.0,-1.0,-1.0,-1.0,-1.0,-1.0,-1.0,-1.0,-1.0,84.417,1.66057,1047,3620984
1240,search,3762.59,3131.5,1540.38,0.911211,135.353,-nan,-nan,0.88146,0.134489,-1.0,-1.0,27.15,1.66068,1048,3620984
1241,delete,41.744,-1.0,-1.0,-1.0,-1.0,-1.0,-1.0,-1.0,-1.0,-1.0,-1.0,81.41,1.65354,1043,3580113
1242,search,3757.74,3099.18,1524.12,0.926788,134.761,-nan,-nan,0.88133,0.134234,-1.0,-1.0,17.46,1.65354,1043,3580113
1243,delete,59.004,-1.0,-1.0,-1.0,-1.0,-1.0,-1.0,-1.0,-1.0,-1.0,-1.0,250.871,1.62558,1020,3533909
1244,search,3656.35,3122.9,1487.97,0.929771,132.286,-nan,-nan,0.87977,0.135232,-1.0,-1.0,42.885,1.62612,1022,3533909
1245,delete,14.547,-1.0,-1.0,-1.0,-1.0,-1.0,-1.0,-1.0,-1.0,-1.0,-1.0,38.366,1.6235,1020,3519590
1246,search,3593.66,3110.72,1442.89,0.968076,122.645,-nan,-nan,0.87964,0.135429,-1.0,-1.0,17.252,1.6235,1020,3519590
1247,delete,75.79,-1.0,-1.0,-1.0,-1.0,-1.0,-1.0,-1.0,-1.0,-1.0,-1.0,116.151,1.5895,996,3452537
1248,search,3577.43,3125.93,1445.25,0.894424,120.004,-nan,-nan,0.88126,0.133253,-1.0,-1.0,47.465,1.58995,999,3452537
1249,delete,38.898,-1.0,-1.0,-1.0,-1.0,-1.0,-1.0,-1.0,-1.0,-1.0,-1.0,111.044,1.58048,991,3416711
1250,search,3522.93,3106.46,1410.81,1.00246,123.055,-nan,-nan,0.88087,0.133839,-1.0,-1.0,16.34,1.58048,991,3416711
1251,delete,38.856,-1.0,-1.0,-1.0,-1.0,-1.0,-1.0,-1.0,-1.0,-1.0,-1.0,82.257,1.56858,983,3387653
1252,search,3467.03,3100.82,1411.56,1.05259,122.019,-nan,-nan,0.88061,0.134227,-1.0,-1.0,27.932,1.56871,984,3387653
1253,delete,18.183,-1.0,-1.0,-1.0,-1.0,-1.0,-1.0,-1.0,-1.0,-1.0,-1.0,49.758,1.56074,980,3372157
1254,search,3468.8,3097.95,1421.26,0.949843,124.194,-nan,-nan,0.88063,0.134351,-1.0,-1.0,18.312,1.56074,980,3372157
1255,delete,167.292,-1.0,-1.0,-1.0,-1.0,-1.0,-1.0,-1.0,-1.0,-1.0,-1.0,175.685,1.50294,949,3258215
1256,search,3412.51,3096.42,1382.45,0.921565,123.794,-nan,-nan,0.8775,0.135857,-1.0,-1.0,52.547,1.50317,952,3258215
1257,delete,51.289,-1.0,-1.0,-1.0,-1.0,-1.0,-1.0,-1.0,-1.0,-1.0,-1.0,119.908,1.4855,941,3223657
1258,search,3303.99,3083.01,1301.56,1.00455,111.083,-nan,-nan,0.87674,0.136303,-1.0,-1.0,57.725,1.48601,944,3223657
1259,delete,59.788,-1.0,-1.0,-1.0,-1.0,-1.0,-1.0,-1.0,-1.0,-1.0,-1.0,193.63,1.46375,927,3174982
1260,search,3234.68,3078.64,1280.54,1.00397,106.723,-nan,-nan,0.87499,0.137272,-1.0,-1.0,45.937,1.46432,929,3174982
1261,delete,25.255,-1.0,-1.0,-1.0,-1.0,-1.0,-1.0,-1.0,-1.0,-1.0,-1.0,14.959,1.46279,929,3157038
1262,search,3266.43,3051.53,1278.55,1.00793,110.198,-nan,-nan,0.87591,0.136551,-1.0,-1.0,15.509,1.46279,929,3157038
1263,delete,133.502,-1.0,-1.0,-1.0,-1.0,-1.0,-1.0,-1.0,-1.0,-1.0,-1.0,314.586,1.41461,905,3058847
1264,search,3241.26,3052.12,1314.07,0.931101,111.88,-nan,-nan,0.87369,0.137713,-1.0,-1.0,100.687,1.41579,911,3058847
1265,delete,401.346,-1.0,-1.0,-1.0,-1.0,-1.0,-1.0,-1.0,-1.0,-1.0,-1.0,499.2,1.29095,818,2833531
1266,search,2983.71,3124.46,1219.18,0.924809,108.777,-nan,-nan,0.86839,0.140311,-1.0,-1.0,136.649,1.29221,829,2833531
1267,delete,74.814,-1.0,-1.0,-1.0,-1.0,-1.0,-1.0,-1.0,-1.0,-1.0,-1.0,226.107,1.26164,809,2763793
1268,search,2825.32,3078.26,1157.63,1.01784,98.1842,-nan,-nan,0.86823,0.14007,-1.0,-1.0,45.507,1.2626,815,2763793
1269,delete,107.037,-1.0,-1.0,-1.0,-1.0,-1.0,-1.0,-1.0,-1.0,-1.0,-1.0,235.988,1.19778,781,2627384
1270,search,2510.3,3100.44,1157.62,0.929711,105.215,-nan,-nan,0.86851,0.139332,-1.0,-1.0,55.242,1.19901,788,2627384
1271,delete,48.256,-1.0,-1.0,-1.0,-1.0,-1.0,-1.0,-1.0,-1.0,-1.0,-1.0,179.53,1.16272,763,2553476
1272,search,2627.24,3089.51,1057.76,1.08033,90.1717,-nan,-nan,0.86737,0.140326,-1.0,-1.0,83.334,1.16378,769,2553476
1273,delete,98.075,-1.0,-1.0,-1.0,-1.0,-1.0,-1.0,-1.0,-1.0,-1.0,-1.0,272.742,1.11092,727,2443067
1274,search,2630.83,3104.95,1081.69,0.943602,100.004,-nan,-nan,0.86516,0.141377,-1.0,-1.0,69.494,1.11178,732,2443067
1275,delete,22.57,-1.0,-1.0,-1.0,-1.0,-1.0,-1.0,-1.0,-1.0,-1.0,-1.0,23.779,1.10804,730,2421654
1276,search,2545.83,3068.28,1063.37,0.942027,89.9401,-nan,-nan,0.8659,0.140918,-1.0,-1.0,26.709,1.10805,731,2421654
1277,delete,40.245,-1.0,-1.0,-1.0,-1.0,-1.0,-1.0,-1.0,-1.0,-1.0,-1.0,81.475,1.09764,723,2391396
1278,search,2479.67,3055.98,1051.37,0.910048,90.4225,-nan,-nan,0.8654,0.140847,-1.0,-1.0,19.58,1.09792,724,2391396
1279,delete,21.315,-1.0,-1.0,-1.0,-1.0,-1.0,-1.0,-1.0,-1.0,-1.0,-1.0,57.374,1.09117,719,2367854
1280,search,2559.22,3039.74,1060.02,0.905771,99.6779,-nan,-nan,0.8642,0.141876,-1.0,-1.0,18.086,1.0915,720,2367854
