step_num,step_type,search_latency_ms,worker_partition_size,worker_scan_time_ms,worker_scan_throughput,worker_result_time_ms,measured_ipc,cache_miss_rate,recall_mean,recall_std_dev,gt_scan_mean,gt_scan_dev,mainteance_ms,index_mem_gb,num_partitions,num_vectors
2,search,3343.64,37.4413,563.1,0.382835,418.41,0.771449,4.85742,0.8551,0.130106,-1.0,-1.0,11.008,0.0184881,1000,38806
3,insert,22.364,-1.0,-1.0,-1.0,-1.0,19.806,0.022655,996,49334
4,search,2642.33,64.8478,242.19,0.677423,156.2,0.869095,22.2654,0.86686,0.128427,-1.0,-1.0,29.982,0.0226179,991,49334
5,insert,19.66,-1.0,-1.0,-1.0,-1.0,171.169,0.0329472,982,73557
6,search,2610.23,185.601,366.063,0.637806,144.764,1.42254,9.84325,0.92575,0.103236,-1.0,-1.0,137.704,0.0329835,983,73557
7,insert,24.241,-1.0,-1.0,-1.0,-1.0,141.555,0.0426531,985,95766
8,search,2605.64,234.625,294.752,0.825211,126.344,1.06839,24.9182,0.92447,0.103861,-1.0,-1.0,83.391,0.0429,989,95766
9,insert,3.621,-1.0,-1.0,-1.0,-1.0,70.924,0.044738,989,100025
10,search,2635.35,241.911,371.061,0.66167,137.947,1.41836,14.0481,0.92708,0.100706,-1.0,-1.0,92.459,0.0448066,995,100025
11,insert,14.855,-1.0,-1.0,-1.0,-1.0,75.578,0.0498131,996,111417
12,search,2707.07,277.335,468.483,0.591891,140.019,1.75245,10.7512,0.92551,0.101769,-1.0,-1.0,76.195,0.0498433,997,111417
13,insert,19.283,-1.0,-1.0,-1.0,-1.0,77.777,0.0612885,999,137139
14,search,2636.59,317.883,348.06,0.761631,127.324,1.44851,12.7546,0.92122,0.104957,-1.0,-1.0,18.974,0.0614097,1001,137139
15,insert,25.797,-1.0,-1.0,-1.0,-1.0,16.905,0.069717,1003,156710
16,search,2698.78,347.826,372.411,0.72489,137.629,1.73887,9.49277,0.91945,0.105125,-1.0,-1.0,16.094,0.069719,1005,156710
17,insert,3.622,-1.0,-1.0,-1.0,-1.0,9.838,0.0716876,1007,161773
18,search,2673.24,360.089,304.494,0.782145,129.382,1.40476,22.7395,0.92035,0.105235,-1.0,-1.0,17.054,0.072065,1011,161773
19,insert,31.1,-1.0,-1.0,-1.0,-1.0,13.682,0.0788819,1015,177161
20,search,2735.89,388.83,379.232,0.730813,124.612,1.73328,10.7717,0.9237,0.102574,-1.0,-1.0,14.512,0.0788827,1018,177161
21,insert,336.849,-1.0,-1.0,-1.0,-1.0,204.04,0.201255,1082,448898
22,search,2981.66,748.264,505.422,0.885998,104.243,1.87153,8.90268,0.90797,0.109463,-1.0,-1.0,67.432,0.201722,1103,448898
23,insert,386.262,-1.0,-1.0,-1.0,-1.0,283.23,0.32894,1171,733493
24,search,3297.87,989.892,671.849,0.850398,104.19,1.89335,6.3205,0.90064,0.113494,-1.0,-1.0,102.887,0.32979,1203,733493
25,insert,35.669,-1.0,-1.0,-1.0,-1.0,26.802,0.347361,1210,777443
26,search,3367.47,944.33,686.981,0.943532,102.309,2.07415,8.01136,0.89896,0.114829,-1.0,-1.0,29.189,0.347529,1218,777443
27,insert,25.796,-1.0,-1.0,-1.0,-1.0,11.594,0.358526,1219,805394
28,search,3436.43,953.917,732.879,0.8747,93.6469,1.99291,7.76607,0.89871,0.114554,-1.0,-1.0,23.108,0.358793,1223,805394
29,insert,53.579,-1.0,-1.0,-1.0,-1.0,51.158,0.385772,1236,866391
30,search,3510.98,1001.37,779.529,0.838457,95.0301,1.96025,7.48291,0.90178,0.113257,-1.0,-1.0,30.802,0.385827,1242,866391
31,insert,453.894,-1.0,-1.0,-1.0,-1.0,330.287,0.55272,1322,1239816
32,search,3824.11,1238.56,955.957,0.871054,94.2941,2.14795,7.71408,0.8971,0.117045,-1.0,-1.0,65.733,0.553069,1335,1239816
33,insert,61.077,-1.0,-1.0,-1.0,-1.0,29.433,0.573909,1342,1291211
34,search,3915.99,1244.23,1018.2,0.885409,108.255,2.15544,6.91559,0.89721,0.117937,-1.0,-1.0,21.523,0.573983,1345,1291211
35,insert,44.337,-1.0,-1.0,-1.0,-1.0,47.193,0.585607,1359,1324978
36,search,3950.25,1244.81,1030.4,0.866789,106.53,2.09807,8.16167,0.89696,0.1175,-1.0,-1.0,10.219,0.585607,1359,1324978
37,insert,46.826,-1.0,-1.0,-1.0,-1.0,50.667,0.606676,1369,1371885
38,search,3900.73,1263.54,928.406,0.916513,99.0434,2.0626,6.60548,0.89727,0.117808,-1.0,-1.0,15.693,0.606676,1370,1371885
39,insert,8.734,-1.0,-1.0,-1.0,-1.0,11.475,0.609952,1371,1379335
40,search,3965.23,1266.36,1042.24,0.84002,106.561,2.07557,7.68403,0.89724,0.118217,-1.0,-1.0,11.15,0.609952,1371,1379335
41,insert,35.985,-1.0,-1.0,-1.0,-1.0,34.149,0.624036,1378,1413312
42,search,4021.23,1272.79,1064.81,0.898335,104.657,2.13308,10.7149,0.89779,0.118505,-1.0,-1.0,10.196,0.624036,1378,1413312
43,insert,12.111,-1.0,-1.0,-1.0,-1.0,12.928,0.628448,1379,1423411
44,search,3987.84,1284.37,996.45,0.897737,97.177,2.07377,8.67195,0.89837,0.117447,-1.0,-1.0,11.555,0.628448,1379,1423411
45,insert,201.309,-1.0,-1.0,-1.0,-1.0,26.144,0.643687,1386,1457559
46,search,4010,1303.52,1040.92,0.897942,90.9448,2.13535,9.09615,0.89876,0.116768,-1.0,-1.0,12.739,0.643687,1386,1457559
47,insert,294.876,-1.0,-1.0,-1.0,-1.0,256.013,0.747053,1426,1688593
48,search,4246.99,1429.64,1211.66,0.880839,104.637,2.10042,8.35542,0.90176,0.116429,-1.0,-1.0,101.369,0.747412,1441,1688593
49,insert,35.647,-1.0,-1.0,-1.0,-1.0,24.157,0.762204,1444,1723505
50,search,4122.35,1426.84,1183.31,0.910668,113.808,2.10762,8.20371,0.90318,0.115166,-1.0,-1.0,51.665,0.762425,1451,1723505
51,insert,337.921,-1.0,-1.0,-1.0,-1.0,301.76,0.902133,1516,2035040
52,search,4519.27,1548.71,1310.07,0.888803,120.79,2.16496,9.48027,0.90624,0.113443,-1.0,-1.0,30.25,0.902531,1522,2035040
53,insert,32.286,-1.0,-1.0,-1.0,-1.0,17.193,0.9201,1524,2078341
54,search,4291.99,1566.1,1214.59,0.983559,112.032,2.17062,9.11406,0.90635,0.113561,-1.0,-1.0,14.357,0.920122,1525,2078341
55,insert,414.422,-1.0,-1.0,-1.0,-1.0,378.968,1.06594,1589,2399905
56,search,4656.09,1719.22,1388.49,0.955747,136.796,2.30258,7.68155,0.90836,0.114592,-1.0,-1.0,140.806,1.06696,1618,2399905
57,insert,24.043,-1.0,-1.0,-1.0,-1.0,19.971,1.07463,1621,2419836
58,search,4499.89,1672.88,1338.3,0.986193,125.925,2.20212,7.14915,0.90736,0.115037,-1.0,-1.0,23.35,1.07465,1625,2419836
59,insert,189.91,-1.0,-1.0,-1.0,-1.0,125.22,1.17032,1645,2643083
60,search,4935.21,1720.98,1434.96,0.942602,128.949,2.1497,8.73685,0.90031,0.123055,-1.0,-1.0,35.802,1.17043,1649,2643083
61,insert,10.306,-1.0,-1.0,-1.0,-1.0,19.587,1.17387,1652,2653064
62,search,4929.23,1716.9,1412.38,0.954052,124.956,8.52278,8.71836,0.90004,0.122916,-1.0,-1.0,12.513,1.17387,1652,2653064
63,insert,3.187,-1.0,-1.0,-1.0,-1.0,9.73,1.17504,1652,2656118
64,search,4516.69,1718.57,1328.51,1.04822,120.057,4.06057,8.74473,0.90016,0.122751,-1.0,-1.0,12.269,1.17505,1653,2656118
65,insert,64.47,-1.0,-1.0,-1.0,-1.0,104.263,1.20551,1684,2723424
66,search,4853.78,1720.22,1428.59,0.972227,124.353,2.16736,8.30377,0.90025,0.122556,-1.0,-1.0,14.435,1.20551,1684,2723424
67,insert,44.175,-1.0,-1.0,-1.0,-1.0,81.441,1.22545,1701,2769021
68,search,5135.36,1731.87,1498.32,0.959422,138.435,2.15068,7.8652,0.90187,0.121292,-1.0,-1.0,21.422,1.22545,1703,2769021
69,insert,50.072,-1.0,-1.0,-1.0,-1.0,92.467,1.24732,1722,2821777
70,search,4718.97,1733.53,1352.57,1.08966,116.895,2.11711,9.00953,0.90376,0.11984,-1.0,-1.0,26.386,1.24732,1723,2821777
71,insert,23.904,-1.0,-1.0,-1.0,-1.0,26.357,1.25196,1725,2834921
72,search,5102.67,1743.51,1485.33,0.93513,124.501,2.14531,7.66143,0.90416,0.119667,-1.0,-1.0,15.783,1.25196,1725,2834921
73,insert,5.999,-1.0,-1.0,-1.0,-1.0,19.696,1.2547,1726,2842044
74,search,5070.19,1746.59,1493.19,0.962098,141.744,2.09811,8.10587,0.90418,0.119697,-1.0,-1.0,12.176,1.2547,1726,2842044
75,insert,18.137,-1.0,-1.0,-1.0,-1.0,21.395,1.2626,1728,2858890
76,search,5043.96,1754.18,1507.28,0.93519,136.494,2.16475,6.54169,0.90493,0.119199,-1.0,-1.0,11.566,1.2626,1728,2858890
77,insert,22.586,-1.0,-1.0,-1.0,-1.0,17.391,1.27306,1730,2882818
78,search,4970.02,1764.11,1497.4,0.963509,146.672,2.23834,8.54019,0.90469,0.119578,-1.0,-1.0,17.287,1.27306,1730,2882818
79,insert,476.204,-1.0,-1.0,-1.0,-1.0,33.669,1.30089,1735,2947806
80,search,5231.19,1789.52,1489.09,1.01418,139.036,2.18478,8.27512,0.90501,0.119413,-1.0,-1.0,18.048,1.30089,1735,2947806
81,insert,39.31,-1.0,-1.0,-1.0,-1.0,23.07,1.31258,1737,2976895
82,search,5049.26,1798.55,1491.55,1.06826,140.593,2.1474,7.60697,0.90594,0.118494,-1.0,-1.0,18.058,1.31258,1737,2976895
83,insert,16.114,-1.0,-1.0,-1.0,-1.0,30.759,1.31819,1740,2990682
84,search,5118.52,1802.31,1544.3,0.981751,135.291,2.25565,7.38681,0.90639,0.117924,-1.0,-1.0,21.853,1.31824,1741,2990682
85,insert,37.238,-1.0,-1.0,-1.0,-1.0,38.969,1.3335,1746,3025613
86,search,5110.87,1811.22,1485.08,1.04874,114.62,2.15143,6.87409,0.90683,0.117967,-1.0,-1.0,24.905,1.33371,1747,3025613
87,insert,532.086,-1.0,-1.0,-1.0,-1.0,654.492,1.53826,1855,3468632
88,search,5496.24,1950.7,1697.82,0.986497,156.852,2.12916,7.99709,0.91167,0.112324,-1.0,-1.0,104.648,1.53851,1871,3468632
89,insert,401.346,-1.0,-1.0,-1.0,-1.0,559.382,1.70103,1976,3831692
90,search,5943.72,1996.96,1882.24,1.0252,172.18,2.14472,8.04168,0.91545,0.108394,-1.0,-1.0,95.251,1.70121,1987,3831692
91,insert,35.521,-1.0,-1.0,-1.0,-1.0,59.97,1.71117,1994,3864067
92,search,6114.88,1991.36,1848.42,1.00131,168.444,2.16376,7.86994,0.91561,0.108416,-1.0,-1.0,32.193,1.71129,1995,3864067
93,insert,207.32,-1.0,-1.0,-1.0,-1.0,240.315,1.81579,2031,4103827
94,search,6318.73,2053.22,1972.8,1.0405,182.822,2.59716,7.62398,0.91619,0.10706,-1.0,-1.0,40.887,1.81598,2037,4103827
95,insert,10.008,-1.0,-1.0,-1.0,-1.0,28.395,1.82099,2039,4119898
96,search,6194.03,2056.82,2004.49,0.987145,190.395,2.19855,6.78772,0.91625,0.107031,-1.0,-1.0,32.787,1.82099,2039,4119898
97,insert,12.872,-1.0,-1.0,-1.0,-1.0,43.782,1.82506,2042,4129367
98,search,6156.44,2054.65,1905.04,1.02966,160.309,2.14016,7.64524,0.91639,0.107028,-1.0,-1.0,32.582,1.82506,2042,4129367
99,insert,10.254,-1.0,-1.0,-1.0,-1.0,31.957,1.8286,2042,4134502
100,search,6269.72,2056.94,2015.77,0.973243,186.092,2.17079,7.43277,0.91657,0.106954,-1.0,-1.0,33.931,1.8286,2042,4134502
101,insert,39.982,-1.0,-1.0,-1.0,-1.0,88.753,1.8413,2052,4164482
102,search,6278.86,2063.49,1981.99,1.01025,182.027,2.15471,8.20389,0.91695,0.106522,-1.0,-1.0,37.394,1.84144,2053,4164482
103,insert,17.307,-1.0,-1.0,-1.0,-1.0,50.679,1.84672,2056,4178601
104,search,6265.16,2069.78,1951.69,1.01526,175.319,2.12214,7.3176,0.91727,0.106544,-1.0,-1.0,30.23,1.84672,2056,4178601
105,insert,6.898,-1.0,-1.0,-1.0,-1.0,33.662,1.85061,2057,4187774
106,search,6270.63,2072.77,2024.95,1.01447,177.562,2.15703,7.34658,0.91731,0.106855,-1.0,-1.0,42.152,1.85067,2058,4187774
107,insert,16.973,-1.0,-1.0,-1.0,-1.0,44.344,1.85633,2060,4200109
108,search,6123.58,2073.2,1896.7,1.11276,161.792,2.36266,8.51211,0.91737,0.106748,-1.0,-1.0,28.976,1.85644,2061,4200109
109,insert,462.813,-1.0,-1.0,-1.0,-1.0,527.145,2.02013,2162,4557867
110,search,6530.72,2117.39,2104.74,1.0288,197.263,2.14885,7.97372,0.91913,0.10597,-1.0,-1.0,101.211,2.02044,2171,4557867
111,insert,32.82,-1.0,-1.0,-1.0,-1.0,71.928,2.03336,2178,4587252
112,search,6416,2116.87,1936.79,1.13626,157.652,2.16537,7.58852,0.91967,0.105697,-1.0,-1.0,37.223,2.03336,2178,4587252
113,insert,13.012,-1.0,-1.0,-1.0,-1.0,55.982,2.03803,2181,4600056
114,search,6595.97,2119.36,2073.68,1.07972,189.415,2.11546,7.84023,0.91981,0.105686,-1.0,-1.0,34.553,2.03803,2181,4600056
115,insert,34.968,-1.0,-1.0,-1.0,-1.0,67.464,2.04805,2187,4627422
116,search,6704.29,2122.18,2168.41,1.01926,198.618,2.16669,7.76799,0.92041,0.105174,-1.0,-1.0,53.981,2.04847,2189,4627422
117,insert,13.718,-1.0,-1.0,-1.0,-1.0,53.845,2.05196,2192,4639292
118,search,6655.19,2121.82,2143.04,1.04138,208.444,2.12295,8.16661,0.9204,0.105007,-1.0,-1.0,39.124,2.05196,2192,4639292
119,insert,6.894,-1.0,-1.0,-1.0,-1.0,36.774,2.05428,2192,4643423
120,search,6578.79,2123.09,2111.92,1.0413,187.001,2.17971,7.36136,0.92048,0.104978,-1.0,-1.0,29.103,2.05428,2192,4643423
121,insert,14.292,-1.0,-1.0,-1.0,-1.0,33.36,2.05997,2192,4657252
122,search,6777.28,2130.57,2160.99,1.00088,202.948,2.18996,7.60062,0.92059,0.104705,-1.0,-1.0,31.336,2.06013,2193,4657252
123,insert,312.978,-1.0,-1.0,-1.0,-1.0,429.263,2.1878,2245,4938477
124,search,6917.29,2176.81,2221.89,1.02048,193.65,2.18264,7.61526,0.92134,0.104699,-1.0,-1.0,215.757,2.18954,2271,4938477
125,insert,60.021,-1.0,-1.0,-1.0,-1.0,64.625,2.20534,2276,4980492
126,search,7003.38,2157.72,2226.41,1.01766,206.454,2.16458,9.03005,0.92229,0.10396,-1.0,-1.0,81.609,2.20543,2281,4980492
127,insert,60.658,-1.0,-1.0,-1.0,-1.0,115.494,2.22701,2300,5030515
128,search,7016.39,2157.83,2209.51,1.08318,192.982,2.14825,7.85647,0.92276,0.103968,-1.0,-1.0,61.278,2.22722,2304,5030515
129,delete,18.123,-1.0,-1.0,-1.0,-1.0,118.256,2.22527,2271,5009391
130,search,7059.17,2151.45,2226.24,1.01281,201.325,2.12181,7.84027,0.92145,0.104919,-1.0,-1.0,25.949,2.22527,2271,5009391
131,delete,4.212,-1.0,-1.0,-1.0,-1.0,25.202,2.22527,2271,5004093
132,search,7025.87,2147.32,2255.33,0.996996,211.578,2.15687,7.50579,0.9215,0.104974,-1.0,-1.0,37.379,2.22527,2271,5004093
133,delete,13.204,-1.0,-1.0,-1.0,-1.0,48.646,2.22444,2270,4991787
134,search,7126.17,2140.82,2234.04,0.993622,200.687,2.11948,7.83604,0.9213,0.105013,-1.0,-1.0,40.859,2.22444,2270,4991787
135,delete,34.451,-1.0,-1.0,-1.0,-1.0,72.475,2.22232,2267,4974857
136,search,7016.59,2137.29,2148.33,1.04045,182.993,2.48524,7.93794,0.92137,0.104906,-1.0,-1.0,39.455,2.22232,2267,4974857
137,delete,6.985,-1.0,-1.0,-1.0,-1.0,37.198,2.22232,2267,4971386
138,search,7178.93,2135.34,2272.16,0.972406,207.63,2.1853,7.65042,0.92132,0.104948,-1.0,-1.0,38.973,2.22232,2267,4971386
139,delete,14.092,-1.0,-1.0,-1.0,-1.0,37.073,2.22232,2267,4963487
140,search,7163.66,2127.32,2264.75,0.973391,217.876,2.15995,11.7841,0.92114,0.105014,-1.0,-1.0,39.069,2.22232,2267,4963487
141,delete,33.109,-1.0,-1.0,-1.0,-1.0,127.42,2.21737,2260,4941830
142,search,7153.29,2123.29,2269.76,0.990955,220.726,2.16448,7.85508,0.92104,0.104928,-1.0,-1.0,38.234,2.21737,2260,4941830
143,delete,21.355,-1.0,-1.0,-1.0,-1.0,108.129,2.21238,2256,4925657
144,search,7118.81,2120.05,2252.39,0.986844,203.928,2.13921,7.77774,0.9209,0.104891,-1.0,-1.0,45.829,2.2124,2257,4925657
145,delete,2.928,-1.0,-1.0,-1.0,-1.0,42.57,2.2121,2256,4922686
146,search,6994.83,2118.76,2141.67,1.01598,197.506,2.16487,8.69267,0.92049,0.105265,-1.0,-1.0,37.435,2.2121,2256,4922686
147,delete,10.281,-1.0,-1.0,-1.0,-1.0,36.44,2.2121,2256,4913636
148,search,6887.7,2114.21,2058.2,1.10688,179.451,2.10521,7.75119,0.92053,0.105255,-1.0,-1.0,37.512,2.2121,2256,4913636
149,delete,231.572,-1.0,-1.0,-1.0,-1.0,1414.87,2.1339,2147,4717250
150,search,6682.84,2127.62,2046.98,1.04571,179.183,2.16299,8.59915,0.91971,0.106282,-1.0,-1.0,94.043,2.13516,2157,4717250
151,delete,154.17,-1.0,-1.0,-1.0,-1.0,1273.24,2.06518,2056,4560269
152,search,6507.23,2141.61,2079.53,0.98514,187.497,2.15763,8.88862,0.91875,0.107108,-1.0,-1.0,98.007,2.06623,2064,4560269
153,delete,27.732,-1.0,-1.0,-1.0,-1.0,162.456,2.05397,2049,4521936
154,search,6481.54,2130.82,2062.48,1.01399,184.815,2.14428,8.77076,0.91769,0.108162,-1.0,-1.0,44.362,2.05414,2051,4521936
155,delete,19.847,-1.0,-1.0,-1.0,-1.0,102.907,2.04922,2046,4502222
156,search,6431.13,2122.3,2047.51,0.98511,177.177,2.15809,7.23408,0.91755,0.108183,-1.0,-1.0,41.493,2.04927,2047,4502222
157,delete,47.736,-1.0,-1.0,-1.0,-1.0,223.623,2.03523,2034,4456039
158,search,6398.59,2108.91,2015.22,0.967369,181.31,2.17657,10.4281,0.91747,0.108479,-1.0,-1.0,50.812,2.03559,2037,4456039
159,delete,273.004,-1.0,-1.0,-1.0,-1.0,2146.55,1.88197,1860,4143922
160,search,5934.24,2159.5,1892.37,0.954262,170.887,2.1742,7.68506,0.91598,0.109376,-1.0,-1.0,185.51,1.88401,1887,4143922
161,delete,50.231,-1.0,-1.0,-1.0,-1.0,123.839,1.87609,1881,4101445
162,search,5953.01,2094.72,1877.67,0.971614,163.18,2.15354,7.97109,0.91545,0.109842,-1.0,-1.0,31.324,1.87609,1881,4101445
163,delete,26.606,-1.0,-1.0,-1.0,-1.0,51.825,1.87447,1881,4080175
164,search,5968.11,2077.42,1897.05,0.984801,170.173,2.15132,8.53681,0.91514,0.110002,-1.0,-1.0,29.274,1.87447,1881,4080175
165,delete,32.609,-1.0,-1.0,-1.0,-1.0,109.855,1.86814,1876,4047313
166,search,5904.57,2064.97,1839.3,1.00151,175.15,2.17052,8.3916,0.91509,0.109921,-1.0,-1.0,38.739,1.86819,1877,4047313
167,delete,8.409,-1.0,-1.0,-1.0,-1.0,28.518,1.86775,1877,4040738
168,search,5921.41,2061.71,1853.65,0.949375,165.945,2.24502,8.01764,0.91515,0.109914,-1.0,-1.0,29.728,1.86775,1877,4040738
169,delete,21.088,-1.0,-1.0,-1.0,-1.0,51.146,1.86396,1874,4022674
170,search,5873.3,2053.55,1832.81,0.976545,158.731,2.21558,7.44432,0.91484,0.110027,-1.0,-1.0,29.682,1.86396,1874,4022674
171,delete,8.506,-1.0,-1.0,-1.0,-1.0,27.945,1.86357,1874,4015835
172,search,5908.97,2049.15,1842.03,0.953863,161.732,3.18897,8.14437,0.9149,0.110019,-1.0,-1.0,29.524,1.86357,1874,4015835
173,delete,43.605,-1.0,-1.0,-1.0,-1.0,40.984,1.85913,1873,3986424
174,search,5880.42,2025.2,1836.88,0.940957,167.474,2.16939,8.31011,0.91415,0.110696,-1.0,-1.0,29.299,1.85913,1873,3986424
175,delete,225.743,-1.0,-1.0,-1.0,-1.0,1031.64,1.76817,1771,3804693
176,search,5569.3,2051.01,1744.88,0.970769,156.247,2.224,7.31876,0.91173,0.11167,-1.0,-1.0,72.567,1.7692,1776,3804693
177,delete,17.068,-1.0,-1.0,-1.0,-1.0,85.699,1.76466,1772,3786352
178,search,5561.93,2035.3,1727.78,0.984876,154.89,3.3266,9.19215,0.91175,0.11161,-1.0,-1.0,57.385,1.76501,1775,3786352
179,delete,252.59,-1.0,-1.0,-1.0,-1.0,1326.71,1.64131,1615,3556994
180,search,4931.52,2089.57,1452.86,1.07085,122.521,2.13187,8.33731,0.90383,0.11623,-1.0,-1.0,107.742,1.643,1627,3556994
181,delete,26.204,-1.0,-1.0,-1.0,-1.0,86.457,1.63575,1623,3526824
182,search,5103.97,2054,1594.04,0.962717,148.169,2.15728,7.93063,0.90341,0.116359,-1.0,-1.0,35.645,1.63578,1624,3526824
183,delete,182.966,-1.0,-1.0,-1.0,-1.0,1120.95,1.54483,1493,3350245
184,search,4622.45,2108.4,1402.98,1.0638,116.276,2.13252,7.88048,0.88762,0.134568,-1.0,-1.0,130.119,1.54707,1510,3350245
185,delete,9.149,-1.0,-1.0,-1.0,-1.0,30.349,1.54644,1507,3340234
186,search,4770.21,2069.54,1497.15,0.955335,132.242,2.19481,7.62293,0.89421,0.125437,-1.0,-1.0,44.865,1.54651,1510,3340234
187,delete,192.879,-1.0,-1.0,-1.0,-1.0,362.031,1.46166,1463,3150857
188,search,4640.37,2067.69,1458.93,0.966898,137.3,2.13962,8.2307,0.8972,0.122971,-1.0,-1.0,36.936,1.46188,1464,3150857
189,delete,15.668,-1.0,-1.0,-1.0,-1.0,21.192,1.46159,1464,3143609
190,search,4633.4,2054.29,1439.81,0.978528,133.097,2.19772,8.95725,0.89682,0.123066,-1.0,-1.0,21.527,1.46159,1464,3143609
191,delete,4.539,-1.0,-1.0,-1.0,-1.0,20.495,1.46088,1464,3141038
192,search,4628.94,2054.43,1442.13,0.970659,133.955,2.13279,8.22841,0.89674,0.123214,-1.0,-1.0,22.386,1.46088,1464,3141038
193,delete,74.954,-1.0,-1.0,-1.0,-1.0,207.219,1.44091,1442,3081734
194,search,4564.38,2041.03,1416.38,1.0056,131.553,2.74671,7.90809,0.8955,0.124512,-1.0,-1.0,56.637,1.44183,1445,3081734
195,delete,47.809,-1.0,-1.0,-1.0,-1.0,193.395,1.42518,1429,3043966
196,search,4508.67,2024.91,1400.48,0.999048,127.427,2.33406,7.86758,0.89574,0.123754,-1.0,-1.0,21.778,1.42518,1429,3043966
197,delete,48.721,-1.0,-1.0,-1.0,-1.0,87.816,1.41246,1423,3008145
198,search,4515.16,2012.62,1409.46,0.949411,136.273,2.15606,9.6558,0.89516,0.124258,-1.0,-1.0,38.051,1.41306,1425,3008145
199,delete,11.635,-1.0,-1.0,-1.0,-1.0,52.326,1.41003,1422,2999384
200,search,4486.39,2009.34,1385.96,0.969456,123.277,2.22538,8.28009,0.89493,0.124194,-1.0,-1.0,21.529,1.41003,1422,2999384
201,delete,8.326,-1.0,-1.0,-1.0,-1.0,41.483,1.4074,1420,2993528
202,search,4503.14,2007.69,1391.24,0.940792,132.516,2.18084,8.14495,0.89498,0.12422,-1.0,-1.0,21.711,1.4074,1420,2993528
203,delete,18.546,-1.0,-1.0,-1.0,-1.0,19.466,1.40593,1420,2980973
204,search,4493.94,1997.01,1399.74,0.928013,133.005,2.1573,9.09979,0.89481,0.1244,-1.0,-1.0,20.802,1.40593,1420,2980973
205,delete,28.471,-1.0,-1.0,-1.0,-1.0,62.089,1.39933,1412,2960291
206,search,4422.33,1985.22,1359.91,1.0322,122.608,2.161,10.1193,0.89405,0.124657,-1.0,-1.0,20.84,1.39933,1412,2960291
207,delete,58.516,-1.0,-1.0,-1.0,-1.0,232.447,1.37681,1364,2920620
208,search,4298.56,1997.71,1318.1,0.992786,126.293,2.14847,8.48783,0.89181,0.126233,-1.0,-1.0,19.459,1.37681,1364,2920620
209,delete,26.851,-1.0,-1.0,-1.0,-1.0,59.408,1.36984,1358,2900501
210,search,4266.91,1988.74,1310.61,0.980013,123.918,2.18821,9.42572,0.8908,0.126605,-1.0,-1.0,19.249,1.36984,1358,2900501
211,delete,12.297,-1.0,-1.0,-1.0,-1.0,46.016,1.36655,1356,2891660
212,search,4287.36,1984.83,1312.15,0.991281,129.458,2.19289,9.71508,0.89076,0.126722,-1.0,-1.0,19.458,1.36655,1356,2891660
213,delete,18.484,-1.0,-1.0,-1.0,-1.0,48.465,1.36232,1352,2873257
214,search,4187.95,1975.82,1254.34,1.09736,121.69,2.12177,8.11964,0.88994,0.127102,-1.0,-1.0,19.261,1.36232,1352,2873257
215,delete,425.94,-1.0,-1.0,-1.0,-1.0,2081,1.16227,1116,2537571
216,search,3632.37,2149.29,1168.9,0.930995,110.138,2.19071,8.85912,0.88504,0.131064,-1.0,-1.0,303.415,1.16768,1152,2537571
217,delete,209.764,-1.0,-1.0,-1.0,-1.0,1200.97,1.05072,997,2308194
218,search,3193.75,2170.3,1000.82,1.02597,90.5887,2.15247,8.00017,0.87882,0.135604,-1.0,-1.0,211.743,1.05422,1024,2308194
219,delete,16.151,-1.0,-1.0,-1.0,-1.0,73.645,1.04924,1016,2285820
220,search,3261.02,2066.39,1034.91,0.964033,95.5327,2.3101,9.31096,0.8771,0.136907,-1.0,-1.0,121.105,1.04944,1028,2285820
221,delete,196.869,-1.0,-1.0,-1.0,-1.0,974.677,0.938243,871,2082858
222,search,2838.43,2113.58,908.789,1.07869,81.9203,2.17687,8.54087,0.86842,0.144227,-1.0,-1.0,98.32,0.939912,881,2082858
223,delete,10.054,-1.0,-1.0,-1.0,-1.0,54.539,0.936074,874,2071207
224,search,2852.24,2090.14,915.73,0.889097,90.0483,2.17906,10.7037,0.86821,0.144636,-1.0,-1.0,40.417,0.936443,877,2071207
225,delete,5.085,-1.0,-1.0,-1.0,-1.0,25.579,0.935208,876,2065400
226,search,2800.11,2078.36,878.004,0.958665,85.8559,2.18927,9.56018,0.8677,0.144864,-1.0,-1.0,22.012,0.935313,877,2065400
227,delete,2.74,-1.0,-1.0,-1.0,-1.0,14.52,0.935313,877,2062105
228,search,2857.07,2073.13,900.389,0.949921,89.4051,2.24548,8.614,0.86768,0.144776,-1.0,-1.0,15.194,0.935313,877,2062105
229,delete,19.817,-1.0,-1.0,-1.0,-1.0,52.217,0.929263,872,2039610
230,search,2704.03,2058.16,889.762,0.989741,87.6486,2.33468,9.87168,0.86616,0.146004,-1.0,-1.0,15.604,0.929263,872,2039610
231,delete,16.802,-1.0,-1.0,-1.0,-1.0,41.106,0.924668,868,2027795
232,search,2803.12,2050.12,888.815,0.900543,85.3496,2.17947,8.23698,0.866,0.146053,-1.0,-1.0,15.246,0.924668,868,2027795
233,delete,6.296,-1.0,-1.0,-1.0,-1.0,29.128,0.922931,867,2022859
234,search,2820.48,2047.07,882.73,0.955081,87.9743,2.18152,9.20642,0.86556,0.146196,-1.0,-1.0,16.189,0.922931,867,2022859
235,delete,11.459,-1.0,-1.0,-1.0,-1.0,32.384,0.921845,862,2016264
236,search,2649.05,2046.05,906.29,0.950818,92.312,2.46224,9.31313,0.86441,0.147034,-1.0,-1.0,13.106,0.921845,862,2016264
237,delete,206.463,-1.0,-1.0,-1.0,-1.0,952.584,0.803277,720,1782866
238,search,2303.15,2188.9,799.436,0.912137,79.2275,2.24456,9.32694,0.85768,0.152504,-1.0,-1.0,150.006,0.806017,745,1782866
239,delete,15.544,-1.0,-1.0,-1.0,-1.0,80.23,0.795133,733,1758931
240,search,2357.68,2092.74,736.688,1.0052,73,2.17367,10.7908,0.85475,0.153855,-1.0,-1.0,57.098,0.795228,739,1758931
241,delete,6.645,-1.0,-1.0,-1.0,-1.0,32.377,0.792553,737,1751275
242,search,2372.94,2070.54,738.712,0.946342,67.7867,2.20752,10.1037,0.85456,0.153796,-1.0,-1.0,28.12,0.792625,739,1751275
243,delete,16.854,-1.0,-1.0,-1.0,-1.0,51.402,0.788358,733,1733264
244,search,2336.72,2057.52,749,0.918927,77.4291,2.18817,10.415,0.85214,0.154732,-1.0,-1.0,8.166,0.788358,733,1733264
245,delete,7.971,-1.0,-1.0,-1.0,-1.0,16.767,0.786174,731,1722658
246,search,2294.25,2048.83,721.519,0.965207,77.6755,2.17557,9.44945,0.85186,0.154642,-1.0,-1.0,11.927,0.786174,731,1722658
247,delete,2.895,-1.0,-1.0,-1.0,-1.0,11.288,0.786174,731,1719601
248,search,2268.19,2042.91,742.582,0.953413,75.8065,2.37083,9.011,0.85158,0.154755,-1.0,-1.0,11.936,0.786174,731,1719601
249,delete,7.627,-1.0,-1.0,-1.0,-1.0,23.787,0.784841,729,1711648
250,search,2398.95,2039.7,755.521,0.997928,78.4027,2.272,9.81759,0.85188,0.154591,-1.0,-1.0,12.187,0.784841,729,1711648
251,delete,324.911,-1.0,-1.0,-1.0,-1.0,513.312,0.665284,615,1470624
252,search,1995.59,2124.79,645.677,0.986468,68.7814,2.15757,9.51391,0.84743,0.157568,-1.0,-1.0,111.356,0.666953,629,1470624
253,delete,24.469,-1.0,-1.0,-1.0,-1.0,58.503,0.659941,622,1442070
254,search,1909.58,2042.75,616.459,0.978334,63.1977,2.14825,10.1884,0.84572,0.157951,-1.0,-1.0,7.92,0.659941,622,1442070
255,delete,28.726,-1.0,-1.0,-1.0,-1.0,123.747,0.642208,596,1405549
256,search,1945.83,2087.77,642.816,0.864495,72.0763,2.25833,9.64688,0.84176,0.15953,-1.0,-1.0,28.827,0.642544,599,1405549
257,insert,12.079,-1.0,-1.0,-1.0,-1.0,8.657,0.645112,599,1416288
258,search,1873.57,2082.04,637.869,0.927374,69.6129,2.24719,8.54538,0.84092,0.160758,-1.0,-1.0,7.779,0.645112,599,1416288
259,insert,17.756,-1.0,-1.0,-1.0,-1.0,33.741,0.653597,603,1443010
260,search,2030.03,2103.71,654.855,0.883785,71.522,2.28189,10.1871,0.84202,0.160199,-1.0,-1.0,10.027,0.653597,603,1443010
261,insert,7.297,-1.0,-1.0,-1.0,-1.0,13.13,0.654982,604,1447529
262,search,1855.29,2110.56,652.508,0.926417,74.9984,2.27443,8.97647,0.84228,0.160261,-1.0,-1.0,7.726,0.654982,604,1447529
263,insert,152.013,-1.0,-1.0,-1.0,-1.0,151.533,0.702673,621,1569110
264,search,2125.9,2243.58,713.107,0.943403,72.7195,2.18675,9.65041,0.84786,0.157097,-1.0,-1.0,60.793,0.703007,627,1569110
265,insert,101.08,-1.0,-1.0,-1.0,-1.0,110.454,0.731704,643,1636119
266,search,2205.12,2271.59,742.354,0.953802,76.8132,2.17927,8.50914,0.85161,0.155064,-1.0,-1.0,19.409,0.731706,644,1636119
267,insert,34.725,-1.0,-1.0,-1.0,-1.0,58.695,0.744301,649,1665152
268,search,2107.12,2293.97,754.12,0.96788,75.2651,2.15495,7.99682,0.85396,0.154407,-1.0,-1.0,23.736,0.744493,652,1665152
269,insert,292.073,-1.0,-1.0,-1.0,-1.0,354.876,0.858188,697,1916952
270,search,2403.92,2450.62,843.46,0.9216,84.6377,2.2077,9.56226,0.85634,0.152773,-1.0,-1.0,99.401,0.858901,713,1916952
271,insert,2.211,-1.0,-1.0,-1.0,-1.0,10.803,0.859586,714,1920898
272,search,2366.48,2393.48,808.799,0.96935,81.2228,2.15136,9.64716,0.85776,0.151785,-1.0,-1.0,71.869,0.859808,721,1920898
273,insert,29.152,-1.0,-1.0,-1.0,-1.0,38.231,0.868712,726,1942757
274,search,2479.86,2383.15,855.896,0.897697,89.3587,2.18574,7.8848,0.85876,0.150685,-1.0,-1.0,19.093,0.868758,727,1942757
275,insert,475.216,-1.0,-1.0,-1.0,-1.0,582.341,1.04466,806,2328372
276,search,2789.94,2562.85,1000.28,0.98127,94.2893,2.21137,10.6726,0.8655,0.146576,-1.0,-1.0,212.003,1.04621,835,2328372
277,insert,43.11,-1.0,-1.0,-1.0,-1.0,105.886,1.06101,851,2363257
278,search,2914.93,2454.64,1020.3,0.948617,101.755,2.1765,8.89593,0.86712,0.145417,-1.0,-1.0,112.912,1.06171,864,2363257
279,insert,25.453,-1.0,-1.0,-1.0,-1.0,33.486,1.07092,871,2388933
280,search,2731.22,2409.69,990.521,0.989683,92.9254,2.23177,9.1395,0.86831,0.144322,-1.0,-1.0,49.628,1.07093,875,2388933
281,insert,379.127,-1.0,-1.0,-1.0,-1.0,276.977,1.2032,912,2684315
282,search,2962.51,2516.8,1089.8,0.934864,106.633,2.22244,9.92197,0.8701,0.143432,-1.0,-1.0,154.927,1.20494,935,2684315
283,insert,520.312,-1.0,-1.0,-1.0,-1.0,588.397,1.39768,1048,3109157
284,search,3447.77,2590.69,1242.75,1.03843,114.945,2.14368,9.30139,0.88099,0.136004,-1.0,-1.0,267.02,1.39937,1088,3109157
285,insert,13.074,-1.0,-1.0,-1.0,-1.0,40.383,1.40378,1093,3122751
286,search,3621.89,2468.6,1247.5,1.02695,118.953,2.16076,9.10236,0.87985,0.136283,-1.0,-1.0,63.235,1.40379,1097,3122751
287,insert,39.683,-1.0,-1.0,-1.0,-1.0,98.135,1.421,1109,3163679
288,search,3673.23,2469.29,1256.61,1.05682,116.367,2.16274,8.76944,0.88105,0.135707,-1.0,-1.0,63.901,1.42123,1115,3163679
289,insert,239.292,-1.0,-1.0,-1.0,-1.0,500.864,1.55676,1195,3472031
290,search,3911.94,2537.39,1429.12,1.03242,135.382,2.17219,8.59996,0.88433,0.134192,-1.0,-1.0,207.437,1.55805,1222,3472031
291,insert,26.277,-1.0,-1.0,-1.0,-1.0,71.039,1.56751,1236,3495577
292,search,4012.75,2455.44,1429.12,0.966958,137.306,2.22183,9.4312,0.88595,0.133315,-1.0,-1.0,55.654,1.56756,1241,3495577
293,insert,19.399,-1.0,-1.0,-1.0,-1.0,49.213,1.57642,1245,3515193
294,search,4120.38,2444.8,1430.84,0.959771,136.595,2.16935,8.55833,0.88521,0.134129,-1.0,-1.0,32.527,1.57651,1249,3515193
295,insert,237.126,-1.0,-1.0,-1.0,-1.0,396.885,1.66868,1310,3723063
296,search,4373.24,2472.56,1514.84,0.987664,144.642,2.17865,9.83279,0.88971,0.131417,-1.0,-1.0,82.358,1.67027,1326,3723063
297,insert,2.159,-1.0,-1.0,-1.0,-1.0,17.653,1.67175,1328,3727399
298,search,4207.68,2448.94,1506.92,1.04082,145.439,2.17033,9.43862,0.8901,0.131163,-1.0,-1.0,39.571,1.67188,1335,3727399
299,insert,60.11,-1.0,-1.0,-1.0,-1.0,84.189,1.69521,1355,3788002
300,search,4403.55,2431.71,1553.98,0.982235,140.182,2.14747,9.88311,0.89229,0.128737,-1.0,-1.0,24.059,1.69532,1356,3788002
301,insert,713.477,-1.0,-1.0,-1.0,-1.0,926.74,1.96339,1533,4370866
302,search,5001.1,2593.69,1854.04,1.00162,177.268,2.16422,8.66389,0.91377,0.111945,-1.0,-1.0,221.328,1.96421,1571,4370866
303,insert,58.299,-1.0,-1.0,-1.0,-1.0,112.538,1.98491,1584,4420306
304,search,5115,2492.53,1828.48,0.979073,169.97,2.16098,9.39638,0.91312,0.112209,-1.0,-1.0,26.008,1.98491,1588,4420306
305,insert,375.359,-1.0,-1.0,-1.0,-1.0,406.005,2.14825,1643,4789669
306,search,5393.06,2574.91,1963.59,0.978666,179.52,2.19105,9.05689,0.91537,0.110231,-1.0,-1.0,161.34,2.15124,1663,4789669
307,insert,21.098,-1.0,-1.0,-1.0,-1.0,52.671,2.1595,1672,4815550
308,search,5384.23,2548.92,1980.72,0.973978,177.382,2.35076,8.74566,0.91609,0.109934,-1.0,-1.0,88.37,2.15959,1679,4815550
309,insert,9.301,-1.0,-1.0,-1.0,-1.0,26.564,2.16191,1680,4823345
310,search,5437.95,2538.42,1944.48,0.993976,181.333,2.18209,8.58538,0.91667,0.10956,-1.0,-1.0,43.38,2.16204,1683,4823345
311,insert,11.631,-1.0,-1.0,-1.0,-1.0,23.945,2.1691,1684,4843493
312,search,5549.7,2537.3,1948.75,0.983819,178.036,2.17185,8.65011,0.91617,0.110111,-1.0,-1.0,42.565,2.1691,1686,4843493
313,insert,45.283,-1.0,-1.0,-1.0,-1.0,87.394,2.18684,1695,4885489
314,search,5676.11,2544.87,2001.72,0.982835,183.23,2.1504,9.33695,0.9166,0.10999,-1.0,-1.0,73.874,2.18762,1704,4885489
315,insert,7.742,-1.0,-1.0,-1.0,-1.0,17.893,2.19013,1704,4892335
316,search,5684.22,2530.61,1996.88,1.00806,179.847,2.55152,8.69637,0.91661,0.110042,-1.0,-1.0,18.608,2.19013,1704,4892335
317,insert,47.828,-1.0,-1.0,-1.0,-1.0,124.097,2.20582,1723,4932996
318,search,5729.86,2521.74,2012.68,0.976576,182.355,2.20883,9.53416,0.91696,0.10981,-1.0,-1.0,22.649,2.20586,1724,4932996
319,insert,660.978,-1.0,-1.0,-1.0,-1.0,807.641,2.42161,1850,5430684
320,search,6215.97,2610.52,2205.29,1.01328,204.823,3.05321,8.26986,0.92124,0.106488,-1.0,-1.0,316.36,2.42604,1894,5430684
321,insert,48.375,-1.0,-1.0,-1.0,-1.0,84.359,2.4412,1908,5471239
322,search,6356.85,2533.55,2216.97,0.981514,207.425,2.16445,8.94242,0.92178,0.105881,-1.0,-1.0,157.595,2.44171,1917,5471239
323,insert,123.621,-1.0,-1.0,-1.0,-1.0,202.677,2.4869,1950,5575560
324,search,6381.44,2538.16,2274.74,0.970521,210.186,2.20896,8.85358,0.92273,0.105176,-1.0,-1.0,87.415,2.48719,1957,5575560
325,insert,1158.77,-1.0,-1.0,-1.0,-1.0,469.445,2.71259,2032,6069499
326,search,6671.37,2648.99,2422.04,0.969521,224.903,2.21724,8.71466,0.92545,0.103769,-1.0,-1.0,359.373,2.71346,2073,6069499
327,insert,83.639,-1.0,-1.0,-1.0,-1.0,122.27,2.74247,2088,6139647
328,search,6937.71,2616.29,2419.48,1.04306,221.558,2.42129,8.87681,0.92705,0.102485,-1.0,-1.0,121.022,2.74312,2100,6139647
329,insert,10.923,-1.0,-1.0,-1.0,-1.0,32.791,2.74599,2102,6146884
330,search,6987.47,2600.17,2445.36,1.01712,224.553,2.14537,8.4269,0.92733,0.102219,-1.0,-1.0,61.678,2.74616,2107,6146884
331,insert,52.074,-1.0,-1.0,-1.0,-1.0,102.377,2.76355,2118,6188816
332,search,7129.04,2602.18,2532.81,1.00669,243.526,2.14219,10.5012,0.92718,0.102344,-1.0,-1.0,59.506,2.76418,2122,6188816
333,insert,3.359,-1.0,-1.0,-1.0,-1.0,31.732,2.76488,2123,6190810
334,search,6979.27,2597.04,2402.16,1.09996,218.067,2.14546,8.71633,0.92742,0.102121,-1.0,-1.0,27.594,2.76488,2123,6190810
335,insert,54.318,-1.0,-1.0,-1.0,-1.0,109.591,2.78083,2138,6230108
336,search,7067.52,2600.33,2442.97,1.0803,221.304,2.2665,8.55772,0.92792,0.101968,-1.0,-1.0,34.8,2.7809,2139,6230108
337,insert,26.463,-1.0,-1.0,-1.0,-1.0,68.166,2.78952,2144,6249699
338,search,7073.12,2600.46,2441.2,1.07326,220.987,2.27178,8.28821,0.92823,0.101658,-1.0,-1.0,53.837,2.78962,2147,6249699
339,insert,60.023,-1.0,-1.0,-1.0,-1.0,95.187,2.80547,2158,6290226
340,search,7177.19,2603.6,2551.95,1.01223,236.846,2.173,8.5004,0.92869,0.101291,-1.0,-1.0,21.56,2.8055,2159,6290226
341,insert,6.406,-1.0,-1.0,-1.0,-1.0,31.688,2.80948,2162,6297556
342,search,6907.76,2600.42,2574.54,1.00255,245.02,2.18875,8.79646,0.92884,0.10121,-1.0,-1.0,38.618,2.80966,2164,6297556
343,insert,39.77,-1.0,-1.0,-1.0,-1.0,79.514,2.82218,2172,6330843
344,search,7109.79,2605.5,2543.23,1.00628,235.988,2.17564,8.70314,0.92874,0.101378,-1.0,-1.0,28.145,2.82218,2172,6330843
345,insert,42.41,-1.0,-1.0,-1.0,-1.0,116.297,2.83604,2185,6370265
346,search,7029.2,2606.69,2497.91,1.03457,226.283,2.14911,9.55573,0.9292,0.100751,-1.0,-1.0,39.154,2.83613,2187,6370265
347,insert,475.165,-1.0,-1.0,-1.0,-1.0,945.562,3.04153,2327,6831086
348,search,7401.28,2635.98,2660.64,1.06401,237.876,2.15236,8.61135,0.93239,0.0977587,-1.0,-1.0,241.734,3.04451,2358,6831086
349,insert,58.136,-1.0,-1.0,-1.0,-1.0,100.766,3.06354,2368,6876154
350,search,7815.18,2607.69,2806.16,0.988177,269.87,2.26015,8.63697,0.93287,0.097447,-1.0,-1.0,39.484,3.06377,2371,6876154
351,insert,477.089,-1.0,-1.0,-1.0,-1.0,600.351,3.25061,2464,7288266
352,search,8069.88,2634.61,2959.84,1.02027,283.021,2.1893,8.72282,0.93268,0.0979329,-1.0,-1.0,270.608,3.25238,2497,7288266
353,insert,57.893,-1.0,-1.0,-1.0,-1.0,111.694,3.269,2512,7333132
354,search,8174.84,2595.08,2964.02,0.994647,283.798,2.20741,8.63969,0.93295,0.0980115,-1.0,-1.0,70.802,3.26938,2518,7333132
355,insert,378.692,-1.0,-1.0,-1.0,-1.0,586.842,3.42856,2613,7696838
356,search,8500.45,2612.74,3054.05,0.990874,284.058,2.16182,8.14795,0.93432,0.0969263,-1.0,-1.0,194.683,3.43041,2639,7696838
357,insert,26.595,-1.0,-1.0,-1.0,-1.0,49.409,3.43801,2643,7714498
358,search,8338.06,2588.51,3062.99,1.02805,286.848,3.06089,8.63461,0.93487,0.0964041,-1.0,-1.0,57.509,3.43909,2652,7714498
359,insert,9.184,-1.0,-1.0,-1.0,-1.0,45.021,3.4437,2659,7725755
360,search,8552.94,2574.99,2878.64,1.1364,255.397,2.11897,9.15015,0.93477,0.096524,-1.0,-1.0,23.259,3.4437,2659,7725755
361,insert,69.418,-1.0,-1.0,-1.0,-1.0,153.88,3.46783,2680,7789312
362,search,8780.53,2575.79,3013.85,1.08375,271.612,2.16545,8.72537,0.93532,0.0957465,-1.0,-1.0,45.868,3.46827,2684,7789312
363,insert,20.402,-1.0,-1.0,-1.0,-1.0,66.017,3.47275,2690,7803163
364,search,8948.44,2569.08,3151.59,0.993175,291.7,2.18887,8.04895,0.93532,0.0955269,-1.0,-1.0,38.818,3.47309,2692,7803163
365,insert,74.551,-1.0,-1.0,-1.0,-1.0,154.836,3.50086,2712,7863722
366,search,9002.33,2569.38,3156.95,0.986484,302.752,2.12492,8.48667,0.93589,0.0948893,-1.0,-1.0,52.414,3.50103,2716,7863722
367,insert,35.451,-1.0,-1.0,-1.0,-1.0,81.214,3.51314,2725,7895271
368,search,9008.04,2567.83,3159.37,1.00794,288.498,2.14809,8.7062,0.93632,0.0944056,-1.0,-1.0,38.045,3.51315,2726,7895271
369,insert,75.758,-1.0,-1.0,-1.0,-1.0,167.676,3.53963,2744,7961194
370,search,9109.27,2575.97,3198.64,0.989174,301.449,2.14891,8.42396,0.93689,0.0935448,-1.0,-1.0,56.663,3.54004,2748,7961194
371,insert,21.047,-1.0,-1.0,-1.0,-1.0,53.03,3.54531,2753,7970239
372,search,8858.01,2569.74,2983.72,1.11587,262.503,3.06589,9.74729,0.93689,0.0935876,-1.0,-1.0,26.27,3.54531,2753,7970239
373,insert,64.57,-1.0,-1.0,-1.0,-1.0,111.439,3.56003,2767,8010868
374,search,8845.37,2569.67,2951.44,1.17965,249.93,2.09482,8.64276,0.93733,0.0930754,-1.0,-1.0,52.081,3.56034,2771,8010868
375,insert,47.428,-1.0,-1.0,-1.0,-1.0,91.325,3.5726,2780,8040698
376,search,9264.21,2566.9,3259.99,0.955315,300.855,2.16988,8.03108,0.93749,0.0930683,-1.0,-1.0,38.349,3.57273,2782,8040698
377,insert,83.887,-1.0,-1.0,-1.0,-1.0,147.989,3.60164,2799,8104748
378,search,9276.28,2567.38,3267.91,0.989809,305.691,2.14347,8.95744,0.93767,0.093103,-1.0,-1.0,45.697,3.60222,2802,8104748
379,insert,6.652,-1.0,-1.0,-1.0,-1.0,24.532,3.60406,2802,8109755
380,search,9320.73,2567.57,3279.58,0.992877,309.666,2.1128,9.56269,0.9378,0.092961,-1.0,-1.0,26.007,3.60406,2802,8109755
381,insert,28.244,-1.0,-1.0,-1.0,-1.0,53.948,3.61153,2806,8130382
382,search,9321.49,2569.57,3295.35,0.997692,313.372,2.60243,8.50475,0.93777,0.0931968,-1.0,-1.0,26.715,3.61153,2806,8130382
383,insert,36.162,-1.0,-1.0,-1.0,-1.0,58.761,3.61985,2812,8153290
384,search,9351.69,2570.37,3290.9,0.999845,304.177,2.24646,9.12021,0.9378,0.0930147,-1.0,-1.0,33.062,3.62003,2813,8153290
385,delete,17.044,-1.0,-1.0,-1.0,-1.0,24.838,3.62003,2813,8138873
386,search,9280.72,2567.14,3260.59,1.00195,302.043,2.28337,8.53623,0.93782,0.0929674,-1.0,-1.0,26.074,3.62003,2813,8138873
387,delete,29.031,-1.0,-1.0,-1.0,-1.0,171.671,3.61261,2806,8115069
388,search,9250.72,2566.41,3241.74,1.0072,292.457,2.15696,8.15193,0.93782,0.0930642,-1.0,-1.0,29.716,3.61261,2806,8115069
389,delete,38.327,-1.0,-1.0,-1.0,-1.0,101.916,3.60976,2802,8101157
390,search,9014.09,2560.24,3196.74,1.05458,298.127,2.16276,9.64112,0.93769,0.0932498,-1.0,-1.0,31.95,3.60999,2803,8101157
391,delete,98.742,-1.0,-1.0,-1.0,-1.0,615.187,3.57881,2761,8014644
392,search,9046.23,2571.82,3235.27,0.983206,302.974,2.14192,8.59784,0.93721,0.0932295,-1.0,-1.0,55.76,3.5793,2769,8014644
393,delete,25.372,-1.0,-1.0,-1.0,-1.0,127.845,3.5726,2762,7978358
394,search,9112.17,2555.61,3220.81,0.976934,307.595,2.14949,8.92736,0.93707,0.0934202,-1.0,-1.0,35.58,3.57281,2763,7978358
395,delete,27.655,-1.0,-1.0,-1.0,-1.0,243.742,3.561,2752,7957094
396,search,9100.29,2562.01,3204.3,0.970482,298.581,2.15679,9.22986,0.93654,0.0937023,-1.0,-1.0,49.903,3.56123,2754,7957094
397,delete,153.416,-1.0,-1.0,-1.0,-1.0,844.04,3.50485,2715,7823916
398,search,9008.13,2548.7,3161.74,0.977078,300.77,2.12993,8.71578,0.93631,0.0939026,-1.0,-1.0,110.907,3.50628,2724,7823916
399,delete,5.444,-1.0,-1.0,-1.0,-1.0,27.28,3.50628,2724,7818430
400,search,8933.78,2538.89,3148.3,1.01734,289.462,2.19981,9.1492,0.93625,0.0938803,-1.0,-1.0,51.834,3.50628,2726,7818430
401,delete,17.718,-1.0,-1.0,-1.0,-1.0,43.526,3.50327,2724,7800702
402,search,9006.37,2531.82,3146.75,1.0035,298.344,2.15859,8.56794,0.93569,0.0943286,-1.0,-1.0,38.289,3.50327,2725,7800702
403,delete,341.149,-1.0,-1.0,-1.0,-1.0,2298.81,3.37369,2585,7517858
404,search,8587,2563.7,3032.03,0.971629,285.496,2.15594,8.09293,0.93377,0.0959031,-1.0,-1.0,238.545,3.37793,2609,7517858
405,delete,65.752,-1.0,-1.0,-1.0,-1.0,389.114,3.35939,2591,7451637
406,search,8561.56,2536.65,2982.33,1.02979,273.922,2.18047,8.20061,0.93431,0.0952936,-1.0,-1.0,90.167,3.35969,2596,7451637
407,delete,122.594,-1.0,-1.0,-1.0,-1.0,896.061,3.31242,2551,7360417
408,search,8424.88,2542.2,2948.05,1.00764,272.193,2.15031,9.03043,0.93355,0.0960791,-1.0,-1.0,120.762,3.31401,2560,7360417
409,delete,212.598,-1.0,-1.0,-1.0,-1.0,795.214,3.21909,2514,7131620
410,search,8347.68,2524.17,2903.44,1.01361,283.209,2.19018,8.20904,0.93344,0.0963595,-1.0,-1.0,102.488,3.21973,2522,7131620
411,delete,316.518,-1.0,-1.0,-1.0,-1.0,2189.21,3.09961,2380,6867617
412,search,7944.2,2566.87,2803.17,0.967143,265.968,2.1911,8.90059,0.93331,0.0968004,-1.0,-1.0,252.826,3.10392,2411,6867617
413,delete,16.007,-1.0,-1.0,-1.0,-1.0,71.108,3.10054,2408,6850098
414,search,8007.49,2527.95,2793.75,0.973046,270.014,2.199,8.77855,0.93341,0.0966498,-1.0,-1.0,47.306,3.10094,2411,6850098
415,delete,79.961,-1.0,-1.0,-1.0,-1.0,583.211,3.06758,2380,6782921
416,search,7722.42,2528.21,2609.19,1.09466,229.022,2.16589,8.48857,0.93258,0.0972934,-1.0,-1.0,74.863,3.06832,2385,6782921
417,delete,257.493,-1.0,-1.0,-1.0,-1.0,1367.9,2.9818,2308,6562039
418,search,7575.24,2520.93,2594.34,1.01693,236.284,2.17532,9.08246,0.93165,0.0974473,-1.0,-1.0,185.919,2.98385,2324,6562039
419,delete,23.194,-1.0,-1.0,-1.0,-1.0,79.132,2.98077,2321,6536285
420,search,7514.26,2496.75,2520.31,1.09692,222.087,2.15139,8.70293,0.93201,0.0975575,-1.0,-1.0,74.801,2.98103,2324,6536285
421,delete,21.747,-1.0,-1.0,-1.0,-1.0,170.006,2.97095,2315,6510820
422,search,7560.43,2496.86,2564.31,1.06069,228.482,2.40558,8.86209,0.93237,0.097444,-1.0,-1.0,59.103,2.97132,2318,6510820
423,delete,199.762,-1.0,-1.0,-1.0,-1.0,966.048,2.89478,2244,6334168
424,search,7437.38,2502.4,2581.44,0.997804,238.606,2.16067,8.68092,0.93072,0.098534,-1.0,-1.0,136.314,2.89702,2256,6334168
425,delete,18.531,-1.0,-1.0,-1.0,-1.0,82.728,2.89302,2254,6316443
426,search,7439.3,2486.21,2567.43,0.987791,235.375,2.1363,9.07575,0.93095,0.0987958,-1.0,-1.0,63.558,2.89348,2257,6316443
427,delete,63.391,-1.0,-1.0,-1.0,-1.0,68.862,2.88782,2255,6266345
428,search,7413.69,2457.22,2541.21,0.972752,234.706,2.25231,8.92271,0.93078,0.0988302,-1.0,-1.0,36.837,2.88782,2255,6266345
429,delete,578.757,-1.0,-1.0,-1.0,-1.0,3588.03,2.66338,1952,5883847
430,search,6513.21,2726.33,2282.27,1.08727,200.831,2.11755,8.84706,0.92185,0.105488,-1.0,-1.0,524.061,2.6728,2029,5883847
431,delete,77.079,-1.0,-1.0,-1.0,-1.0,388.435,2.63652,1999,5801380
432,search,6727.47,2577.12,2365,0.995691,224.351,2.18348,9.10548,0.92033,0.107782,-1.0,-1.0,130.962,2.63714,2013,5801380
433,delete,231.884,-1.0,-1.0,-1.0,-1.0,1439.74,2.54605,1915,5607567
434,search,6483.88,2603.78,2296.89,0.994144,221.83,2.19264,8.68144,0.91755,0.109332,-1.0,-1.0,178.394,2.54799,1934,5607567
435,delete,103.735,-1.0,-1.0,-1.0,-1.0,462.758,2.51488,1897,5512176
436,search,6370.96,2581.6,2251.76,0.968345,206.561,2.16874,10.7218,0.91782,0.109203,-1.0,-1.0,95.859,2.51534,1904,5512176
437,delete,12.697,-1.0,-1.0,-1.0,-1.0,57.613,2.51167,1901,5501141
438,search,6396.77,2570.68,2244.42,1.00901,215.235,2.1586,8.89915,0.91777,0.109205,-1.0,-1.0,55.215,2.51191,1904,5501141
439,delete,129.618,-1.0,-1.0,-1.0,-1.0,430.611,2.44801,1877,5369822
440,search,6120.42,2578.05,2077.96,1.14111,178.461,2.13108,9.18204,0.91914,0.107501,-1.0,-1.0,106.147,2.44947,1885,5369822
441,delete,32.006,-1.0,-1.0,-1.0,-1.0,133.234,2.43906,1879,5338985
442,search,6200.72,2558.7,2135.64,1.04474,189.486,4.67728,8.7252,0.91977,0.107048,-1.0,-1.0,39.446,2.43906,1880,5338985
443,delete,33.753,-1.0,-1.0,-1.0,-1.0,140.095,2.42389,1869,5307279
444,search,6285.23,2560.98,2200.94,0.979808,204.708,2.49971,8.45638,0.92034,0.106458,-1.0,-1.0,27.404,2.42389,1869,5307279
445,delete,43.244,-1.0,-1.0,-1.0,-1.0,134.994,2.41374,1861,5268382
446,search,6111.57,2552.26,2089.77,1.05321,185.541,2.12449,8.70046,0.9198,0.106801,-1.0,-1.0,27.682,2.41374,1861,5268382
447,delete,459.432,-1.0,-1.0,-1.0,-1.0,1991.51,2.24611,1677,4922787
448,search,5592.46,2635.86,1938.51,1.10167,180.501,2.20981,8.4586,0.91364,0.110398,-1.0,-1.0,310.678,2.25114,1711,4922787
449,delete,30.131,-1.0,-1.0,-1.0,-1.0,169.405,2.2402,1698,4887227
450,search,5685.14,2577.05,2023.7,0.964678,174.163,2.11487,8.84571,0.91545,0.1089,-1.0,-1.0,108.802,2.24036,1706,4887227
451,delete,107.494,-1.0,-1.0,-1.0,-1.0,467.829,2.19807,1660,4795082
452,search,5593.84,2590.06,1972.74,0.991473,183.606,2.17684,9.03822,0.91532,0.108946,-1.0,-1.0,84.271,2.19914,1668,4795082
453,delete,320.095,-1.0,-1.0,-1.0,-1.0,1801.22,2.05339,1545,4500175
454,search,5115.68,2593.36,1753.79,1.05938,158.216,2.11067,9.12469,0.91046,0.113013,-1.0,-1.0,354.756,2.05856,1575,4500175
455,delete,34.861,-1.0,-1.0,-1.0,-1.0,99.385,2.05011,1569,4462648
456,search,5274.17,2537.91,1844.33,0.960378,178.156,2.17625,9.6528,0.91087,0.112478,-1.0,-1.0,185.618,2.05061,1585,4462648
457,delete,5.418,-1.0,-1.0,-1.0,-1.0,44.443,2.04803,1583,4456761
458,search,5220.72,2519.64,1774.72,1.01809,168.856,2.1403,9.22964,0.91125,0.112264,-1.0,-1.0,44.475,2.04803,1585,4456761
459,delete,53.313,-1.0,-1.0,-1.0,-1.0,208.539,2.03016,1569,4419992
460,search,5259.16,2516.24,1839.66,1.01082,164.697,2.09899,8.91067,0.91078,0.112793,-1.0,-1.0,32.957,2.03025,1570,4419992
461,delete,6.341,-1.0,-1.0,-1.0,-1.0,20.068,2.03025,1570,4415725
462,search,5249.63,2509.52,1826.45,0.9939,168.923,2.10075,9.39079,0.91083,0.112606,-1.0,-1.0,21.124,2.03025,1570,4415725
463,delete,68.316,-1.0,-1.0,-1.0,-1.0,318.867,2.00716,1541,4370609
464,search,5185.23,2537.33,1817.22,0.998811,172.244,2.18152,8.63072,0.91053,0.112584,-1.0,-1.0,57.483,2.00769,1545,4370609
465,delete,25.78,-1.0,-1.0,-1.0,-1.0,63.821,1.99718,1539,4345244
466,search,5177.79,2522.36,1811.3,1.01399,161.775,2.12987,8.42054,0.90872,0.114136,-1.0,-1.0,27.753,1.99718,1540,4345244
467,delete,33.784,-1.0,-1.0,-1.0,-1.0,123.858,1.98846,1534,4319734
468,search,5166.53,2511.93,1796.57,0.995974,172.625,2.1642,9.16951,0.9089,0.113974,-1.0,-1.0,20.349,1.98846,1534,4319734
469,delete,21.511,-1.0,-1.0,-1.0,-1.0,93.868,1.97838,1526,4298361
470,search,5114.79,2513.06,1775.61,1.00474,171.819,2.18925,8.89651,0.90768,0.114937,-1.0,-1.0,30.492,1.97859,1527,4298361
471,delete,163.874,-1.0,-1.0,-1.0,-1.0,518.807,1.92156,1472,4188315
472,search,4953.41,2535.53,1733.42,0.970177,161.183,2.12446,9.32748,0.90696,0.115027,-1.0,-1.0,112.836,1.923,1483,4188315
473,delete,135.758,-1.0,-1.0,-1.0,-1.0,635.753,1.86554,1432,4074567
474,search,4734.26,2525.31,1600.06,1.01734,152.174,2.1414,8.92311,0.90541,0.116332,-1.0,-1.0,126.859,1.86717,1445,4074567
475,delete,486.122,-1.0,-1.0,-1.0,-1.0,2185.72,1.66233,1236,3691698
476,search,4219.68,2637.52,1486.83,1.04992,136.445,2.18291,9.45118,0.89973,0.120636,-1.0,-1.0,413.417,1.67027,1284,3691698
477,delete,43.606,-1.0,-1.0,-1.0,-1.0,190.535,1.65178,1272,3642619
478,search,4310.45,2530.6,1503.15,0.980387,144.483,2.17805,8.76673,0.90001,0.121018,-1.0,-1.0,86.562,1.65248,1279,3642619
479,delete,247.511,-1.0,-1.0,-1.0,-1.0,1582.97,1.55083,1164,3421368
480,search,4007.91,2621.57,1424.68,0.959664,135.367,2.19831,8.72782,0.89505,0.130279,-1.0,-1.0,454.712,1.55957,1196,3421368
481,delete,48.171,-1.0,-1.0,-1.0,-1.0,184.009,1.54174,1180,3378034
482,search,3979.5,2529.27,1382.16,0.992741,131.785,2.14481,9.53647,0.89508,0.128705,-1.0,-1.0,201.372,1.54221,1187,3378034
483,delete,336.186,-1.0,-1.0,-1.0,-1.0,1416.2,1.40325,1039,3115682
484,search,3600.85,2638.18,1284.21,0.922017,128.774,2.19202,9.00298,0.89062,0.129891,-1.0,-1.0,323.222,1.40984,1072,3115682
485,delete,19.948,-1.0,-1.0,-1.0,-1.0,48.105,1.40616,1069,3094629
486,search,3668.12,2553.51,1295.73,1.02142,114.966,2.16189,10.9024,0.89195,0.129493,-1.0,-1.0,110.212,1.40638,1078,3094629
487,delete,13.873,-1.0,-1.0,-1.0,-1.0,20.187,1.40569,1078,3086025
488,search,3681.12,2524.88,1281.35,1.00226,125.178,2.20716,9.39144,0.89172,0.129609,-1.0,-1.0,21.998,1.40569,1078,3086025
489,delete,52.758,-1.0,-1.0,-1.0,-1.0,150.25,1.39261,1068,3052105
490,search,3649.02,2519.43,1275.48,1.03481,120.082,2.1119,8.091,0.89158,0.129224,-1.0,-1.0,54.492,1.39305,1071,3052105
491,delete,15.722,-1.0,-1.0,-1.0,-1.0,48.248,1.38873,1068,3038974
492,search,3648.5,2512.09,1283.85,0.987192,116.804,2.23156,8.72093,0.89117,0.129775,-1.0,-1.0,21.448,1.38873,1068,3038974
493,delete,186.259,-1.0,-1.0,-1.0,-1.0,629.889,1.31941,1003,2911063
494,search,3455.01,2564.22,1230.21,0.926686,108.416,2.14302,8.90165,0.88846,0.132009,-1.0,-1.0,89.893,1.32032,1010,2911063
495,delete,28.382,-1.0,-1.0,-1.0,-1.0,112.754,1.31082,1000,2888785
496,search,3430.38,2544.73,1224.82,0.984651,112.421,2.16216,9.07756,0.88804,0.131771,-1.0,-1.0,69.425,1.31125,1005,2888785
497,delete,81.96,-1.0,-1.0,-1.0,-1.0,168.947,1.28934,987,2829718
498,search,3383.02,2518.51,1191.55,0.939508,107.298,2.14187,7.71341,0.88672,0.132265,-1.0,-1.0,18.877,1.28934,987,2829718
499,delete,22.841,-1.0,-1.0,-1.0,-1.0,42.399,1.28572,984,2816082
500,search,3367.17,2511.98,1174,0.957327,117.912,2.20515,8.97271,0.88601,0.132832,-1.0,-1.0,18.086,1.28572,984,2816082
501,delete,28.434,-1.0,-1.0,-1.0,-1.0,110.919,1.2768,975,2790880
502,search,3230.54,2512.42,1105.96,1.08023,101.218,2.19402,9.90639,0.88581,0.132754,-1.0,-1.0,28.411,1.27698,976,2790880
503,delete,19.576,-1.0,-1.0,-1.0,-1.0,30.515,1.27541,975,2774459
504,search,3348.5,2498.14,1168.89,1.00288,103.05,2.1837,9.06869,0.88539,0.132951,-1.0,-1.0,18.067,1.27541,975,2774459
505,delete,82.032,-1.0,-1.0,-1.0,-1.0,183.198,1.24704,955,2714683
506,search,3280.94,2493.53,1151.97,0.9809,104.712,2.1232,10.2477,0.8838,0.133331,-1.0,-1.0,28.081,1.24711,956,2714683
507,delete,54.231,-1.0,-1.0,-1.0,-1.0,122.388,1.23432,945,2680986
508,search,3138.22,2487.34,1053.76,1.12662,91.1182,2.18904,8.66887,0.88317,0.133689,-1.0,-1.0,70.407,1.23515,951,2680986
509,delete,23.241,-1.0,-1.0,-1.0,-1.0,123.171,1.22514,944,2662966
510,search,3103.48,2478.31,1011.52,1.18829,96.3774,2.19827,12.3337,0.88324,0.133528,-1.0,-1.0,37.405,1.22548,946,2662966
511,delete,26.07,-1.0,-1.0,-1.0,-1.0,54.972,1.22074,942,2642855
512,search,3078.9,2460,995.15,1.16601,93.2664,2.14374,11.4085,0.88249,0.134501,-1.0,-1.0,16.886,1.22074,942,2642855
513,insert,433.765,-1.0,-1.0,-1.0,-1.0,359.656,1.32573,973,2906838
514,search,3355,2593.48,1200.44,0.977786,106.36,2.18338,11.0565,0.8846,0.133063,-1.0,-1.0,140.813,1.32593,985,2906838
515,insert,7.785,-1.0,-1.0,-1.0,-1.0,45.797,1.32775,988,2913746
516,search,3398.68,2568.72,1211.35,0.958387,107.009,2.10656,8.71371,0.88575,0.132443,-1.0,-1.0,17.796,1.32775,988,2913746
517,insert,34.991,-1.0,-1.0,-1.0,-1.0,70.436,1.33458,997,2936862
518,search,3433.66,2562.13,1224.48,0.981601,111.116,3.37818,8.96953,0.8863,0.131943,-1.0,-1.0,25.088,1.33468,998,2936862
519,insert,122.368,-1.0,-1.0,-1.0,-1.0,142.075,1.36572,1007,3009732
520,search,3478.76,2598.48,1246.27,0.954578,114.351,2.66438,8.88152,0.88705,0.132185,-1.0,-1.0,107.148,1.36589,1016,3009732
521,insert,26.371,-1.0,-1.0,-1.0,-1.0,53.889,1.37147,1020,3025906
522,search,3523.58,2584.23,1254.98,0.968291,116.471,2.16449,10.3859,0.88773,0.131781,-1.0,-1.0,48.113,1.37169,1024,3025906
523,insert,57.76,-1.0,-1.0,-1.0,-1.0,106.28,1.38627,1034,3061899
524,search,3552.29,2577.16,1257.66,1.00677,115.799,2.18049,10.8237,0.88832,0.131624,-1.0,-1.0,41.054,1.38632,1036,3061899
525,insert,64.523,-1.0,-1.0,-1.0,-1.0,120.778,1.40198,1049,3101209
526,search,3622.17,2575.56,1289.07,0.971519,117.635,2.66163,10.9425,0.88872,0.131419,-1.0,-1.0,31.666,1.40212,1051,3101209
527,insert,738.044,-1.0,-1.0,-1.0,-1.0,872.441,1.58454,1172,3522334
528,search,4025.58,2660.5,1458.73,0.945779,131.533,2.21129,9.00364,0.89622,0.125253,-1.0,-1.0,197.728,1.58697,1198,3522334
529,insert,404.524,-1.0,-1.0,-1.0,-1.0,461.736,1.70442,1267,3797294
530,search,4369.49,2688.17,1584.25,0.997461,149.367,2.16807,9.12073,0.90228,0.121865,-1.0,-1.0,138.449,1.70576,1281,3797294
531,insert,106.363,-1.0,-1.0,-1.0,-1.0,164.276,1.72972,1299,3853781
532,search,4444,2661.78,1590.48,1.0065,141.391,2.18883,9.09593,0.90226,0.121877,-1.0,-1.0,38.762,1.72981,1302,3853781
533,insert,27.331,-1.0,-1.0,-1.0,-1.0,50.009,1.73654,1306,3873352
534,search,4489.29,2661.32,1614.35,1.00901,150.409,2.19009,7.45947,0.90259,0.121664,-1.0,-1.0,18.125,1.73654,1306,3873352
535,insert,31.017,-1.0,-1.0,-1.0,-1.0,66.631,1.74367,1313,3893308
536,search,4401.39,2665.9,1525.86,1.05776,139.114,2.16064,8.78021,0.90293,0.121386,-1.0,-1.0,18.312,1.74367,1313,3893308
537,insert,9.645,-1.0,-1.0,-1.0,-1.0,26.436,1.74655,1314,3901271
538,search,4426.81,2666.57,1552.69,1.10564,142.318,2.17928,8.16269,0.90352,0.120951,-1.0,-1.0,50.016,1.74703,1318,3901271
539,insert,33.615,-1.0,-1.0,-1.0,-1.0,52.19,1.75489,1323,3925164
540,search,4556.89,2663.68,1643.11,0.994465,150.182,2.43607,8.25252,0.90348,0.120964,-1.0,-1.0,26.279,1.7549,1324,3925164
541,insert,585.599,-1.0,-1.0,-1.0,-1.0,712.248,1.93387,1415,4320915
542,search,4948.6,2770.72,1821.46,0.974694,175.161,3.39312,9.24032,0.90771,0.117638,-1.0,-1.0,327.478,1.93604,1460,4320915
543,insert,59.679,-1.0,-1.0,-1.0,-1.0,112.541,1.95133,1475,4360814
544,search,5056.77,2662.82,1830.39,0.989268,165.082,2.16786,9.20311,0.90782,0.117671,-1.0,-1.0,66.887,1.95148,1481,4360814
545,insert,15.899,-1.0,-1.0,-1.0,-1.0,27.485,1.95554,1482,4370220
546,search,4969.38,2652.38,1735.57,1.06767,155.105,2.14467,8.24008,0.90787,0.117579,-1.0,-1.0,24.673,1.9556,1483,4370220
547,insert,235.775,-1.0,-1.0,-1.0,-1.0,328.354,2.01923,1539,4510675
548,search,5246.73,2641.55,1885.42,0.998097,175.329,2.17084,8.20406,0.90997,0.115241,-1.0,-1.0,30.37,2.01927,1541,4510675
549,insert,328.416,-1.0,-1.0,-1.0,-1.0,335.408,2.11719,1573,4744845
550,search,5381.25,2686.7,1950.39,0.993686,173.21,2.16529,9.41825,0.90697,0.119394,-1.0,-1.0,163.723,2.11787,1584,4744845
551,insert,32.276,-1.0,-1.0,-1.0,-1.0,71.025,2.13085,1588,4771433
552,search,5327.74,2669.73,1874.76,1.08096,164.574,2.15018,8.70849,0.90719,0.118748,-1.0,-1.0,108.408,2.13123,1597,4771433
553,insert,14.922,-1.0,-1.0,-1.0,-1.0,25.523,2.13442,1598,4782909
554,search,5459.82,2657.68,1980.61,0.996333,182.971,2.17078,9.6716,0.9075,0.118357,-1.0,-1.0,56.253,2.13449,1601,4782909
555,insert,645.509,-1.0,-1.0,-1.0,-1.0,815.576,2.31425,1745,5180322
556,search,5936.61,2671.99,2149.78,1.08668,197.547,2.20235,9.53937,0.91313,0.113199,-1.0,-1.0,128.759,2.31485,1760,5180322
557,insert,25.987,-1.0,-1.0,-1.0,-1.0,46.916,2.32078,1764,5203220
558,search,5990.66,2654.69,2145.34,0.996794,197.71,2.19084,8.81969,0.91355,0.113124,-1.0,-1.0,43.258,2.32094,1767,5203220
559,insert,7.168,-1.0,-1.0,-1.0,-1.0,39.318,2.32334,1769,5210154
560,search,5972.77,2652.06,2117.66,1.04523,192.486,2.84343,7.88232,0.91373,0.112989,-1.0,-1.0,21.033,2.32334,1769,5210154
561,insert,6.445,-1.0,-1.0,-1.0,-1.0,32.194,2.32496,1771,5215426
562,search,6038.32,2650.64,2155.19,1.001,195.267,2.1564,9.48249,0.91377,0.113003,-1.0,-1.0,25.071,2.32496,1771,5215426
563,insert,67.151,-1.0,-1.0,-1.0,-1.0,134.15,2.33873,1788,5252726
564,search,6000.88,2644.21,2117.18,1.05586,187.176,2.21187,8.96971,0.91406,0.112674,-1.0,-1.0,52.216,2.33913,1792,5252726
565,insert,305.171,-1.0,-1.0,-1.0,-1.0,360.666,2.42467,1824,5447274
566,search,6137,2673.8,2161.11,1.04923,196.512,2.37787,8.96204,0.91434,0.112786,-1.0,-1.0,92.861,2.42534,1833,5447274
567,insert,20.613,-1.0,-1.0,-1.0,-1.0,33.86,2.4323,1835,5463135
568,search,6250.89,2663.19,2247.17,0.979041,209.712,2.13323,9.59511,0.91436,0.112741,-1.0,-1.0,58.353,2.43244,1839,5463135
569,insert,23.163,-1.0,-1.0,-1.0,-1.0,60.002,2.439,1844,5478168
570,search,6142.4,2659.16,2145.31,1.03441,191.484,2.14522,9.53366,0.91443,0.112757,-1.0,-1.0,23.289,2.439,1844,5478168
571,insert,20.421,-1.0,-1.0,-1.0,-1.0,40.736,2.44516,1845,5492309
572,search,6169.53,2662.04,2163.23,1.0333,193.304,2.15925,8.9191,0.91412,0.113075,-1.0,-1.0,22.457,2.44516,1845,5492309
573,insert,91.304,-1.0,-1.0,-1.0,-1.0,119.988,2.46673,1858,5554599
574,search,6339.62,2673.64,2281.46,1.00131,211.839,2.14418,8.67172,0.91515,0.111996,-1.0,-1.0,29.075,2.46675,1859,5554599
575,insert,85.612,-1.0,-1.0,-1.0,-1.0,144.95,2.48883,1873,5604500
576,search,6401.62,2680.31,2313.07,0.953921,214.822,2.17235,8.55493,0.91571,0.111582,-1.0,-1.0,45.57,2.48905,1877,5604500
577,insert,51.996,-1.0,-1.0,-1.0,-1.0,106.091,2.50209,1893,5638834
578,search,6340.92,2670.6,2238.16,1.0245,204.018,2.21994,8.81228,0.91593,0.111148,-1.0,-1.0,36.663,2.50238,1895,5638834
579,insert,970.645,-1.0,-1.0,-1.0,-1.0,1254.31,2.78281,2087,6229778
580,search,7010.14,2707.36,2503.13,1.03351,227.013,2.134,9.56808,0.92018,0.108348,-1.0,-1.0,111.855,2.78343,2100,6229778
581,insert,42.809,-1.0,-1.0,-1.0,-1.0,115.241,2.79737,2112,6261240
582,search,7146.12,2688.49,2590.95,0.985253,238.028,2.16376,8.87744,0.92023,0.108255,-1.0,-1.0,26.71,2.79737,2112,6261240
583,insert,26.382,-1.0,-1.0,-1.0,-1.0,84.089,2.8057,2120,6283315
584,search,7143.1,2687.45,2559.76,1.03084,232.881,2.14413,8.57555,0.92056,0.107933,-1.0,-1.0,60.198,2.80618,2124,6283315
585,insert,359.395,-1.0,-1.0,-1.0,-1.0,491.914,2.93355,2181,6556101
586,search,7189.06,2709.44,2497.04,1.11188,209.043,2.14751,8.83756,0.92199,0.107289,-1.0,-1.0,230.718,2.93579,2207,6556101
587,insert,42.007,-1.0,-1.0,-1.0,-1.0,108.886,2.94733,2218,6587187
588,search,7433.53,2672.29,2649.06,1.00221,238.734,2.16602,8.51224,0.92235,0.106976,-1.0,-1.0,73.504,2.94755,2223,6587187
589,insert,71.603,-1.0,-1.0,-1.0,-1.0,104.259,2.96329,2235,6631526
590,search,7565.79,2666.99,2730.09,0.992804,252.133,2.1562,8.65332,0.92285,0.10641,-1.0,-1.0,46.458,2.96358,2237,6631526
591,insert,673.777,-1.0,-1.0,-1.0,-1.0,808.101,3.16818,2368,7108942
592,search,8077.3,2729.8,2961.74,0.971779,279.272,2.16564,8.10575,0.92709,0.102706,-1.0,-1.0,195.522,3.16951,2393,7108942
593,insert,252.832,-1.0,-1.0,-1.0,-1.0,328.295,3.25389,2436,7303976
594,search,8305.95,2728.65,3025.86,0.975828,292.503,2.17261,9.11149,0.92836,0.102405,-1.0,-1.0,174.051,3.25566,2456,7303976
595,insert,5.586,-1.0,-1.0,-1.0,-1.0,38.826,3.25701,2458,7309244
596,search,8335.32,2701.51,3022.24,0.986652,279.55,2.15694,9.30662,0.92849,0.102245,-1.0,-1.0,80.36,3.2575,2464,7309244
597,insert,325.964,-1.0,-1.0,-1.0,-1.0,434.044,3.363,2522,7542477
598,search,8612.21,2724.73,3143.07,0.976487,300.085,2.16198,7.83561,0.9312,0.0999456,-1.0,-1.0,242.481,3.36624,2557,7542477
599,insert,139.095,-1.0,-1.0,-1.0,-1.0,276.951,3.40765,2599,7654438
600,search,8792.24,2683.99,3172.23,0.988879,292.758,2.18313,8.75488,0.93147,0.09954,-1.0,-1.0,82.131,3.40876,2608,7654438
601,insert,83.612,-1.0,-1.0,-1.0,-1.0,152.116,3.43745,2627,7717936
602,search,8872.86,2677.28,3188.44,0.966072,300.319,2.16466,8.11468,0.93235,0.0987201,-1.0,-1.0,73.057,3.43783,2634,7717936
603,insert,6.679,-1.0,-1.0,-1.0,-1.0,25.852,3.43945,2634,7723521
604,search,8853.14,2671.57,3177.48,1.03,290.894,2.14781,8.71958,0.93241,0.0987031,-1.0,-1.0,30.127,3.43945,2634,7723521
605,insert,72.29,-1.0,-1.0,-1.0,-1.0,101.428,3.45583,2644,7767404
606,search,8913.69,2678.7,3199.25,1.02127,298.382,2.15545,8.85685,0.9326,0.0987912,-1.0,-1.0,29.007,3.45583,2644,7767404
607,insert,100.632,-1.0,-1.0,-1.0,-1.0,54.277,3.4767,2647,7826115
608,search,8966.05,2686.91,3233.76,0.999251,306.515,2.15309,8.99679,0.93235,0.0989124,-1.0,-1.0,42.415,3.47684,2649,7826115
609,insert,312.103,-1.0,-1.0,-1.0,-1.0,418.003,3.56603,2702,8036351
610,search,9182.17,2695.73,3321.43,0.960355,315.761,2.20229,8.40403,0.93352,0.0977004,-1.0,-1.0,79.293,3.56629,2708,8036351
611,insert,33.641,-1.0,-1.0,-1.0,-1.0,71.245,3.57559,2715,8060364
612,search,9195.1,2688.82,3325,1.02786,310.155,2.18487,8.12103,0.93369,0.0976991,-1.0,-1.0,61.746,3.57576,2719,8060364
613,insert,278.1,-1.0,-1.0,-1.0,-1.0,357.693,3.66294,2766,8256083
614,search,9351.19,2700.68,3394.58,1.0007,317.92,2.14298,8.52057,0.93475,0.0965308,-1.0,-1.0,122.95,3.66437,2782,8256083
615,insert,458.732,-1.0,-1.0,-1.0,-1.0,635.828,3.83282,2863,8625707
616,search,9735.77,2714.72,3541.31,0.985341,332.138,2.88095,8.40871,0.93665,0.0945862,-1.0,-1.0,314.562,3.83537,2908,8625707
617,insert,398.677,-1.0,-1.0,-1.0,-1.0,667.992,3.97915,2987,8949227
618,search,10054.2,2686.41,3630.84,0.991558,340.455,2.38865,9.91561,0.93821,0.093056,-1.0,-1.0,327.396,3.98174,3031,8949227
619,insert,284.561,-1.0,-1.0,-1.0,-1.0,418.617,4.08384,3090,9195551
620,search,10305.7,2646.76,3671.65,0.998419,334.098,2.11931,8.82791,0.93925,0.0918332,-1.0,-1.0,200.031,4.08546,3110,9195551
621,insert,47.078,-1.0,-1.0,-1.0,-1.0,79.83,4.10007,3118,9232372
622,search,10421.4,2632.2,3705.75,0.988474,347.065,3.25307,7.96301,0.93946,0.0915174,-1.0,-1.0,90.594,4.10057,3123,9232372
623,insert,25.892,-1.0,-1.0,-1.0,-1.0,60.837,4.1094,3128,9253561
624,search,10528.3,2634.3,3764.71,0.97012,365.783,2.14437,8.70782,0.93961,0.0912735,-1.0,-1.0,77.404,4.10992,3135,9253561
625,insert,99.417,-1.0,-1.0,-1.0,-1.0,185.105,4.14274,3154,9331230
626,search,10599,2632.77,3782.08,1.01203,362.956,2.16451,8.92612,0.94001,0.090979,-1.0,-1.0,66.317,4.14342,3160,9331230
627,insert,73.587,-1.0,-1.0,-1.0,-1.0,107.822,4.16176,3172,9374063
628,search,10605.5,2629.68,3778.53,0.972963,357.274,2.65072,8.34092,0.94006,0.0909517,-1.0,-1.0,30.466,4.16176,3172,9374063
629,insert,24.024,-1.0,-1.0,-1.0,-1.0,55.241,4.16726,3175,9387598
630,search,10648,2630.88,3807.3,0.973403,364.099,2.13903,9.1745,0.94027,0.0907873,-1.0,-1.0,45.986,4.16742,3178,9387598
631,insert,64.901,-1.0,-1.0,-1.0,-1.0,62.062,4.18109,3182,9421724
632,search,10626.6,2629.75,3795.08,0.992216,354.967,2.38727,9.3418,0.94021,0.0908149,-1.0,-1.0,41.217,4.18118,3183,9421724
633,insert,64.067,-1.0,-1.0,-1.0,-1.0,132.568,4.19669,3198,9461430
634,search,10662.9,2632.25,3783.07,1.03107,345.474,2.16934,8.37784,0.94048,0.0905006,-1.0,-1.0,35.258,4.19669,3198,9461430
635,insert,47.574,-1.0,-1.0,-1.0,-1.0,103.612,4.20258,3206,9479469
636,search,10720.1,2630.59,3807.59,1.00901,355.728,2.13828,8.0844,0.94064,0.0904735,-1.0,-1.0,39.814,4.20264,3207,9479469
637,insert,692.741,-1.0,-1.0,-1.0,-1.0,921.281,4.38872,3344,9885997
638,search,11235,2642.49,4031.88,0.976575,386.688,2.16984,9.44998,0.94272,0.0884278,-1.0,-1.0,195.445,4.39215,3369,9885997
639,insert,570.863,-1.0,-1.0,-1.0,-1.0,868.025,4.57013,3506,10292043
640,search,11725.9,2629.8,4195.15,1.0085,393.803,2.15365,8.41465,0.94395,0.0876046,-1.0,-1.0,171.212,4.57199,3525,10292043
641,delete,217.222,-1.0,-1.0,-1.0,-1.0,1881.19,4.49006,3451,10096584
642,search,11550,2619.94,4128.4,0.970531,390.553,2.16584,8.66097,0.94314,0.088411,-1.0,-1.0,144.121,4.49216,3465,10096584
643,delete,12.654,-1.0,-1.0,-1.0,-1.0,62.604,4.49093,3464,10084840
644,search,11537.4,2607.87,4095.56,0.978474,375.847,2.1575,8.60995,0.94321,0.0883537,-1.0,-1.0,72.065,4.49145,3465,10084840
645,delete,25.487,-1.0,-1.0,-1.0,-1.0,35.084,4.49145,3465,10069802
646,search,11506,2601.88,4054.89,1.01509,366.664,2.13837,9.24514,0.94323,0.0883342,-1.0,-1.0,39.863,4.49145,3465,10069802
647,delete,143.678,-1.0,-1.0,-1.0,-1.0,879.967,4.45564,3429,9990953
648,search,11478.4,2606.11,4058.56,1.00749,385.302,2.15261,9.03574,0.94257,0.0885648,-1.0,-1.0,93.59,4.45623,3434,9990953
649,delete,64.173,-1.0,-1.0,-1.0,-1.0,157.236,4.45179,3430,9951625
650,search,11404.3,2595.44,4007.49,1.01943,378.702,2.15109,8.7427,0.94269,0.0886288,-1.0,-1.0,38.251,4.45179,3430,9951625
651,delete,39.354,-1.0,-1.0,-1.0,-1.0,258.091,4.4419,3421,9927065
652,search,10922.7,2599.31,3629.15,1.13513,301.883,2.08717,9.02227,0.94255,0.0888328,-1.0,-1.0,51.041,4.44204,3422,9927065
653,delete,133.739,-1.0,-1.0,-1.0,-1.0,829.222,4.39925,3382,9831098
654,search,10805,2599.58,3597.05,1.1459,296.216,2.09977,9.11409,0.94218,0.0888652,-1.0,-1.0,77.376,4.39983,3386,9831098
655,delete,492.602,-1.0,-1.0,-1.0,-1.0,2909.46,4.24922,3227,9462172
656,search,10588,2617.22,3637.82,1.04922,321.151,2.11876,10.0076,0.94031,0.0911645,-1.0,-1.0,320.995,4.25337,3260,9462172
657,delete,251.429,-1.0,-1.0,-1.0,-1.0,880.589,4.16541,3164,9218902
658,search,10335.7,2590.39,3549.66,1.06798,316.814,2.16572,9.47313,0.93761,0.0930735,-1.0,-1.0,104.285,4.16622,3173,9218902
659,delete,174.642,-1.0,-1.0,-1.0,-1.0,865.158,4.11201,3125,9106546
660,search,10312.7,2582.13,3593.95,1.04751,330.117,2.15571,9.17991,0.93701,0.0937447,-1.0,-1.0,142.668,4.11372,3136,9106546
661,delete,68.539,-1.0,-1.0,-1.0,-1.0,199.925,4.10462,3130,9059776
662,search,10248.1,2567.96,3511.56,1.0846,321.175,2.14406,8.52,0.93712,0.0934899,-1.0,-1.0,50.719,4.10483,3131,9059776
663,delete,114.363,-1.0,-1.0,-1.0,-1.0,543.977,4.07693,3104,8990616
664,search,10109.2,2564.51,3453.09,1.08002,309.673,2.13565,9.21014,0.9362,0.0942932,-1.0,-1.0,71.515,4.07767,3107,8990616
665,delete,70.445,-1.0,-1.0,-1.0,-1.0,499.959,4.05066,3088,8937437
666,search,10085.4,2563.26,3446.81,1.07232,309.805,2.1412,8.78845,0.93594,0.094591,-1.0,-1.0,54.399,4.05098,3090,8937437
667,delete,225.995,-1.0,-1.0,-1.0,-1.0,1363.64,3.96971,3020,8766390
668,search,9908.23,2564.47,3428.96,1.066,311.73,2.25289,9.05846,0.93511,0.0957063,-1.0,-1.0,197.159,3.97177,3035,8766390
669,delete,266.828,-1.0,-1.0,-1.0,-1.0,2227.9,3.86155,2928,8532008
670,search,9723.93,2567.7,3403.14,1.00038,312.172,2.14948,9.353,0.93439,0.0956478,-1.0,-1.0,258.65,3.86538,2953,8532008
671,delete,50.775,-1.0,-1.0,-1.0,-1.0,223.431,3.85156,2940,8489178
672,search,9759.74,2540.61,3416.77,0.977619,320.538,2.15648,9.6547,0.93453,0.0960209,-1.0,-1.0,89.089,3.85156,2944,8489178
673,delete,89.68,-1.0,-1.0,-1.0,-1.0,390.338,3.82508,2922,8421866
674,search,9698.31,2537.14,3383,0.983541,327.57,2.14177,9.34259,0.93423,0.0960861,-1.0,-1.0,64.637,3.82541,2925,8421866
675,delete,196.046,-1.0,-1.0,-1.0,-1.0,926.449,3.77328,2870,8288319
676,search,9541.33,2548.28,3338.13,1.00609,318.688,2.26628,9.02737,0.93415,0.0963306,-1.0,-1.0,162.613,3.77638,2876,8288319
677,delete,220.222,-1.0,-1.0,-1.0,-1.0,640.038,3.69903,2840,8072197
678,search,9271.78,2517.75,3139.8,1.04398,280.423,2.15358,9.22276,0.93658,0.093414,-1.0,-1.0,107.809,3.69965,2846,8072197
679,delete,36.598,-1.0,-1.0,-1.0,-1.0,406.688,3.68265,2834,8036947
680,search,9279.51,2514.07,3180.32,1.01138,286.983,2.33273,8.91618,0.93668,0.0932087,-1.0,-1.0,86.958,3.68341,2838,8036947
681,delete,10.746,-1.0,-1.0,-1.0,-1.0,30.08,3.68312,2838,8026197
682,search,9369.62,2509.86,3230,0.979416,296.899,2.15341,8.19871,0.93672,0.0931063,-1.0,-1.0,31.528,3.68312,2838,8026197
683,delete,423.607,-1.0,-1.0,-1.0,-1.0,2021.87,3.56823,2705,7744229
684,search,8761.33,2548.29,2948.22,1.06166,259.162,2.11819,9.0634,0.93658,0.0938199,-1.0,-1.0,192.433,3.57046,2725,7744229
685,delete,303.567,-1.0,-1.0,-1.0,-1.0,1413.53,3.48065,2622,7541066
686,search,8614.69,2561.92,2966.48,1.00638,272.286,2.10152,9.11044,0.93378,0.0972359,-1.0,-1.0,284.174,3.48368,2653,7541066
687,delete,21.027,-1.0,-1.0,-1.0,-1.0,127.42,3.47826,2649,7522190
688,search,8813.22,2522.3,3075.89,0.968207,295.715,2.15422,9.35403,0.93329,0.0974451,-1.0,-1.0,65.678,3.47893,2652,7522190
689,delete,157.58,-1.0,-1.0,-1.0,-1.0,614.061,3.41949,2621,7409400
690,search,8499.61,2513.22,2873.31,1.06243,255.757,2.09349,8.711,0.93258,0.0977958,-1.0,-1.0,84.78,3.42032,2626,7409400
691,delete,50.988,-1.0,-1.0,-1.0,-1.0,88.251,3.41248,2622,7375648
692,search,8571.33,2497.81,2935.48,1.05422,257.041,2.13216,8.99167,0.9327,0.0976918,-1.0,-1.0,48.993,3.41276,2624,7375648
693,delete,220.197,-1.0,-1.0,-1.0,-1.0,521.984,3.34718,2597,7222068
694,search,8361.82,2471.79,2772.67,1.07994,245.71,2.11012,9.36002,0.93278,0.0977682,-1.0,-1.0,99.422,3.34765,2603,7222068
695,delete,31.012,-1.0,-1.0,-1.0,-1.0,236.763,3.33466,2595,7196331
696,search,8539.62,2476.31,2939.74,0.987576,279.549,2.16114,9.22251,0.93332,0.0968277,-1.0,-1.0,67.082,3.33522,2599,7196331
697,delete,35.124,-1.0,-1.0,-1.0,-1.0,181.247,3.32179,2592,7170716
698,search,8491.82,2466.37,2931.93,0.98286,255.792,2.12845,8.30874,0.93347,0.0967656,-1.0,-1.0,42.428,3.32185,2593,7170716
699,delete,22.27,-1.0,-1.0,-1.0,-1.0,120.42,3.31296,2588,7155255
700,search,8437.25,2468.64,2876.35,1.02535,250.644,2.09744,9.6107,0.93395,0.0961656,-1.0,-1.0,49.21,3.31317,2590,7155255
701,delete,94.179,-1.0,-1.0,-1.0,-1.0,190.212,3.30145,2582,7097733
702,search,8487.65,2449.21,2906.54,0.979857,271.122,2.13783,9.05043,0.93351,0.0965103,-1.0,-1.0,41.417,3.30148,2583,7097733
703,delete,294.996,-1.0,-1.0,-1.0,-1.0,1077.59,3.21184,2507,6924172
704,search,8241.23,2459.89,2805.19,1.01214,264.488,2.156,9.32177,0.93325,0.0968531,-1.0,-1.0,143.608,3.21344,2518,6924172
705,delete,43.311,-1.0,-1.0,-1.0,-1.0,121.27,3.20573,2510,6896276
706,search,8272.01,2447.12,2848.82,0.98678,257.536,2.0872,9.05113,0.93325,0.0969047,-1.0,-1.0,49.708,3.20614,2512,6896276
707,delete,770.86,-1.0,-1.0,-1.0,-1.0,4423.63,2.90875,2179,6385507
708,search,7323.23,2663.77,2591.88,1.02386,236.149,2.32893,10.8842,0.93259,0.0991764,-1.0,-1.0,855.046,2.92513,2306,6385507
709,delete,169.245,-1.0,-1.0,-1.0,-1.0,1225.85,2.83029,2214,6207658
710,search,7330.57,2482.73,2518.57,0.967773,240.693,2.18859,8.42454,0.92884,0.102458,-1.0,-1.0,279.91,2.83442,2251,6207658
711,delete,43.517,-1.0,-1.0,-1.0,-1.0,234.583,2.81646,2239,6162720
712,search,7340.87,2420.24,2486.39,0.996043,230.237,2.151,8.00985,0.92811,0.103226,-1.0,-1.0,76.145,2.81724,2244,6162720
713,delete,310.967,-1.0,-1.0,-1.0,-1.0,1327.89,2.7073,2164,5927803
714,search,7087.9,2415.37,2407.72,1.00872,221.98,2.12471,8.32557,0.92549,0.105311,-1.0,-1.0,130.291,2.70867,2172,5927803
715,delete,38.052,-1.0,-1.0,-1.0,-1.0,180.886,2.69466,2162,5895666
716,search,6991.26,2404.87,2326.35,1.04192,204.491,2.09679,9.60724,0.9256,0.105179,-1.0,-1.0,36.096,2.69466,2162,5895666
717,delete,51.937,-1.0,-1.0,-1.0,-1.0,177.051,2.68577,2152,5868774
718,search,6958.39,2403.54,2295.12,1.04755,210.338,2.15991,9.69897,0.92537,0.105385,-1.0,-1.0,46.256,2.68599,2153,5868774
719,delete,546.644,-1.0,-1.0,-1.0,-1.0,2489.14,2.52302,1942,5533540
720,search,6529.63,2545.82,2291.33,0.960884,203.136,2.1748,9.11051,0.92251,0.107521,-1.0,-1.0,365.576,2.52871,1993,5533540
721,delete,136.918,-1.0,-1.0,-1.0,-1.0,589.301,2.47968,1951,5418387
722,search,6313.11,2459.83,2093.98,1.08699,189.866,2.12931,11.3094,0.92,0.109969,-1.0,-1.0,254.852,2.48212,1975,5418387
723,delete,24.256,-1.0,-1.0,-1.0,-1.0,114.906,2.47683,1970,5398291
724,search,6499.03,2405.03,2212.9,1.00655,216.852,2.17662,8.44342,0.91903,0.110604,-1.0,-1.0,70.927,2.47687,1973,5398291
725,delete,168.09,-1.0,-1.0,-1.0,-1.0,833.541,2.4181,1914,5273546
726,search,6206.13,2409.75,2143.72,1.01629,202.07,2.17903,8.85903,0.91776,0.11143,-1.0,-1.0,165.484,2.42019,1926,5273546
727,delete,106.547,-1.0,-1.0,-1.0,-1.0,705.732,2.37913,1871,5180937
728,search,5987.57,2437.21,2035.88,1.04677,188.216,2.17244,10.0585,0.91778,0.111042,-1.0,-1.0,112.879,2.38067,1886,5180937
729,delete,98.49,-1.0,-1.0,-1.0,-1.0,441.748,2.33803,1843,5079524
730,search,5961.07,2412.43,1996.04,1.03888,179.14,2.13621,10.9199,0.91676,0.111472,-1.0,-1.0,102.964,2.33901,1853,5079524
731,delete,71.16,-1.0,-1.0,-1.0,-1.0,173.136,2.32191,1839,5019265
732,search,5892.07,2387.1,2032.71,0.990122,192.446,2.15616,8.39025,0.91605,0.112112,-1.0,-1.0,65.98,2.32231,1843,5019265
733,delete,91.719,-1.0,-1.0,-1.0,-1.0,258.616,2.29701,1825,4955565
734,search,5918.27,2369,1962.45,0.990495,170.453,2.10577,8.35529,0.91573,0.112638,-1.0,-1.0,49.465,2.29729,1827,4955565
735,delete,207.504,-1.0,-1.0,-1.0,-1.0,489.5,2.21729,1781,4776948
736,search,5690.81,2360.02,1974.58,0.962436,169.751,2.09688,8.66426,0.91907,0.10937,-1.0,-1.0,111.802,2.21768,1791,4776948
737,delete,146.222,-1.0,-1.0,-1.0,-1.0,578.797,2.16602,1753,4654026
738,search,5516.17,2333.59,1806.6,1.08377,157.606,2.14175,8.39516,0.91809,0.110547,-1.0,-1.0,81.951,2.16649,1758,4654026
739,delete,63.077,-1.0,-1.0,-1.0,-1.0,305.425,2.13489,1735,4589888
740,search,5527.75,2328.18,1895.96,1.01374,159.442,2.12288,8.44423,0.91898,0.10927,-1.0,-1.0,100.376,2.13562,1741,4589888
741,delete,216.607,-1.0,-1.0,-1.0,-1.0,542.953,2.05317,1676,4430862
742,search,4393.29,2320.06,1690.48,1.10295,150.758,2.09739,9.23153,0.91759,0.11134,-1.0,-1.0,97.638,2.05565,1688,4430862
743,delete,143.843,-1.0,-1.0,-1.0,-1.0,901.494,1.95924,1593,4237049
744,search,4182.46,2344.86,1633.16,1.09573,139.44,2.06261,9.15419,0.91498,0.113146,-1.0,-1.0,165.507,1.96451,1614,4237049
745,delete,196.294,-1.0,-1.0,-1.0,-1.0,961.166,1.82602,1491,4000195
746,search,3959.94,2405.54,1551.3,1.14883,136.373,2.09702,9.26397,0.91275,0.113781,-1.0,-1.0,125.607,1.82822,1511,4000195
747,delete,146.417,-1.0,-1.0,-1.0,-1.0,979.573,1.73233,1428,3803954
748,search,4641.76,2395.51,1628.12,0.967005,142.968,2.07421,8.77338,0.90972,0.115958,-1.0,-1.0,141.806,1.73536,1443,3803954
749,delete,64.079,-1.0,-1.0,-1.0,-1.0,245.964,1.70945,1420,3733214
750,search,4517.19,2366.07,1606.09,0.932806,140.255,3.11736,8.38133,0.90955,0.115926,-1.0,-1.0,68.946,1.7099,1424,3733214
751,delete,35.593,-1.0,-1.0,-1.0,-1.0,192.814,1.69574,1411,3709324
752,search,4575.75,2359.56,1504.68,1.05583,132.77,2.15057,9.19086,0.90816,0.117002,-1.0,-1.0,50.277,1.69641,1414,3709324
753,delete,87.92,-1.0,-1.0,-1.0,-1.0,402.125,1.66383,1381,3649123
754,search,4570.57,2367.67,1555.22,0.958252,139.306,2.2067,9.18156,0.90736,0.11776,-1.0,-1.0,63.34,1.66466,1383,3649123
755,delete,34.734,-1.0,-1.0,-1.0,-1.0,100.853,1.65854,1377,3621475
756,search,4538.62,2355.55,1550.82,0.988006,133.716,3.79801,8.99181,0.90691,0.117519,-1.0,-1.0,60.599,1.65858,1380,3621475
757,delete,37.511,-1.0,-1.0,-1.0,-1.0,109.797,1.64633,1372,3594479
758,search,4541.37,2353.06,1541.35,0.977136,135.613,2.12489,8.51057,0.90675,0.117428,-1.0,-1.0,45.365,1.64662,1374,3594479
759,delete,35.712,-1.0,-1.0,-1.0,-1.0,195.134,1.63305,1363,3569055
760,search,4521.69,2354.61,1536.41,1.00348,132.752,2.14005,8.65962,0.90649,0.117891,-1.0,-1.0,30.33,1.63328,1364,3569055
761,delete,52.884,-1.0,-1.0,-1.0,-1.0,113.431,1.62164,1355,3527896
762,search,4457.12,2337.14,1494.3,0.984344,133.963,2.13178,8.54237,0.9058,0.1182,-1.0,-1.0,32.444,1.62169,1356,3527896
763,delete,25.334,-1.0,-1.0,-1.0,-1.0,63.336,1.61659,1352,3509970
764,search,4453.36,2329.93,1497.99,0.984101,131.573,2.17914,8.65347,0.9053,0.118781,-1.0,-1.0,18.952,1.61659,1352,3509970
765,delete,528.504,-1.0,-1.0,-1.0,-1.0,1494.91,1.44401,1180,3187549
766,search,4004.44,2445.18,1384.94,1.03991,122.55,2.0888,8.40654,0.90273,0.120385,-1.0,-1.0,207.735,1.44733,1205,3187549
767,delete,506.207,-1.0,-1.0,-1.0,-1.0,1696.06,1.26088,1003,2822906
768,search,3444.26,2536.94,1218.05,1.00733,110.852,2.18949,8.70168,0.89251,0.129839,-1.0,-1.0,269.421,1.26505,1032,2822906
769,insert,17.612,-1.0,-1.0,-1.0,-1.0,18.041,1.26807,1032,2832899
770,search,3505.46,2455.93,1213.77,1.03552,115.27,2.17112,9.40813,0.89385,0.128311,-1.0,-1.0,52.501,1.26838,1036,2832899
771,insert,58.416,-1.0,-1.0,-1.0,-1.0,83.115,1.28185,1042,2863523
772,search,3526.28,2459.32,1219.41,0.975331,114.389,2.16565,8.24167,0.89461,0.127618,-1.0,-1.0,30.144,1.28197,1043,2863523
773,insert,111.976,-1.0,-1.0,-1.0,-1.0,149.212,1.30614,1059,2925169
774,search,3592.07,2472.92,1249.54,1.03236,117.635,2.18723,9.92345,0.89599,0.126794,-1.0,-1.0,41.904,1.30614,1061,2925169
775,insert,64.701,-1.0,-1.0,-1.0,-1.0,77.786,1.32189,1066,2961356
776,search,3624.82,2487.52,1262.03,0.953143,119.279,2.18679,9.34526,0.89632,0.126877,-1.0,-1.0,41.228,1.32189,1068,2961356
777,insert,63.519,-1.0,-1.0,-1.0,-1.0,86.73,1.33483,1074,2998678
778,search,3668.15,2510.46,1279.59,0.964936,116.244,2.21624,8.3352,0.89797,0.125656,-1.0,-1.0,51.597,1.3351,1077,2998678
779,insert,27.916,-1.0,-1.0,-1.0,-1.0,18.739,1.33949,1077,3011024
780,search,3671.14,2511.22,1292.64,0.97732,117.373,2.17306,8.61488,0.89802,0.125914,-1.0,-1.0,20.665,1.33949,1077,3011024
781,insert,14.892,-1.0,-1.0,-1.0,-1.0,43.439,1.34246,1079,3019515
782,search,3616.02,2517.37,1227.37,1.03054,110.475,2.14348,9.65412,0.8981,0.125595,-1.0,-1.0,20.613,1.34246,1079,3019515
783,insert,136.093,-1.0,-1.0,-1.0,-1.0,161.593,1.36702,1094,3082298
784,search,3673.96,2538.59,1246.84,1.04347,110.722,2.17387,9.88538,0.89918,0.124243,-1.0,-1.0,48.762,1.36728,1097,3082298
785,insert,62.323,-1.0,-1.0,-1.0,-1.0,117.481,1.38435,1105,3122090
786,search,3694.12,2543.56,1248.12,1.08824,116.8,2.12064,10.8697,0.89982,0.123859,-1.0,-1.0,59.359,1.38435,1109,3122090
787,insert,58.159,-1.0,-1.0,-1.0,-1.0,85.218,1.39554,1115,3140294
788,search,3839.43,2542.41,1344.33,0.981757,127.619,2.27771,9.78827,0.90094,0.122791,-1.0,-1.0,42.494,1.39598,1118,3140294
789,insert,15.939,-1.0,-1.0,-1.0,-1.0,25.139,1.39945,1119,3147819
790,search,3826.81,2537.3,1350.6,0.933947,126.71,2.19263,8.85316,0.90049,0.123267,-1.0,-1.0,15.728,1.39945,1119,3147819
791,insert,73.209,-1.0,-1.0,-1.0,-1.0,45.301,1.41151,1124,3180668
792,search,3834.44,2550.96,1355.17,0.936811,124.63,2.2415,8.92197,0.90042,0.123442,-1.0,-1.0,15.744,1.41151,1124,3180668
793,insert,2.563,-1.0,-1.0,-1.0,-1.0,13.519,1.41199,1124,3183235
794,search,3837.39,2551.36,1355.82,0.917216,130.752,2.12023,10.3016,0.90051,0.123361,-1.0,-1.0,15.632,1.41199,1124,3183235
795,insert,134.892,-1.0,-1.0,-1.0,-1.0,150.758,1.43847,1138,3242089
796,search,3906.04,2575.38,1398.28,0.955863,122.703,2.20563,8.96474,0.9014,0.122944,-1.0,-1.0,36.679,1.43854,1140,3242089
797,insert,8.161,-1.0,-1.0,-1.0,-1.0,23.755,1.43989,1141,3247192
798,search,3928.78,2572.38,1395.88,0.958371,129.154,2.15228,8.65152,0.90203,0.12223,-1.0,-1.0,44.568,1.44016,1145,3247192
799,insert,17.563,-1.0,-1.0,-1.0,-1.0,45.255,1.44411,1148,3254626
800,search,3947.15,2556.49,1404.08,0.994113,120.737,2.10781,8.81798,0.90204,0.122409,-1.0,-1.0,15.695,1.44411,1148,3254626
801,insert,46.355,-1.0,-1.0,-1.0,-1.0,61.149,1.45218,1153,3274953
802,search,3947.87,2562.35,1405.49,0.934495,126.138,2.15328,9.01176,0.90183,0.122771,-1.0,-1.0,15.582,1.45218,1153,3274953
803,insert,1571.69,-1.0,-1.0,-1.0,-1.0,1511.68,1.81391,1330,4032688
804,search,4604.62,2804.67,1701.44,1.03278,152.817,2.11187,9.39099,0.9105,0.116725,-1.0,-1.0,595.308,1.81524,1400,4032688
805,insert,28.241,-1.0,-1.0,-1.0,-1.0,17.128,1.82143,1400,4050220
806,search,4814.69,2656.55,1739.78,0.997531,168.922,2.19636,8.59914,0.91107,0.116534,-1.0,-1.0,248.53,1.82235,1429,4050220
807,insert,24.222,-1.0,-1.0,-1.0,-1.0,85.659,1.82991,1435,4067940
808,search,4792.69,2592.49,1661.82,1.03612,153.012,2.23214,8.37958,0.91069,0.11653,-1.0,-1.0,45.406,1.83015,1438,4067940
809,insert,48.298,-1.0,-1.0,-1.0,-1.0,73.882,1.84167,1445,4099369
810,search,4873.95,2590.15,1720.29,1.01356,151.595,2.11195,9.19462,0.91106,0.11629,-1.0,-1.0,28.873,1.84167,1446,4099369
811,insert,51.987,-1.0,-1.0,-1.0,-1.0,119.98,1.85319,1461,4129509
812,search,4850.7,2584.02,1660.54,1.11221,146.611,2.63082,8.34537,0.9117,0.115432,-1.0,-1.0,45.771,1.85337,1464,4129509
813,insert,80.452,-1.0,-1.0,-1.0,-1.0,120.901,1.86931,1480,4178669
814,search,4958.24,2576.59,1732.68,1.03784,147.417,2.10567,9.00932,0.9128,0.113954,-1.0,-1.0,21.727,1.86931,1480,4178669
815,insert,6.325,-1.0,-1.0,-1.0,-1.0,29.252,1.87079,1481,4180960
816,search,5030.28,2574.87,1791.79,0.967974,154.665,2.13881,8.32997,0.9128,0.113954,-1.0,-1.0,21.843,1.87079,1481,4180960
817,insert,119.982,-1.0,-1.0,-1.0,-1.0,189.561,1.89657,1501,4255359
818,search,5101.15,2585.54,1808.81,0.977562,172.144,2.18547,8.59546,0.91374,0.113281,-1.0,-1.0,73.563,1.89731,1506,4255359
819,insert,42.263,-1.0,-1.0,-1.0,-1.0,43.815,1.90324,1510,4272706
820,search,5103.41,2579.96,1820.44,0.952022,162.435,2.0876,7.76473,0.9137,0.113434,-1.0,-1.0,20.792,1.90324,1510,4272706
821,insert,25.012,-1.0,-1.0,-1.0,-1.0,50.386,1.91008,1513,4287851
822,search,5122.38,2581.87,1823.96,0.946946,164.253,2.25072,7.53821,0.91356,0.113642,-1.0,-1.0,21.224,1.91008,1513,4287851
823,insert,61.886,-1.0,-1.0,-1.0,-1.0,107.717,1.92645,1522,4322788
824,search,5181.58,2589.54,1859.34,0.949637,168.795,2.11,8.36082,0.91368,0.113936,-1.0,-1.0,56.892,1.92691,1527,4322788
825,insert,139.831,-1.0,-1.0,-1.0,-1.0,184.299,1.95914,1544,4396408
826,search,5246.6,2588.67,1878.39,0.965653,164.65,4.81543,10.1274,0.91402,0.113636,-1.0,-1.0,66.323,1.95949,1549,4396408
827,insert,35.802,-1.0,-1.0,-1.0,-1.0,46.572,1.96753,1552,4415721
828,search,5233.55,2581.37,1858.53,1.00091,167.841,2.20301,8.20314,0.91366,0.114035,-1.0,-1.0,35.418,1.96798,1553,4415721
829,insert,806.177,-1.0,-1.0,-1.0,-1.0,885.818,2.15704,1665,4832079
830,search,5633.51,2653.41,2028.79,1.0014,183.066,2.19041,8.9726,0.91761,0.110602,-1.0,-1.0,342.398,2.16131,1703,4832079
831,insert,50.291,-1.0,-1.0,-1.0,-1.0,91.489,2.17342,1712,4864525
832,search,5644.9,2592.88,1945.91,1.10379,177.906,5.44506,9.71494,0.91786,0.110218,-1.0,-1.0,53.207,2.17399,1716,4864525
833,insert,17.153,-1.0,-1.0,-1.0,-1.0,20.695,2.17703,1716,4874443
834,search,5808.2,2592.67,2069.72,0.952381,181.668,2.10044,8.0333,0.91834,0.10994,-1.0,-1.0,35.94,2.17719,1718,4874443
835,insert,110.174,-1.0,-1.0,-1.0,-1.0,178.357,2.2039,1739,4938267
836,search,5728.54,2601.54,1958.63,1.08941,180.292,2.15451,12.0281,0.91846,0.109625,-1.0,-1.0,37.269,2.20425,1741,4938267
837,insert,31.238,-1.0,-1.0,-1.0,-1.0,63.43,2.21092,1746,4961147
838,search,5844.27,2603,2037.59,1.05866,184.211,2.56812,9.53002,0.91874,0.109448,-1.0,-1.0,21.453,2.21092,1746,4961147
839,insert,116.026,-1.0,-1.0,-1.0,-1.0,187.125,2.2405,1767,5033740
840,search,5961.82,2605.56,2108.22,1.01212,191.605,2.17005,8.40737,0.91984,0.108449,-1.0,-1.0,62.072,2.24091,1772,5033740
841,insert,73.014,-1.0,-1.0,-1.0,-1.0,127.089,2.25956,1783,5078736
842,search,5983.06,2601.45,2093.05,1.04934,183.37,2.14393,9.75288,0.92052,0.107805,-1.0,-1.0,43.668,2.25977,1785,5078736
843,insert,694.797,-1.0,-1.0,-1.0,-1.0,838.052,2.43822,1896,5467376
844,search,6423.41,2650.14,2282.98,1.02644,213.763,2.12684,9.76595,0.9234,0.105781,-1.0,-1.0,310.756,2.44091,1933,5467376
845,insert,595.487,-1.0,-1.0,-1.0,-1.0,691.484,2.5979,2037,5815547
846,search,6795.14,2621.44,2387.59,1.04159,215.752,2.49045,9.03916,0.92644,0.103448,-1.0,-1.0,241.643,2.59908,2063,5815547
847,insert,9.235,-1.0,-1.0,-1.0,-1.0,33.24,2.60124,2064,5821782
848,search,6900.05,2590.44,2433.21,1.05296,226.879,2.16568,10.4506,0.92696,0.103061,-1.0,-1.0,59.31,2.60134,2068,5821782
849,insert,2.921,-1.0,-1.0,-1.0,-1.0,41.223,2.6019,2070,5825594
850,search,6874.47,2584.7,2399,1.0589,221.044,2.78213,9.45366,0.92688,0.103147,-1.0,-1.0,27.306,2.6019,2070,5825594
851,insert,15.187,-1.0,-1.0,-1.0,-1.0,53.268,2.60505,2074,5834880
852,search,6984.49,2583.65,2464.8,0.990393,232.568,2.29277,7.97404,0.92702,0.102979,-1.0,-1.0,27.983,2.60505,2074,5834880
853,insert,56.074,-1.0,-1.0,-1.0,-1.0,80.625,2.61632,2079,5860274
854,search,6980.14,2588.05,2475.53,0.976324,227.597,2.15583,8.40663,0.92693,0.103108,-1.0,-1.0,27.473,2.61632,2079,5860274
855,insert,11.832,-1.0,-1.0,-1.0,-1.0,34.254,2.61779,2081,5866064
856,search,6741.63,2587.73,2280.86,1.12088,197.732,2.11537,9.56784,0.92717,0.102769,-1.0,-1.0,52.241,2.61815,2085,5866064
857,insert,32.953,-1.0,-1.0,-1.0,-1.0,68.011,2.62414,2091,5884456
858,search,7006.11,2582.69,2490.09,0.990908,222.217,2.10133,7.91699,0.92714,0.102807,-1.0,-1.0,38.102,2.62442,2092,5884456
859,insert,56.681,-1.0,-1.0,-1.0,-1.0,65.766,2.63573,2097,5916786
860,search,6910.03,2592.07,2379.14,1.05547,216.256,2.14157,9.98933,0.92738,0.102649,-1.0,-1.0,35.497,2.63574,2098,5916786
861,insert,10.479,-1.0,-1.0,-1.0,-1.0,51.274,2.63729,2101,5923467
862,search,6874.97,2589.77,2350.07,1.08012,215.127,2.44953,9.26134,0.92757,0.102579,-1.0,-1.0,27.245,2.63729,2101,5923467
863,insert,118.781,-1.0,-1.0,-1.0,-1.0,176.594,2.66916,2118,5997844
864,search,6879.33,2593.16,2335.47,1.1558,205.055,2.39275,9.03191,0.92637,0.104312,-1.0,-1.0,44.36,2.66932,2119,5997844
865,insert,18.654,-1.0,-1.0,-1.0,-1.0,27.145,2.67305,2119,6009561
866,search,6947.28,2595.67,2378.95,1.13225,214.625,2.13328,9.62793,0.92638,0.104308,-1.0,-1.0,30.433,2.67305,2119,6009561
867,insert,70.41,-1.0,-1.0,-1.0,-1.0,125.743,2.68927,2129,6052876
868,search,6927.54,2605.94,2336.62,1.1077,200.949,2.1015,9.26238,0.92688,0.104044,-1.0,-1.0,67.829,2.68978,2133,6052876
869,insert,9.989,-1.0,-1.0,-1.0,-1.0,37.933,2.69176,2134,6059234
870,search,6882.92,2600.06,2305.44,1.14373,198.106,2.08888,9.75529,0.92687,0.104041,-1.0,-1.0,43.584,2.69195,2135,6059234
871,insert,69.024,-1.0,-1.0,-1.0,-1.0,111.232,2.70992,2143,6098225
872,search,7210.42,2602.21,2578.84,1.01053,232.628,2.17582,8.4778,0.92702,0.103725,-1.0,-1.0,37.197,2.71,2144,6098225
873,insert,65.179,-1.0,-1.0,-1.0,-1.0,87.025,2.72549,2150,6137308
874,search,7252.95,2603.88,2588.88,0.999143,234.714,2.12785,7.95521,0.92719,0.103475,-1.0,-1.0,42.324,2.72569,2152,6137308
875,insert,25.58,-1.0,-1.0,-1.0,-1.0,38.947,2.72992,2153,6154089
876,search,7094.49,2605.78,2450.28,1.09012,227.882,2.10859,9.46428,0.92701,0.103597,-1.0,-1.0,28.987,2.72992,2153,6154089
877,insert,6.158,-1.0,-1.0,-1.0,-1.0,26.886,2.73091,2153,6156061
878,search,7120.75,2608.12,2474.17,1.10041,226.958,2.12908,9.2531,0.92709,0.10353,-1.0,-1.0,36.012,2.73095,2154,6156061
879,insert,562.956,-1.0,-1.0,-1.0,-1.0,594.66,2.8621,2221,6446004
880,search,7508.39,2631.64,2692.66,0.969374,241.273,2.0631,8.3864,0.92888,0.101857,-1.0,-1.0,196.059,2.86366,2245,6446004
881,insert,844.309,-1.0,-1.0,-1.0,-1.0,968.21,3.10037,2384,6969764
882,search,8034.49,2666.25,2905.51,1.00702,264.076,2.1424,8.09975,0.9321,0.0985104,-1.0,-1.0,365.227,3.10301,2430,6969764
883,insert,643.589,-1.0,-1.0,-1.0,-1.0,865.165,3.30183,2573,7422501
884,search,8611.83,2633.97,3071.48,0.969789,283.335,2.17227,8.15463,0.93487,0.0961859,-1.0,-1.0,312.509,3.30501,2618,7422501
885,insert,13.991,-1.0,-1.0,-1.0,-1.0,51.27,3.30843,2622,7432053
886,search,8768.17,2578.29,3103.99,0.982919,291.242,2.40385,8.23415,0.93513,0.0958773,-1.0,-1.0,46.6,3.30876,2625,7432053
887,insert,547.31,-1.0,-1.0,-1.0,-1.0,617.78,3.46342,2715,7789886
888,search,9017.43,2607.2,3184.98,1.0212,289.458,2.84615,9.38352,0.93664,0.0952044,-1.0,-1.0,242.089,3.46619,2750,7789886
889,insert,616.641,-1.0,-1.0,-1.0,-1.0,813.239,3.65219,2875,8210883
890,search,9497.97,2593.45,3311.29,1.02917,313.19,2.12109,9.51896,0.9385,0.0935871,-1.0,-1.0,305.161,3.65539,2920,8210883
891,insert,47.956,-1.0,-1.0,-1.0,-1.0,91.073,3.6665,2929,8240504
892,search,9575.71,2551.06,3295.83,1.03929,298.796,2.10904,11.667,0.93873,0.0934654,-1.0,-1.0,59.11,3.66677,2933,8240504
893,insert,77.635,-1.0,-1.0,-1.0,-1.0,120.078,3.69017,2947,8299693
894,search,9684.89,2553.59,3372.75,1.01418,299.739,2.10211,8.95255,0.93902,0.093178,-1.0,-1.0,42.807,3.69037,2948,8299693
895,insert,67.473,-1.0,-1.0,-1.0,-1.0,112.215,3.70878,2962,8349126
896,search,9734.52,2555.73,3347.45,1.0434,300.607,2.13023,9.60421,0.93941,0.0929208,-1.0,-1.0,76.784,3.70938,2966,8349126
897,delete,113.982,-1.0,-1.0,-1.0,-1.0,503.336,3.67618,2941,8268842
898,search,9507.04,2555.21,3204.76,1.08963,299.963,2.15244,12.4099,0.93908,0.092828,-1.0,-1.0,83.746,3.67695,2947,8268842
899,delete,24.281,-1.0,-1.0,-1.0,-1.0,92.145,3.67338,2944,8250527
900,search,9679.58,2548.24,3343.19,1.04889,309.666,2.15202,9.85786,0.93895,0.0930777,-1.0,-1.0,37.93,3.67339,2945,8250527
901,delete,95.952,-1.0,-1.0,-1.0,-1.0,358.421,3.65439,2925,8185565
902,search,9603.85,2540.15,3317.52,1.02964,304.412,2.10006,10.3516,0.93847,0.0932699,-1.0,-1.0,65.08,3.65487,2929,8185565
903,delete,71.664,-1.0,-1.0,-1.0,-1.0,228.145,3.62931,2909,8126915
904,search,9653.68,2533.28,3373.67,0.982307,316.391,2.16563,8.51769,0.93768,0.0936311,-1.0,-1.0,40.244,3.62931,2910,8126915
905,delete,39.955,-1.0,-1.0,-1.0,-1.0,81.693,3.62675,2908,8098533
906,search,9583.99,2524.85,3320.84,0.966789,301.78,2.08501,10.0696,0.93763,0.0936821,-1.0,-1.0,30.525,3.62675,2908,8098533
907,delete,30.343,-1.0,-1.0,-1.0,-1.0,266.772,3.6154,2898,8074833
908,search,9283.61,2525.8,3097.61,1.13641,281.817,2.15393,12.3518,0.93739,0.0939467,-1.0,-1.0,40.314,3.61562,2899,8074833
909,delete,54.036,-1.0,-1.0,-1.0,-1.0,143.86,3.61022,2894,8035274
910,search,9561.29,2517.18,3310.32,0.989511,306.135,2.16848,9.09616,0.93735,0.0938224,-1.0,-1.0,36.338,3.61022,2894,8035274
911,delete,161.687,-1.0,-1.0,-1.0,-1.0,373.989,3.5899,2876,7957223
912,search,9477.13,2502.58,3288.56,0.981954,306.028,2.14487,8.4529,0.93687,0.0940842,-1.0,-1.0,44.899,3.59014,2877,7957223
913,delete,56.491,-1.0,-1.0,-1.0,-1.0,264.866,3.57219,2860,7917554
914,search,9406.46,2503.38,3233.08,1.0304,294.75,2.10831,8.90828,0.93568,0.0948162,-1.0,-1.0,31.888,3.57219,2860,7917554
915,delete,97.891,-1.0,-1.0,-1.0,-1.0,310.228,3.5507,2838,7861503
916,search,9216.28,2503.48,3104.54,1.05182,286.941,2.15585,12.0368,0.93541,0.0952913,-1.0,-1.0,53.028,3.55098,2840,7861503
917,delete,26.02,-1.0,-1.0,-1.0,-1.0,173.781,3.5444,2835,7844487
918,search,9376.17,2499.05,3242.82,1.00922,316.851,2.1572,8.91296,0.93546,0.0951831,-1.0,-1.0,30.911,3.5444,2835,7844487
919,delete,42.456,-1.0,-1.0,-1.0,-1.0,76.947,3.542,2832,7814993
920,search,9348.09,2491.42,3234.13,0.980941,293.146,2.14237,8.63673,0.93542,0.0954277,-1.0,-1.0,29.223,3.542,2832,7814993
921,delete,28.659,-1.0,-1.0,-1.0,-1.0,223.154,3.53304,2824,7793855
922,search,9145.91,2490.67,3085.81,1.0453,280.872,2.79058,10.3801,0.9354,0.0955608,-1.0,-1.0,39.569,3.53329,2825,7793855
923,delete,70.28,-1.0,-1.0,-1.0,-1.0,310.948,3.51627,2809,7736054
924,search,9210.13,2482.78,3190.49,0.987862,271.355,2.11137,8.86392,0.93526,0.0954327,-1.0,-1.0,32.338,3.51627,2809,7736054
925,delete,221.824,-1.0,-1.0,-1.0,-1.0,1077.12,3.44017,2732,7587942
926,search,8945.69,2504.66,3029.5,1.03033,279.729,2.16343,9.4577,0.9339,0.0967681,-1.0,-1.0,196.563,3.44312,2752,7587942
927,delete,27.877,-1.0,-1.0,-1.0,-1.0,75.24,3.43871,2749,7565670
928,search,9062.44,2479.27,3134.52,0.973515,283.861,2.09302,8.62869,0.93383,0.097396,-1.0,-1.0,53.795,3.4388,2751,7565670
929,delete,59.098,-1.0,-1.0,-1.0,-1.0,97.815,3.43471,2748,7529948
930,search,9063.39,2467.75,3112.37,0.98447,305.364,2.15393,8.80166,0.93379,0.0974094,-1.0,-1.0,29.976,3.43471,2748,7529948
931,delete,703.656,-1.0,-1.0,-1.0,-1.0,4820.39,3.17546,2433,7016700
932,search,8172.31,2586.97,2901.53,0.969308,263.776,7.22249,8.65226,0.93141,0.0990332,-1.0,-1.0,664.817,3.18972,2525,7016700
933,delete,26.011,-1.0,-1.0,-1.0,-1.0,193.808,3.17519,2514,6980979
934,search,8294.9,2485.32,2850.41,1.00199,272.195,2.15272,9.32905,0.93262,0.098409,-1.0,-1.0,106.627,3.17591,2524,6980979
935,delete,27.121,-1.0,-1.0,-1.0,-1.0,187.734,3.16332,2515,6954250
936,search,8265.54,2474.91,2840.13,0.966953,269.199,2.16643,8.9057,0.93227,0.0986312,-1.0,-1.0,39.445,3.16345,2516,6954250
937,delete,30.956,-1.0,-1.0,-1.0,-1.0,142.504,3.15392,2509,6924596
938,search,8256.26,2470.97,2830.53,1.01086,256.603,2.13887,8.84571,0.93174,0.0990439,-1.0,-1.0,25.845,3.15392,2509,6924596
939,delete,159.699,-1.0,-1.0,-1.0,-1.0,560.26,3.11735,2466,6784831
940,search,8085.68,2457.08,2765.81,1.00675,257.547,2.17347,8.03399,0.93159,0.0996093,-1.0,-1.0,62.199,3.11772,2469,6784831
941,delete,74.418,-1.0,-1.0,-1.0,-1.0,30.451,3.1155,2470,6745819
942,search,8083.08,2431.45,2740.56,1.00385,253.336,2.15204,8.57742,0.93124,0.100536,-1.0,-1.0,50.373,3.1159,2472,6745819
943,delete,8.334,-1.0,-1.0,-1.0,-1.0,25.93,3.1159,2472,6740944
944,search,8133.49,2426.91,2771.55,0.971693,253.139,2.09462,8.76006,0.93115,0.100623,-1.0,-1.0,26.715,3.1159,2472,6740944
945,delete,166.553,-1.0,-1.0,-1.0,-1.0,1136.39,3.04945,2404,6627202
946,search,7858.65,2454.88,2675.75,0.977419,254.063,2.07366,10.0868,0.92983,0.10139,-1.0,-1.0,171.097,3.05153,2419,6627202
947,delete,28.639,-1.0,-1.0,-1.0,-1.0,37.935,3.04836,2418,6607194
948,search,7598.13,2431.87,2412.4,1.14952,225.157,3.56689,11.8697,0.9298,0.101671,-1.0,-1.0,101.912,3.04937,2427,6607194
949,delete,64.914,-1.0,-1.0,-1.0,-1.0,301.032,3.02317,2406,6551065
950,search,7725.28,2420.74,2573.1,1.04463,233.474,2.08324,9.52213,0.92929,0.102007,-1.0,-1.0,25.447,3.02317,2406,6551065
951,delete,45.436,-1.0,-1.0,-1.0,-1.0,115.312,3.00211,2393,6506798
952,search,7582.82,2420.83,2468.98,1.08379,213.057,2.08363,8.71755,0.92985,0.101673,-1.0,-1.0,35.404,3.00235,2394,6506798
953,delete,67.839,-1.0,-1.0,-1.0,-1.0,190.402,2.9909,2387,6459301
954,search,7479.5,2410.19,2386.58,1.15029,201.541,2.10645,8.4605,0.92999,0.10153,-1.0,-1.0,23.995,2.9909,2387,6459301
955,delete,21.532,-1.0,-1.0,-1.0,-1.0,49.752,2.98324,2383,6440069
956,search,7773.18,2408.74,2645.14,0.97434,229.746,2.09908,8.82179,0.9302,0.101074,-1.0,-1.0,24.279,2.98324,2383,6440069
957,delete,455.421,-1.0,-1.0,-1.0,-1.0,2379.63,2.81542,2215,6132470
958,search,7315.83,2465.35,2511.79,0.980667,223.734,2.04892,7.88782,0.92721,0.103445,-1.0,-1.0,215.133,2.81908,2238,6132470
959,delete,58.437,-1.0,-1.0,-1.0,-1.0,139.178,2.80382,2228,6086241
960,search,7293.72,2427.36,2444.96,1.02149,222.584,2.13002,8.78306,0.92654,0.104136,-1.0,-1.0,109.898,2.80477,2234,6086241
961,delete,36.964,-1.0,-1.0,-1.0,-1.0,65.429,2.80193,2232,6064734
962,search,7317.82,2413.39,2475.98,1.00098,230.055,2.1376,8.94282,0.92619,0.104623,-1.0,-1.0,54.396,2.80229,2233,6064734
963,delete,177.392,-1.0,-1.0,-1.0,-1.0,886.726,2.74451,2167,5967543
964,search,7187.15,2457.87,2460.03,0.981298,233.158,3.47587,8.92146,0.92645,0.104291,-1.0,-1.0,193.197,2.74719,2187,5967543
965,delete,81.673,-1.0,-1.0,-1.0,-1.0,397.307,2.72014,2159,5906381
966,search,6880.3,2427.53,2241.55,1.08394,201.272,2.13477,8.85683,0.92514,0.105538,-1.0,-1.0,94.673,2.72106,2168,5906381
967,delete,71.844,-1.0,-1.0,-1.0,-1.0,310.222,2.6992,2151,5851849
968,search,6914.76,2406.64,2276.86,1.03926,199.299,2.13339,8.60781,0.92445,0.105885,-1.0,-1.0,51.366,2.69963,2152,5851849
969,delete,85.998,-1.0,-1.0,-1.0,-1.0,282.66,2.66998,2130,5783023
970,search,6800.53,2404.11,2213.46,1.09707,201.807,2.14962,10.0333,0.92329,0.10657,-1.0,-1.0,44.842,2.67009,2131,5783023
971,delete,403.349,-1.0,-1.0,-1.0,-1.0,1901.7,2.53246,1986,5496517
972,search,6574.36,2446.67,2248.81,0.970083,215.045,2.44927,8.88685,0.92089,0.108505,-1.0,-1.0,299.562,2.53759,2018,5496517
973,delete,326.769,-1.0,-1.0,-1.0,-1.0,1617.37,2.41478,1893,5237981
974,search,6254.95,2437.55,2143.61,0.991296,184.823,2.07679,9.30479,0.91968,0.10864,-1.0,-1.0,295.929,2.42015,1925,5237981
975,delete,184.472,-1.0,-1.0,-1.0,-1.0,756.521,2.34675,1851,5099794
976,search,5953.19,2424.84,1945.29,1.06609,169.512,2.07543,10.3646,0.91898,0.110054,-1.0,-1.0,230.727,2.34899,1883,5099794
977,delete,64.912,-1.0,-1.0,-1.0,-1.0,263.363,2.32166,1863,5032210
978,search,6098.84,2356.09,2038.98,0.984188,193.439,2.17381,8.81301,0.91723,0.111182,-1.0,-1.0,69.252,2.32209,1869,5032210
979,delete,14.658,-1.0,-1.0,-1.0,-1.0,50.701,2.31822,1866,5020211
980,search,6089.39,2343.89,2043.7,1.03479,178.499,2.14918,8.31699,0.91694,0.111491,-1.0,-1.0,32.279,2.31822,1867,5020211
981,delete,159.117,-1.0,-1.0,-1.0,-1.0,507.235,2.25942,1824,4902291
982,search,5790.67,2338.69,1832.81,1.05637,170.422,2.13178,11.3395,0.91516,0.112856,-1.0,-1.0,81.993,2.26055,1829,4902291
983,delete,41.458,-1.0,-1.0,-1.0,-1.0,73.944,2.25424,1826,4872577
984,search,5970.58,2320.68,1987.08,0.97459,168.3,2.12399,9.50216,0.91518,0.113043,-1.0,-1.0,46.395,2.25453,1827,4872577
985,delete,62.02,-1.0,-1.0,-1.0,-1.0,120.76,2.24582,1820,4836730
986,search,5930.56,2306.06,1960.97,0.967085,182.285,2.15022,9.04172,0.91523,0.112917,-1.0,-1.0,28.463,2.24582,1820,4836730
987,delete,72.16,-1.0,-1.0,-1.0,-1.0,97.685,2.23808,1814,4797164
988,search,5881.55,2287.61,1933.59,0.967159,171.008,2.99881,9.20977,0.91478,0.113479,-1.0,-1.0,35.984,2.2381,1815,4797164
989,delete,28.471,-1.0,-1.0,-1.0,-1.0,25.566,2.23648,1815,4784789
990,search,5915.75,2277.65,1940.05,0.983346,187.87,2.17224,10.1118,0.9147,0.11361,-1.0,-1.0,26.468,2.23648,1815,4784789
991,delete,108.447,-1.0,-1.0,-1.0,-1.0,486.794,2.20023,1788,4705420
992,search,5847.56,2299.62,1928.79,0.982741,180.378,2.18204,9.63207,0.91618,0.112638,-1.0,-1.0,167.041,2.20167,1800,4705420
993,delete,122.605,-1.0,-1.0,-1.0,-1.0,331.787,2.16464,1776,4621807
994,search,5744.71,2262.77,1883.18,0.962904,176.23,2.16856,8.6393,0.91625,0.111981,-1.0,-1.0,132.133,2.16523,1787,4621807
995,delete,99.108,-1.0,-1.0,-1.0,-1.0,458.878,2.12694,1754,4555849
996,search,5678.34,2254.08,1855.43,0.933782,169.061,2.16634,9.59748,0.91567,0.112207,-1.0,-1.0,54.848,2.12736,1757,4555849
997,delete,41.391,-1.0,-1.0,-1.0,-1.0,201.322,2.11429,1747,4526975
998,search,5660.76,2253.91,1860.81,0.978483,159.036,2.1236,10.0042,0.9155,0.112424,-1.0,-1.0,37.132,2.11431,1748,4526975
999,delete,164.186,-1.0,-1.0,-1.0,-1.0,679.749,2.05021,1696,4408448
1000,search,5479.82,2256.2,1792.1,0.985374,164.435,2.16198,9.03923,0.91456,0.113243,-1.0,-1.0,82.35,2.05093,1702,4408448
1001,delete,165.494,-1.0,-1.0,-1.0,-1.0,779.022,1.98935,1642,4303257
1002,search,5329.91,2272.21,1754.29,0.947696,160.095,2.1983,8.71151,0.9128,0.113822,-1.0,-1.0,173.27,1.99162,1655,4303257
1003,delete,47.434,-1.0,-1.0,-1.0,-1.0,190.488,1.97219,1640,4259551
1004,search,5308.62,2257.24,1737.46,0.982959,163.518,2.17215,9.23829,0.91282,0.113775,-1.0,-1.0,45.099,1.97242,1642,4259551
1005,delete,23.624,-1.0,-1.0,-1.0,-1.0,85.329,1.9653,1635,4241434
1006,search,5288.57,2254.71,1738.32,0.953329,152.811,2.08458,8.86623,0.91218,0.114099,-1.0,-1.0,43.926,1.96577,1637,4241434
1007,delete,254.472,-1.0,-1.0,-1.0,-1.0,1160.66,1.87084,1557,4052722
1008,search,5041,2267.41,1667.52,0.999924,143.141,2.12399,8.91067,0.90908,0.116165,-1.0,-1.0,175.333,1.873,1569,4052722
1009,delete,439.79,-1.0,-1.0,-1.0,-1.0,1453.93,1.71546,1430,3738432
1010,search,4670.73,2293.11,1541.36,0.961886,144.437,4.18394,9.1892,0.90605,0.117974,-1.0,-1.0,285.349,1.71884,1456,3738432
1011,delete,519.349,-1.0,-1.0,-1.0,-1.0,1959.24,1.52775,1250,3372539
1012,search,4169.14,2408.15,1421.37,0.989617,125.784,2.19794,8.71775,0.90373,0.119678,-1.0,-1.0,296.014,1.53217,1282,3372539
1013,delete,11.018,-1.0,-1.0,-1.0,-1.0,39.82,1.52883,1279,3361432
1014,search,4222.51,2325,1409.23,0.987095,135.221,2.16512,8.92302,0.90359,0.118927,-1.0,-1.0,81.006,1.52939,1287,3361432
1015,delete,380.022,-1.0,-1.0,-1.0,-1.0,1367.93,1.39475,1154,3091692
1016,search,3886.22,2383.05,1313.91,0.982664,128.47,2.1619,9.61531,0.89805,0.122684,-1.0,-1.0,269.932,1.39925,1180,3091692
1017,delete,456.549,-1.0,-1.0,-1.0,-1.0,1735.43,1.2454,1023,2775418
1018,search,3485.69,2453.53,1209.48,0.958636,108.646,2.0751,8.59573,0.89524,0.125042,-1.0,-1.0,326.348,1.24908,1052,2775418
1019,delete,23.52,-1.0,-1.0,-1.0,-1.0,75.283,1.24173,1047,2754073
1020,search,3537.19,2380.4,1207.81,0.989858,106.666,2.1191,9.29027,0.89607,0.123999,-1.0,-1.0,79.645,1.24197,1052,2754073
1021,delete,160.346,-1.0,-1.0,-1.0,-1.0,420.006,1.19763,1012,2638917
1022,search,3383.68,2353.68,1154.58,0.927435,96.4403,2.10822,8.76759,0.89366,0.125958,-1.0,-1.0,82.79,1.19839,1017,2638917
1023,delete,129.102,-1.0,-1.0,-1.0,-1.0,378.463,1.15802,974,2556494
1024,search,3252.65,2364.87,1095,0.97622,100.706,2.15354,8.49478,0.89172,0.12808,-1.0,-1.0,67.484,1.15874,979,2556494
1025,insert,70.982,-1.0,-1.0,-1.0,-1.0,49.379,1.17257,982,2594934
1026,search,3307.41,2381.77,1139.05,0.948358,100.244,2.1716,8.87987,0.89262,0.126615,-1.0,-1.0,26.616,1.17262,983,2594934
1027,insert,357.542,-1.0,-1.0,-1.0,-1.0,441.381,1.25613,1024,2802105
1028,search,3460.59,2449.18,1213.18,1.01213,106.66,2.15436,8.12585,0.89324,0.126664,-1.0,-1.0,176.598,1.25642,1037,2802105
1029,insert,748.03,-1.0,-1.0,-1.0,-1.0,565.535,1.43043,1105,3203975
1030,search,3756.45,2688.28,1309.92,1.09038,118.153,3.16189,10.8905,0.89985,0.122289,-1.0,-1.0,167.845,1.43127,1123,3203975
1031,insert,1051.4,-1.0,-1.0,-1.0,-1.0,1006,1.71754,1208,3830566
1032,search,4311.63,2906.95,1641.8,1.00407,146.529,2.18995,9.26587,0.90486,0.119863,-1.0,-1.0,566.958,1.72141,1245,3830566
1033,insert,757.677,-1.0,-1.0,-1.0,-1.0,960.11,1.91434,1361,4252669
1034,search,4797.43,2845.95,1798.01,0.973044,156.654,2.45099,8.77997,0.91018,0.116006,-1.0,-1.0,425.791,1.91769,1408,4252669
1035,insert,385.67,-1.0,-1.0,-1.0,-1.0,515.842,2.03318,1464,4512107
1036,search,5092.35,2759.78,1873.34,0.987862,171.515,2.17578,9.91988,0.91318,0.114569,-1.0,-1.0,337.894,2.03559,1502,4512107
1037,insert,20.039,-1.0,-1.0,-1.0,-1.0,50.267,2.04066,1506,4525815
1038,search,5108.37,2688.8,1833.35,1.02038,166.922,2.15361,10.1935,0.91387,0.114067,-1.0,-1.0,136.401,2.04122,1519,4525815
1039,insert,120.076,-1.0,-1.0,-1.0,-1.0,197.199,2.07218,1546,4599215
1040,search,5137.48,2668.39,1795.76,1.10545,159.668,2.13542,8.99564,0.91484,0.113772,-1.0,-1.0,91.346,2.07264,1553,4599215
1041,insert,11.844,-1.0,-1.0,-1.0,-1.0,49.736,2.07679,1556,4609851
1042,search,5169.23,2657.31,1793.92,1.10066,161.525,2.55066,8.93456,0.91544,0.113261,-1.0,-1.0,36.144,2.07685,1558,4609851
1043,insert,26.006,-1.0,-1.0,-1.0,-1.0,59.988,2.08127,1563,4627411
1044,search,5288.68,2653.14,1876.22,1.03623,171.743,2.18378,9.80853,0.91564,0.113293,-1.0,-1.0,22.324,2.08127,1563,4627411
1045,insert,75.188,-1.0,-1.0,-1.0,-1.0,115.804,2.09567,1576,4670607
1046,search,5183.6,2654.34,1767.34,1.13296,152.314,2.47736,8.42621,0.91577,0.113191,-1.0,-1.0,28.341,2.09568,1577,4670607
1047,insert,5.927,-1.0,-1.0,-1.0,-1.0,45.952,2.09695,1580,4675386
1048,search,5408.94,2649.29,1947.18,0.951148,184.179,2.17995,9.79801,0.91598,0.112965,-1.0,-1.0,21.724,2.09695,1580,4675386
1049,insert,22.42,-1.0,-1.0,-1.0,-1.0,42.099,2.10226,1582,4689998
1050,search,5317.58,2656.05,1865.31,1.03289,170.949,2.12752,9.01948,0.9159,0.113006,-1.0,-1.0,21.048,2.10226,1582,4689998
1051,insert,172.223,-1.0,-1.0,-1.0,-1.0,242.717,2.13989,1611,4783971
1052,search,5486.64,2664.47,1974.69,0.992819,187.583,2.17076,9.37321,0.91606,0.113238,-1.0,-1.0,30.909,2.14014,1612,4783971
1053,insert,84.685,-1.0,-1.0,-1.0,-1.0,106.621,2.15864,1624,4826219
1054,search,5352.63,2666.93,1837.88,1.08908,162.512,2.15898,8.87809,0.91668,0.113034,-1.0,-1.0,30.262,2.15868,1625,4826219
1055,insert,61.496,-1.0,-1.0,-1.0,-1.0,74.949,2.17052,1631,4862355
1056,search,5577.97,2677.96,2025.13,0.957979,189.307,2.18807,8.88059,0.91681,0.112868,-1.0,-1.0,39.329,2.17075,1633,4862355
1057,insert,13.048,-1.0,-1.0,-1.0,-1.0,35.394,2.17339,1635,4869564
1058,search,5521.91,2676.96,1974.6,1.01911,180.596,2.23117,8.92504,0.91718,0.112731,-1.0,-1.0,28.907,2.17348,1636,4869564
1059,insert,54.879,-1.0,-1.0,-1.0,-1.0,124.157,2.18546,1648,4898570
1060,search,5606.73,2674.51,2020.95,1.03519,184.316,2.1591,9.48229,0.91756,0.112769,-1.0,-1.0,51.519,2.18578,1651,4898570
1061,insert,18.545,-1.0,-1.0,-1.0,-1.0,34.963,2.1897,1653,4907501
1062,search,5599.73,2675.1,2012.29,1.0047,188.233,2.16606,9.13353,0.91757,0.112748,-1.0,-1.0,21.675,2.1897,1653,4907501
1063,insert,15.611,-1.0,-1.0,-1.0,-1.0,75.316,2.19396,1658,4916386
1064,search,5536.24,2670.83,1944.22,1.04899,173.546,2.23326,7.87974,0.91776,0.112591,-1.0,-1.0,21.06,2.19396,1658,4916386
1065,insert,524.305,-1.0,-1.0,-1.0,-1.0,624.48,2.31571,1738,5194839
1066,search,5926.44,2691.32,2136.94,1.05362,199.14,2.11876,9.03377,0.91942,0.111235,-1.0,-1.0,156.618,2.31717,1757,5194839
1067,insert,11.048,-1.0,-1.0,-1.0,-1.0,35.164,2.31943,1759,5200182
1068,search,5890.67,2658.86,2086.66,1.05261,186.973,2.11988,8.41673,0.91961,0.110946,-1.0,-1.0,21.648,2.31943,1759,5200182
1069,insert,65.208,-1.0,-1.0,-1.0,-1.0,97.746,2.33378,1775,5230883
1070,search,6024.66,2642.75,2153.7,0.991604,199.785,2.21342,8.38735,0.92029,0.110243,-1.0,-1.0,32.198,2.33386,1776,5230883
1071,insert,37.407,-1.0,-1.0,-1.0,-1.0,59.763,2.34337,1780,5255659
1072,search,5945.9,2645.97,2070.46,1.09011,185.298,2.1323,8.90863,0.92057,0.11024,-1.0,-1.0,61.533,2.34384,1783,5255659
1073,insert,61.363,-1.0,-1.0,-1.0,-1.0,65.795,2.35649,1788,5281693
1074,search,6091.82,2649.04,2186.74,0.967611,212.116,2.29063,8.0776,0.9209,0.109909,-1.0,-1.0,45.466,2.35674,1790,5281693
1075,insert,20.409,-1.0,-1.0,-1.0,-1.0,60.451,2.35949,1796,5290081
1076,search,5977.35,2639.48,2090.48,1.06928,186.611,2.23902,8.98065,0.92123,0.109677,-1.0,-1.0,36.635,2.35972,1797,5290081
1077,insert,46.099,-1.0,-1.0,-1.0,-1.0,54.253,2.37068,1800,5316166
1078,search,6129.51,2648.09,2211.84,1.00017,199.074,2.12705,9.06837,0.92163,0.109206,-1.0,-1.0,57.938,2.37087,1804,5316166
1079,insert,41.225,-1.0,-1.0,-1.0,-1.0,78.868,2.37819,1813,5335531
1080,search,6136.34,2637.81,2214.38,0.971636,193.812,2.08289,9.02444,0.92135,0.109476,-1.0,-1.0,47.63,2.37839,1816,5335531
1081,insert,674.299,-1.0,-1.0,-1.0,-1.0,719.305,2.53318,1907,5678781
1082,search,6501.22,2674.91,2341.85,0.997725,223.092,2.19952,9.62032,0.92321,0.107267,-1.0,-1.0,228.032,2.53591,1936,5678781
1083,insert,1.024,-1.0,-1.0,-1.0,-1.0,22.801,2.53599,1936,5679848
1084,search,6495.39,2627.57,2298.21,1.0401,205.763,2.19417,9.09606,0.92299,0.107495,-1.0,-1.0,44.03,2.5361,1938,5679848
1085,insert,39.544,-1.0,-1.0,-1.0,-1.0,77.429,2.54541,1945,5702205
1086,search,6420.8,2630.14,2226.77,1.09099,200.631,2.12346,8.32705,0.92328,0.107108,-1.0,-1.0,31.972,2.54554,1946,5702205
1087,insert,23.967,-1.0,-1.0,-1.0,-1.0,48.99,2.55021,1949,5715514
1088,search,6527.58,2634.74,2308.09,1.05041,211.425,2.15132,9.28873,0.92348,0.106943,-1.0,-1.0,36.268,2.55046,1950,5715514
1089,insert,770.695,-1.0,-1.0,-1.0,-1.0,879.72,2.72597,2078,6103499
1090,search,7018.17,2669.29,2522.93,0.951755,234.513,2.18788,8.70995,0.92616,0.105068,-1.0,-1.0,161.845,2.72708,2097,6103499
1091,insert,76.844,-1.0,-1.0,-1.0,-1.0,159.16,2.74858,2120,6152505
1092,search,7137.62,2636.87,2553.38,0.984325,234.169,2.15808,9.1544,0.92678,0.104682,-1.0,-1.0,41.66,2.74871,2122,6152505
1093,insert,25.096,-1.0,-1.0,-1.0,-1.0,34.059,2.75573,2123,6171104
1094,search,7074.45,2633.72,2502.48,1.02516,223.272,2.17948,8.00192,0.92665,0.104647,-1.0,-1.0,27.988,2.75573,2123,6171104
1095,insert,595.092,-1.0,-1.0,-1.0,-1.0,788.238,2.92678,2231,6557850
1096,search,7457.53,2675.24,2621.73,1.08888,234.495,2.54726,8.98933,0.92863,0.102998,-1.0,-1.0,302.12,2.93019,2270,6557850
1097,insert,24.743,-1.0,-1.0,-1.0,-1.0,83.221,2.93761,2277,6579289
1098,search,7312.1,2619,2460.63,1.16866,210.406,2.10031,8.91564,0.92903,0.102764,-1.0,-1.0,104.75,2.93859,2287,6579289
1099,insert,21.799,-1.0,-1.0,-1.0,-1.0,87.441,2.94442,2296,6591442
1100,search,7373.04,2597.74,2452.6,1.18831,206.144,2.11862,9.67549,0.92897,0.102949,-1.0,-1.0,62.081,2.94486,2299,6591442
1101,insert,71.259,-1.0,-1.0,-1.0,-1.0,199.04,2.96468,2323,6633739
1102,search,7629.97,2585.27,2623.58,1.08019,234.171,2.15826,9.6027,0.92969,0.102378,-1.0,-1.0,50.081,2.96469,2325,6633739
1103,insert,151.046,-1.0,-1.0,-1.0,-1.0,254.646,3.0053,2362,6724357
1104,search,7824.06,2583.56,2740.2,1.00107,251.866,2.16299,8.68735,0.93079,0.101431,-1.0,-1.0,53.332,3.0053,2367,6724357
1105,insert,5.322,-1.0,-1.0,-1.0,-1.0,31.498,3.00625,2368,6727059
1106,search,7799.3,2573.74,2707.38,1.03761,244.067,2.13891,9.18781,0.9307,0.10145,-1.0,-1.0,25.154,3.00625,2368,6727059
1107,insert,374.835,-1.0,-1.0,-1.0,-1.0,453.206,3.10227,2433,6950869
1108,search,8061.72,2593.23,2829.72,1.02484,260.216,2.11517,8.91722,0.93158,0.100629,-1.0,-1.0,73.586,3.10254,2439,6950869
1109,insert,9.047,-1.0,-1.0,-1.0,-1.0,24.166,3.10413,2439,6958173
1110,search,8035.8,2591.08,2789.42,1.03697,251.319,2.17687,8.87623,0.93166,0.100628,-1.0,-1.0,26.138,3.10413,2439,6958173
1111,insert,74.307,-1.0,-1.0,-1.0,-1.0,141.91,3.11847,2458,6995273
1112,search,8109.11,2587.31,2829.46,1.05476,254.93,2.31832,8.8224,0.93181,0.100158,-1.0,-1.0,57.454,3.11881,2462,6995273
1113,insert,81.207,-1.0,-1.0,-1.0,-1.0,110.267,3.13875,2475,7047862
1114,search,8227.49,2585.32,2903.33,0.98516,264.455,2.1635,8.72425,0.93215,0.100128,-1.0,-1.0,75.467,3.13917,2480,7047862
1115,insert,108.876,-1.0,-1.0,-1.0,-1.0,157.615,3.16479,2498,7110727
1116,search,8265.84,2588.63,2905.43,1.01667,267.892,2.1452,9.31463,0.93261,0.099842,-1.0,-1.0,48.156,3.16493,2499,7110727
1117,insert,31.147,-1.0,-1.0,-1.0,-1.0,47.292,3.17173,2502,7125591
1118,search,8348.05,2591.86,2959.33,0.972743,274.021,2.26774,9.44944,0.93263,0.0996389,-1.0,-1.0,39.234,3.17191,2503,7125591
1119,insert,21.109,-1.0,-1.0,-1.0,-1.0,25.36,3.1762,2503,7134442
1120,search,8322.62,2595.7,2920.23,0.996233,270.302,2.15025,8.38976,0.9327,0.099598,-1.0,-1.0,28.101,3.1762,2503,7134442
1121,insert,48.96,-1.0,-1.0,-1.0,-1.0,84.413,3.18699,2509,7162109
1122,search,8309.44,2598.74,2906.81,1.02333,265.355,2.15523,8.75217,0.93313,0.099248,-1.0,-1.0,47.748,3.18722,2512,7162109
1123,insert,33.149,-1.0,-1.0,-1.0,-1.0,58.422,3.19383,2516,7179509
1124,search,8257.33,2594.43,2855.83,1.06318,256.102,2.12271,9.14633,0.93323,0.0994766,-1.0,-1.0,27.001,3.19383,2516,7179509
1125,insert,12.134,-1.0,-1.0,-1.0,-1.0,35.894,3.19531,2517,7186372
1126,search,8384.15,2595.5,2973.25,1.00888,274.72,2.15303,8.77167,0.93317,0.0995134,-1.0,-1.0,27.106,3.19531,2517,7186372
1127,insert,81.164,-1.0,-1.0,-1.0,-1.0,120.974,3.21424,2527,7231450
1128,search,8449.17,2602.29,2993.9,1.02349,275.465,2.41981,8.68664,0.93341,0.0992027,-1.0,-1.0,50.695,3.21431,2530,7231450
1129,insert,24.325,-1.0,-1.0,-1.0,-1.0,50.464,3.2181,2533,7243215
1130,search,8428.27,2599.81,2983.01,1.02412,273.939,2.14069,8.19819,0.93322,0.0993687,-1.0,-1.0,26.493,3.2181,2533,7243215
1131,insert,67.543,-1.0,-1.0,-1.0,-1.0,115.404,3.22947,2543,7276107
1132,search,8479.75,2599.53,3006.24,1.02199,273.602,2.66186,8.01478,0.93364,0.0989482,-1.0,-1.0,50.033,3.22975,2546,7276107
1133,insert,30.026,-1.0,-1.0,-1.0,-1.0,86.305,3.23697,2556,7292577
1134,search,8491.8,2590.05,2995.22,1.01039,272.615,2.13527,8.43897,0.93345,0.099196,-1.0,-1.0,40.685,3.23706,2557,7292577
1135,insert,15.87,-1.0,-1.0,-1.0,-1.0,44.669,3.24022,2559,7299867
1136,search,8529.86,2589.51,3007.32,1.00594,278.653,2.48836,8.70124,0.93346,0.099183,-1.0,-1.0,29.896,3.24022,2559,7299867
1137,insert,56.251,-1.0,-1.0,-1.0,-1.0,80.555,3.2504,2564,7323342
1138,search,8592.42,2593.08,3038.9,0.984682,286.428,2.18722,8.53579,0.93354,0.0991463,-1.0,-1.0,48.088,3.25084,2566,7323342
1139,insert,4.8,-1.0,-1.0,-1.0,-1.0,37.439,3.25172,2567,7325844
1140,search,8616.55,2590.15,3039.69,1.00264,287.025,2.15103,8.82263,0.93354,0.0991866,-1.0,-1.0,46.703,3.25193,2569,7325844
1141,insert,423.832,-1.0,-1.0,-1.0,-1.0,426.05,3.34547,2617,7540761
1142,search,8778.75,2613.08,3120.94,1.01143,297.671,2.18466,8.55391,0.93396,0.0991054,-1.0,-1.0,138.292,3.34652,2631,7540761
1143,insert,36.093,-1.0,-1.0,-1.0,-1.0,38.842,3.35341,2633,7561926
1144,search,8788.22,2602.1,3121.4,0.982615,287.378,2.15802,8.15982,0.93393,0.0992191,-1.0,-1.0,37.27,3.35353,2634,7561926
1145,insert,19.02,-1.0,-1.0,-1.0,-1.0,56.644,3.35803,2638,7571861
1146,search,8807.89,2601.59,3122.14,0.98747,289.121,2.31683,9.95924,0.93405,0.0991074,-1.0,-1.0,27.304,3.35803,2638,7571861
1147,insert,39.269,-1.0,-1.0,-1.0,-1.0,66.198,3.36543,2643,7590881
1148,search,8795.11,2604.76,3110.14,1.02546,283.791,2.76206,8.36969,0.93432,0.0990081,-1.0,-1.0,47.576,3.36584,2646,7590881
1149,insert,9.048,-1.0,-1.0,-1.0,-1.0,30.329,3.36792,2647,7595507
1150,search,8838.3,2601.16,3123.82,1.02953,283.12,2.1243,8.21915,0.93439,0.0988965,-1.0,-1.0,53.458,3.36809,2649,7595507
1151,insert,10.664,-1.0,-1.0,-1.0,-1.0,34.696,3.3701,2650,7601664
1152,search,8832.41,2600.04,3131.21,0.970351,286.02,2.18963,8.21748,0.9343,0.098989,-1.0,-1.0,30.235,3.3701,2650,7601664
1153,delete,68.866,-1.0,-1.0,-1.0,-1.0,204.117,3.36002,2643,7566707
1154,search,8850.05,2597.13,3136.14,0.98935,298.083,2.15297,9.78273,0.93438,0.0987966,-1.0,-1.0,56.484,3.36028,2644,7566707
1155,delete,236.348,-1.0,-1.0,-1.0,-1.0,1083.99,3.29543,2591,7396192
1156,search,8680.54,2592.99,3080.4,0.962204,288.968,2.18683,8.93514,0.93412,0.098891,-1.0,-1.0,118.133,3.29736,2599,7396192
1157,delete,418.416,-1.0,-1.0,-1.0,-1.0,2002.67,3.17507,2469,7079041
1158,search,8303.25,2574.97,2903.55,0.966921,276.495,2.60265,9.10669,0.93211,0.100272,-1.0,-1.0,252.003,3.17828,2498,7079041
1159,delete,536.547,-1.0,-1.0,-1.0,-1.0,1484.84,2.97457,2380,6597115
1160,search,7774.59,2492.97,2624.93,1.07038,240.469,2.26569,8.47282,0.92999,0.100221,-1.0,-1.0,187.36,2.97698,2397,6597115
1161,delete,337.732,-1.0,-1.0,-1.0,-1.0,2166.29,2.84818,2258,6308902
1162,search,7520.77,2508.79,2608.03,0.995052,245.47,2.18565,8.6061,0.92864,0.101373,-1.0,-1.0,335.975,2.85287,2295,6308902
1163,delete,136.688,-1.0,-1.0,-1.0,-1.0,817.633,2.78895,2243,6164514
1164,search,7320.98,2476.86,2481.19,1.03219,225.982,2.14087,9.42489,0.92886,0.100853,-1.0,-1.0,128.804,2.79054,2254,6164514
1165,delete,44.036,-1.0,-1.0,-1.0,-1.0,227.807,2.77722,2243,6133412
1166,search,7386.5,2464.41,2534.17,0.980176,235.754,2.15865,8.63389,0.92845,0.1016,-1.0,-1.0,50.829,2.77729,2244,6133412
1167,delete,118.686,-1.0,-1.0,-1.0,-1.0,276.188,2.76201,2230,6057218
1168,search,7345.74,2442.93,2517.31,0.989311,235.722,2.16717,9.31349,0.92803,0.101511,-1.0,-1.0,66.616,2.76242,2233,6057218
1169,delete,31.984,-1.0,-1.0,-1.0,-1.0,186.599,2.74694,2220,6028053
1170,search,7353.55,2440.47,2518.85,0.986848,242.159,2.21377,8.11927,0.92571,0.103154,-1.0,-1.0,62.332,2.74772,2223,6028053
1171,delete,41.888,-1.0,-1.0,-1.0,-1.0,112.36,2.74254,2219,6001880
1172,search,7299.88,2432.86,2480.59,1.00035,236.5,2.17068,8.5249,0.92544,0.1035,-1.0,-1.0,50.935,2.74281,2221,6001880
1173,delete,64.641,-1.0,-1.0,-1.0,-1.0,202.7,2.73092,2212,5957180
1174,search,7295.25,2417.84,2474.82,0.976915,239.802,2.22869,8.81107,0.92548,0.103461,-1.0,-1.0,43.914,2.73101,2213,5957180
1175,delete,25.011,-1.0,-1.0,-1.0,-1.0,56.766,2.72957,2212,5939326
1176,search,7280.88,2410.33,2466.99,0.993166,235.49,2.15326,8.75915,0.92553,0.103741,-1.0,-1.0,32.33,2.72957,2212,5939326
1177,delete,18.597,-1.0,-1.0,-1.0,-1.0,105.262,2.72489,2209,5924145
1178,search,7100.12,2408.54,2333.83,1.04793,212.658,2.33259,8.88717,0.92562,0.103731,-1.0,-1.0,42.945,2.72519,2210,5924145
1179,delete,87.385,-1.0,-1.0,-1.0,-1.0,403.625,2.69823,2186,5863334
1180,search,7182.42,2405.01,2434.49,0.984646,226.327,2.13463,8.11194,0.92469,0.10493,-1.0,-1.0,51.371,2.69848,2188,5863334
1181,delete,52.775,-1.0,-1.0,-1.0,-1.0,51.987,2.69584,2186,5822703
1182,search,7145.48,2386.21,2414.78,0.99347,232.556,2.18994,8.57101,0.92444,0.10523,-1.0,-1.0,31.713,2.69584,2186,5822703
1183,delete,61.266,-1.0,-1.0,-1.0,-1.0,212.639,2.68118,2175,5775807
1184,search,7111.96,2374.78,2394.73,0.976828,221.976,2.14321,8.4456,0.92415,0.105565,-1.0,-1.0,40.86,2.68137,2176,5775807
1185,delete,30.17,-1.0,-1.0,-1.0,-1.0,138.09,2.67242,2169,5750627
1186,search,7071.92,2369.37,2372.85,0.965385,230.739,2.11185,8.80743,0.9239,0.105678,-1.0,-1.0,40.156,2.67246,2170,5750627
1187,delete,199.831,-1.0,-1.0,-1.0,-1.0,1214.58,2.599,2097,5601207
1188,search,6718.89,2374.97,2204.14,1.03937,202.028,2.12529,9.25849,0.92341,0.105775,-1.0,-1.0,135.505,2.60014,2107,5601207
1189,delete,17.813,-1.0,-1.0,-1.0,-1.0,62.353,2.59614,2104,5586425
1190,search,6858.76,2364.43,2295.25,1.01699,217.64,2.16081,8.04666,0.92319,0.106168,-1.0,-1.0,32.775,2.59614,2104,5586425
1191,delete,25.151,-1.0,-1.0,-1.0,-1.0,50.628,2.5947,2103,5574023
1192,search,6862.22,2361.23,2290.05,1.00615,213.94,2.14885,8.88988,0.92308,0.106178,-1.0,-1.0,32.004,2.5947,2103,5574023
1193,delete,316.215,-1.0,-1.0,-1.0,-1.0,1417.33,2.48682,2010,5356157
1194,search,6550.67,2372.81,2183.28,0.999023,200.438,2.13031,7.7997,0.92139,0.106661,-1.0,-1.0,155.197,2.48885,2023,5356157
1195,delete,19.081,-1.0,-1.0,-1.0,-1.0,56.022,2.48626,2021,5340404
1196,search,6606.53,2350.83,2211.54,0.992503,206.99,2.13492,8.47843,0.92184,0.106419,-1.0,-1.0,29.326,2.48626,2021,5340404
1197,delete,69.986,-1.0,-1.0,-1.0,-1.0,65.151,2.47975,2018,5293259
1198,search,6565.85,2325.21,2198.47,0.968174,196.12,2.14395,8.81075,0.92156,0.10691,-1.0,-1.0,37.636,2.47983,2019,5293259
1199,delete,19.934,-1.0,-1.0,-1.0,-1.0,70.466,2.47603,2016,5279787
1200,search,6563.81,2323.13,2177.66,0.978823,208.533,2.14924,8.15585,0.92156,0.106676,-1.0,-1.0,28.816,2.47603,2016,5279787
1201,delete,99.59,-1.0,-1.0,-1.0,-1.0,396.232,2.44703,1991,5216567
1202,search,6473.48,2322.65,2155.26,1.01051,198.632,2.13605,7.92637,0.92084,0.106698,-1.0,-1.0,48.864,2.44735,1993,5216567
1203,delete,30.309,-1.0,-1.0,-1.0,-1.0,34.234,2.44509,1992,5196947
1204,search,6298.73,2310.83,1995.33,1.04849,184.537,2.15693,11.1989,0.92095,0.106983,-1.0,-1.0,48.505,2.4455,1994,5196947
1205,delete,35.38,-1.0,-1.0,-1.0,-1.0,70.188,2.43607,1990,5168447
1206,search,6458.18,2302.29,2139.23,0.996488,201.078,2.16621,8.11527,0.92114,0.106771,-1.0,-1.0,27.393,2.43607,1990,5168447
1207,delete,32.69,-1.0,-1.0,-1.0,-1.0,124.936,2.42835,1983,5146927
1208,search,6403.32,2297.06,2118.6,0.991606,191.864,2.17245,8.41306,0.92037,0.106848,-1.0,-1.0,36.666,2.42842,1984,5146927
1209,delete,397.097,-1.0,-1.0,-1.0,-1.0,1232.16,2.29078,1890,4887612
1210,search,6112.64,2294.33,2005.04,0.993505,184.3,2.15564,8.57613,0.91901,0.107401,-1.0,-1.0,95.233,2.29168,1897,4887612
1211,delete,6.832,-1.0,-1.0,-1.0,-1.0,25.215,2.29117,1897,4882301
1212,search,6091.61,2284.64,1993.29,1.04392,166.646,2.13751,8.17661,0.9195,0.106914,-1.0,-1.0,25.678,2.29117,1897,4882301
1213,delete,154.299,-1.0,-1.0,-1.0,-1.0,620.913,2.23123,1849,4780915
1214,search,6005.87,2290.74,1981.86,1.01102,183.571,3.25375,8.26584,0.91774,0.10801,-1.0,-1.0,111.457,2.23248,1857,4780915
1215,delete,20.173,-1.0,-1.0,-1.0,-1.0,37.595,2.22995,1856,4765751
1216,search,6011.65,2277.24,1965.44,0.97134,180.597,2.13647,8.65659,0.91789,0.108124,-1.0,-1.0,28.595,2.22995,1856,4765751
1217,delete,521.421,-1.0,-1.0,-1.0,-1.0,2111.75,2.05037,1665,4452306
1218,search,5489.22,2367.15,1858.73,0.962896,163.702,2.31055,8.63721,0.91326,0.112271,-1.0,-1.0,239.942,2.0534,1684,4452306
1219,delete,133.451,-1.0,-1.0,-1.0,-1.0,629.542,1.9967,1619,4362045
1220,search,5291.67,2391.74,1770.63,1.02857,167.954,3.02156,9.10938,0.9122,0.112757,-1.0,-1.0,148.189,1.99781,1633,4362045
1221,delete,50.447,-1.0,-1.0,-1.0,-1.0,61.356,1.99188,1631,4326917
1222,search,5364.05,2352.7,1806.49,0.99497,173.191,2.19386,8.96917,0.91226,0.112442,-1.0,-1.0,36.859,1.99219,1632,4326917
1223,delete,300.099,-1.0,-1.0,-1.0,-1.0,916.258,1.89274,1546,4109781
1224,search,5006.23,2359.62,1633.66,1.04319,152.707,2.1842,8.94606,0.90936,0.114209,-1.0,-1.0,171.852,1.89507,1562,4109781
1225,delete,36.257,-1.0,-1.0,-1.0,-1.0,171.235,1.88099,1551,4075879
1226,search,5083.97,2333.11,1714.77,0.98236,165.533,2.18253,9.51206,0.90875,0.114565,-1.0,-1.0,54.417,1.8813,1554,4075879
1227,delete,100.602,-1.0,-1.0,-1.0,-1.0,583.007,1.84235,1515,4006503
1228,search,4866.05,2350.25,1567.47,1.03092,138.5,2.13518,9.30138,0.90876,0.114978,-1.0,-1.0,82.301,1.84321,1521,4006503
1229,delete,125.394,-1.0,-1.0,-1.0,-1.0,640.612,1.79824,1474,3922625
1230,search,4877.85,2368.24,1650.27,0.955768,154.114,2.15594,8.6413,0.90851,0.114635,-1.0,-1.0,126.253,1.79979,1484,3922625
1231,delete,99.44,-1.0,-1.0,-1.0,-1.0,431.177,1.75941,1430,3844860
1232,search,4751.07,2406.62,1631.78,0.963039,143.653,2.46565,8.26658,0.9063,0.116154,-1.0,-1.0,123.343,1.76072,1441,3844860
1233,delete,13.486,-1.0,-1.0,-1.0,-1.0,58.084,1.75619,1438,3831414
1234,search,4653.62,2377.47,1533.62,1.0262,139.457,2.16057,8.34852,0.90584,0.116784,-1.0,-1.0,44.237,1.75641,1441,3831414
1235,delete,195.811,-1.0,-1.0,-1.0,-1.0,754.52,1.68922,1381,3684234
1236,search,4425.03,2382.03,1411.41,1.08131,130.183,2.1329,9.38378,0.90446,0.11824,-1.0,-1.0,102.78,1.69005,1391,3684234
1237,delete,16.329,-1.0,-1.0,-1.0,-1.0,35.409,1.68712,1389,3669074
1238,search,4576.62,2352.8,1557.91,0.936967,134.43,2.19682,8.31286,0.90425,0.118618,-1.0,-1.0,36.442,1.6873,1391,3669074
1239,delete,66.4,-1.0,-1.0,-1.0,-1.0,142.62,1.67246,1379,3620984
1240,search,4511.13,2330.83,1513.76,0.971475,138.883,2.22228,7.95777,0.90428,0.118788,-1.0,-1.0,18.428,1.67246,1379,3620984
1241,delete,46.85,-1.0,-1.0,-1.0,-1.0,106.309,1.66395,1372,3580113
1242,search,4480.58,2310.22,1498.17,0.966252,144.443,2.15409,9.31357,0.90353,0.119294,-1.0,-1.0,29.14,1.66397,1373,3580113
1243,delete,64.744,-1.0,-1.0,-1.0,-1.0,279.193,1.64026,1350,3533909
1244,search,4362.27,2309.77,1413.16,1.07115,131.279,2.32109,8.46927,0.90272,0.120204,-1.0,-1.0,76.601,1.64112,1355,3533909
1245,delete,18.439,-1.0,-1.0,-1.0,-1.0,75.435,1.63507,1350,3519590
1246,search,4363.68,2300.24,1412.06,1.07546,129.085,2.14697,8.53118,0.90267,0.120432,-1.0,-1.0,25.593,1.63517,1351,3519590
1247,delete,80.222,-1.0,-1.0,-1.0,-1.0,187.151,1.60103,1320,3452537
1248,search,4349.76,2317.74,1468.17,0.972276,126.791,2.11869,8.63661,0.90378,0.119014,-1.0,-1.0,63.737,1.60146,1326,3452537
1249,delete,43.841,-1.0,-1.0,-1.0,-1.0,136.683,1.58855,1317,3416711
1250,search,4336.98,2296.07,1442.15,1.01008,135.092,2.20769,9.48661,0.90293,0.119684,-1.0,-1.0,19.881,1.58855,1317,3416711
1251,delete,51.841,-1.0,-1.0,-1.0,-1.0,111.999,1.57763,1309,3387653
1252,search,4224.94,2286.67,1356.92,1.04901,124.342,3.34634,9.24213,0.90222,0.12002,-1.0,-1.0,41.987,1.57791,1311,3387653
1253,delete,28.731,-1.0,-1.0,-1.0,-1.0,90.291,1.5696,1306,3372157
1254,search,4278.74,2283.63,1408.9,1.01278,139.848,2.21069,8.49129,0.90185,0.120228,-1.0,-1.0,60.064,1.57001,1309,3372157
1255,delete,177.912,-1.0,-1.0,-1.0,-1.0,241.897,1.51516,1269,3258215
1256,search,4144.53,2278.21,1357.54,0.973876,115.543,2.13518,8.00427,0.89954,0.121339,-1.0,-1.0,55.068,1.51557,1272,3258215
1257,delete,54.933,-1.0,-1.0,-1.0,-1.0,141.113,1.49705,1261,3223657
1258,search,4157.8,2270.64,1378.03,0.991776,133.691,2.19949,9.26506,0.89845,0.122,-1.0,-1.0,42.57,1.49762,1263,3223657
1259,delete,76.94,-1.0,-1.0,-1.0,-1.0,250.689,1.47133,1242,3174982
1260,search,4095.87,2268.54,1350.1,1.00226,126.191,2.20993,8.80446,0.89753,0.122548,-1.0,-1.0,42.954,1.47156,1244,3174982
1261,delete,26.807,-1.0,-1.0,-1.0,-1.0,40.723,1.46808,1242,3157038
1262,search,4097.29,2253.26,1357.05,0.926059,115.132,2.15699,9.06416,0.89733,0.12236,-1.0,-1.0,30.647,1.46836,1243,3157038
1263,delete,149.843,-1.0,-1.0,-1.0,-1.0,562.257,1.41519,1204,3058847
1264,search,3972.09,2264.58,1324.71,0.968248,113.942,2.1321,9.04302,0.89618,0.122633,-1.0,-1.0,100.77,1.4165,1211,3058847
1265,delete,406.985,-1.0,-1.0,-1.0,-1.0,729.207,1.29469,1091,2833531
1266,search,3652.77,2315.97,1236.08,1.01118,112.115,2.9355,8.69796,0.89078,0.127057,-1.0,-1.0,170.448,1.29688,1106,2833531
1267,delete,83.33,-1.0,-1.0,-1.0,-1.0,202.824,1.27274,1091,2763793
1268,search,3551.21,2251.44,1150.54,1.02867,99.2539,2.12604,8.52954,0.89016,0.127259,-1.0,-1.0,45.289,1.27301,1093,2763793
1269,delete,226.998,-1.0,-1.0,-1.0,-1.0,452.722,1.20637,1050,2627384
1270,search,3499.6,2268.77,1160.19,0.939111,118.578,2.2162,8.89959,0.89077,0.126459,-1.0,-1.0,79.849,1.20738,1056,2627384
1271,delete,94.466,-1.0,-1.0,-1.0,-1.0,357.027,1.17388,1026,2553476
1272,search,3363.25,2261.5,1110.01,0.979234,99.7522,2.51756,7.98769,0.89049,0.126738,-1.0,-1.0,82.731,1.17454,1032,2553476
1273,delete,168.322,-1.0,-1.0,-1.0,-1.0,437.141,1.11887,986,2443067
1274,search,3257.61,2261.06,1083.46,0.94722,105.22,2.20769,9.19572,0.88802,0.12879,-1.0,-1.0,97.403,1.12011,993,2443067
1275,delete,25.389,-1.0,-1.0,-1.0,-1.0,74.769,1.11408,988,2421654
1276,search,3276.58,2240.05,1097.34,0.944785,93.662,2.22772,6.83604,0.88821,0.128379,-1.0,-1.0,18.462,1.11408,988,2421654
1277,delete,40.105,-1.0,-1.0,-1.0,-1.0,87.168,1.10525,980,2391396
1278,search,3254.76,2227.85,1085.88,0.942998,93.0007,2.13983,7.99082,0.88808,0.12828,-1.0,-1.0,18.699,1.10525,980,2391396
1279,delete,29.042,-1.0,-1.0,-1.0,-1.0,45.529,1.10224,977,2367854
1280,search,3211.46,2212.09,1066.97,0.918439,94.3906,2.1755,9.79768,0.8877,0.12839,-1.0,-1.0,18.377,1.10224,977,2367854
